Year,Quarter,Area,Field,Initial Value,First Revised Value,Second Revised Value,Third Revised Value,Fourth Revised Value,Final Value
2017,1,United States,Quarterly Establishments,9864197,9818898,9739395,9727591,9718391,9718391
2017,1,United States,January Employment,140803178,140784533,140757063,140760789,140743089,140743089
2017,1,United States,February Employment,141534347,141527436,141505486,141511022,141509780,141509780
2017,1,United States,March Employment,142309185,142328256,142302986,142310827,142293796,142293796
2017,1,United States,Total Quarterly Wages,2044748205052,2044758442298,2044336634122,2044365522525,2044527749562,2044527749562
2017,1,Alabama,Quarterly Establishments,123737,122890,122888,122888,122888,122888
2017,1,Alabama,January Employment,1904237,1902768,1902835,1902835,1902835,1902835
2017,1,Alabama,February Employment,1918111,1916485,1916520,1916520,1916520,1916520
2017,1,Alabama,March Employment,1928878,1928042,1928087,1928087,1928087,1928087
2017,1,Alabama,Total Quarterly Wages,22266480124,22243596324,22243408796,22243408796,22243408796,22243408796
2017,1,Alaska,Quarterly Establishments,22125,21897,21740,21661,21572,21572
2017,1,Alaska,January Employment,305399,305342,305079,305095,305122,305122
2017,1,Alaska,February Employment,311782,311600,311646,311582,311622,311622
2017,1,Alaska,March Employment,312766,312531,312797,312702,312750,312750
2017,1,Alaska,Total Quarterly Wages,4276512076,4226164853,4227147551,4227141905,4227762043,4227762043
2017,1,Arizona,Quarterly Establishments,156776,156398,154860,154342,154331,154331
2017,1,Arizona,January Employment,2712051,2713216,2712921,2713319,2713186,2713186
2017,1,Arizona,February Employment,2734280,2735680,2735221,2735656,2735573,2735573
2017,1,Arizona,March Employment,2743006,2745358,2744625,2745068,2745398,2745398
2017,1,Arizona,Total Quarterly Wages,35164813446,35165097611,35163147735,35163640408,35163052416,35163052416
2017,1,Arkansas,Quarterly Establishments,89613,88741,88742,88744,88744,88744
2017,1,Arkansas,January Employment,1182266,1181356,1181356,1181648,1181648,1181648
2017,1,Arkansas,February Employment,1192973,1192337,1192337,1192615,1192615,1192615
2017,1,Arkansas,March Employment,1199935,1199716,1199716,1200033,1200033,1200033
2017,1,Arkansas,Total Quarterly Wages,13301632131,13285776589,13285776589,13288115308,13288115308,13288115308
2017,1,California,Quarterly Establishments,1512484,1503073,1495461,1493271,1491883,1491883
2017,1,California,January Employment,16631435,16614615,16602063,16599785,16581533,16581533
2017,1,California,February Employment,16744624,16730498,16723214,16721075,16717004,16717004
2017,1,California,March Employment,16831355,16822534,16813082,16811553,16794032,16794032
2017,1,California,Total Quarterly Wages,281740923444,281458058264,281254655428,281200629464,281071318474,281071318474
2017,1,Colorado,Quarterly Establishments,196142,196218,196204,196204,196206,196206
2017,1,Colorado,January Employment,2544179,2544791,2545051,2545005,2545088,2545088
2017,1,Colorado,February Employment,2557354,2558090,2558396,2558356,2558428,2558428
2017,1,Colorado,March Employment,2573186,2574109,2574476,2574439,2574515,2574515
2017,1,Colorado,Total Quarterly Wages,37789973361,37804783953,37808394413,37808285029,37808433582,37808433582
2017,1,Connecticut,Quarterly Establishments,117957,117375,117416,117417,117417,117417
2017,1,Connecticut,January Employment,1647300,1646882,1646602,1646580,1646580,1646580
2017,1,Connecticut,February Employment,1643200,1643181,1642832,1642801,1642801,1642801
2017,1,Connecticut,March Employment,1651523,1651123,1650721,1650679,1650728,1650728
2017,1,Connecticut,Total Quarterly Wages,30335064144,30278649681,30274278982,30273653454,30249269755,30249269755
2017,1,Delaware,Quarterly Establishments,31552,32076,32063,31847,31816,31816
2017,1,Delaware,January Employment,431700,432779,432082,432025,432159,432159
2017,1,Delaware,February Employment,431768,432861,432139,432079,432215,432215
2017,1,Delaware,March Employment,433214,434577,433866,433611,433751,433751
2017,1,Delaware,Total Quarterly Wages,6657252577,6675670354,6667070989,6664007536,6669913505,6669913505
2017,1,District of Columbia,Quarterly Establishments,39522,39371,39354,39214,39154,39154
2017,1,District of Columbia,January Employment,750608,751764,751358,751019,750581,750581
2017,1,District of Columbia,February Employment,755095,756412,756027,755698,755270,755270
2017,1,District of Columbia,March Employment,760660,761878,761614,761267,760811,760811
2017,1,District of Columbia,Total Quarterly Wages,18513410443,18545028656,18507484865,18492877750,18488412357,18488412357
2017,1,Florida,Quarterly Establishments,679418,672655,666887,666885,666880,666880
2017,1,Florida,January Employment,8434799,8435985,8434659,8434303,8433797,8433797
2017,1,Florida,February Employment,8491074,8492375,8490935,8490574,8489963,8489963
2017,1,Florida,March Employment,8532623,8533221,8531042,8530684,8530400,8530400
2017,1,Florida,Total Quarterly Wages,104738540124,104713305782,104682118576,104679275207,104677423713,104677423713
2017,1,Georgia,Quarterly Establishments,276149,270744,270758,270762,270774,270774
2017,1,Georgia,January Employment,4267714,4260983,4260563,4259330,4259978,4259978
2017,1,Georgia,February Employment,4292451,4286040,4285457,4284178,4284832,4284832
2017,1,Georgia,March Employment,4317114,4311394,4310791,4309516,4310145,4310145
2017,1,Georgia,Total Quarterly Wages,59623662791,59548576124,59540363240,59527334501,59587203614,59587203614
2017,1,Hawaii,Quarterly Establishments,41486,41217,40815,40553,40350,40350
2017,1,Hawaii,January Employment,645777,647435,647823,648128,648283,648283
2017,1,Hawaii,February Employment,650389,652164,652570,652883,653060,653060
2017,1,Hawaii,March Employment,653564,655405,655776,656098,656262,656262
2017,1,Hawaii,Total Quarterly Wages,8058950023,8071764291,8073494344,8075422820,8076809904,8076809904
2017,1,Idaho,Quarterly Establishments,60213,60494,60425,60461,60028,60028
2017,1,Idaho,January Employment,675171,675031,674431,674395,673661,673661
2017,1,Idaho,February Employment,680983,681198,680582,680579,679828,679828
2017,1,Idaho,March Employment,690443,690072,689437,689430,688669,688669
2017,1,Idaho,Total Quarterly Wages,6877243408,6875665544,6871789627,6871464949,6864461201,6864461201
2017,1,Illinois,Quarterly Establishments,408204,406351,359397,356333,356365,356365
2017,1,Illinois,January Employment,5778438,5779899,5781297,5786458,5787451,5787451
2017,1,Illinois,February Employment,5796810,5798409,5799930,5805749,5803542,5803542
2017,1,Illinois,March Employment,5842018,5844298,5845788,5851931,5850143,5850143
2017,1,Illinois,Total Quarterly Wages,90225657347,90212822782,90207843236,90274163234,90255199257,90255199257
2017,1,Indiana,Quarterly Establishments,164061,164689,164634,164589,164585,164585
2017,1,Indiana,January Employment,2954031,2950346,2949997,2950011,2949977,2949977
2017,1,Indiana,February Employment,2965090,2962391,2962041,2962044,2961974,2961974
2017,1,Indiana,March Employment,2985799,2984087,2983881,2983907,2983819,2983819
2017,1,Indiana,Total Quarterly Wages,35426731794,35395459580,35391566949,35391245712,35391073135,35391073135
2017,1,Iowa,Quarterly Establishments,101437,100771,100770,100773,100772,100772
2017,1,Iowa,January Employment,1504723,1504095,1504058,1504058,1504058,1504058
2017,1,Iowa,February Employment,1510045,1509642,1509581,1509581,1509581,1509581
2017,1,Iowa,March Employment,1518294,1518250,1518186,1518186,1518186,1518186
2017,1,Iowa,Total Quarterly Wages,17663480819,17662749125,17662562834,17662562834,17662562834,17662562834
2017,1,Kansas,Quarterly Establishments,90918,89685,89570,89371,89181,89181
2017,1,Kansas,January Employment,1351615,1350718,1351350,1351438,1351432,1351432
2017,1,Kansas,February Employment,1361417,1360451,1361096,1361182,1361180,1361180
2017,1,Kansas,March Employment,1367956,1366941,1367579,1367663,1367661,1367661
2017,1,Kansas,Total Quarterly Wages,15700758564,15683976716,15694838553,15697058500,15697047850,15697047850
2017,1,Kentucky,Quarterly Establishments,124069,120210,120259,120357,120315,120315
2017,1,Kentucky,January Employment,1847498,1846769,1846289,1845981,1845174,1845174
2017,1,Kentucky,February Employment,1852953,1853066,1852587,1852298,1851498,1851498
2017,1,Kentucky,March Employment,1864126,1865026,1864551,1864264,1863481,1863481
2017,1,Kentucky,Total Quarterly Wages,21199921077,21200670063,21195645006,21191102009,21180133973,21180133973
2017,1,Louisiana,Quarterly Establishments,130406,130354,129663,129273,128883,128883
2017,1,Louisiana,January Employment,1881934,1885343,1885172,1885018,1885108,1885108
2017,1,Louisiana,February Employment,1897547,1901326,1901112,1900945,1900953,1900953
2017,1,Louisiana,March Employment,1901295,1905267,1905135,1904970,1904973,1904973
2017,1,Louisiana,Total Quarterly Wages,22294958397,22320765312,22325458181,22320111483,22321931225,22321931225
2017,1,Maine,Quarterly Establishments,54401,53877,53635,53365,53291,53291
2017,1,Maine,January Employment,586346,586484,586525,586619,586637,586637
2017,1,Maine,February Employment,583008,583128,583187,583320,583375,583375
2017,1,Maine,March Employment,586714,586726,586878,587054,587070,587070
2017,1,Maine,Total Quarterly Wages,6542267328,6542998939,6542998475,6543848409,6544931493,6544931493
2017,1,Maryland,Quarterly Establishments,171022,172281,172175,172184,172172,172172
2017,1,Maryland,January Employment,2597866,2597887,2598434,2598534,2598371,2598371
2017,1,Maryland,February Employment,2609484,2609456,2609940,2610136,2610029,2610029
2017,1,Maryland,March Employment,2626012,2626027,2626254,2626490,2623824,2623824
2017,1,Maryland,Total Quarterly Wages,39748713269,39747767043,39751021273,39751807356,39751189967,39751189967
2017,1,Massachusetts,Quarterly Establishments,251306,251079,250443,250193,250210,250210
2017,1,Massachusetts,January Employment,3449000,3448960,3451030,3452022,3453034,3453034
2017,1,Massachusetts,February Employment,3443705,3444329,3446696,3447753,3448845,3448845
2017,1,Massachusetts,March Employment,3464000,3465509,3468301,3469824,3471060,3471060
2017,1,Massachusetts,Total Quarterly Wages,64094422788,64170549537,64261386810,64277121360,64287582146,64287582146
2017,1,Michigan,Quarterly Establishments,241853,241822,241775,241829,241831,241831
2017,1,Michigan,January Employment,4197950,4197181,4195878,4196470,4195210,4195210
2017,1,Michigan,February Employment,4208000,4207439,4206038,4206666,4205395,4205395
2017,1,Michigan,March Employment,4230596,4230365,4229211,4229813,4228568,4228568
2017,1,Michigan,Total Quarterly Wages,57021011896,57089489937,57075387008,57063949290,57057247704,57057247704
2017,1,Minnesota,Quarterly Establishments,164726,165213,164415,164500,163607,163607
2017,1,Minnesota,January Employment,2794897,2793861,2793060,2792716,2792695,2792695
2017,1,Minnesota,February Employment,2797509,2795878,2795183,2795009,2795020,2795020
2017,1,Minnesota,March Employment,2806415,2805551,2805008,2804975,2805100,2805100
2017,1,Minnesota,Total Quarterly Wages,41807012606,41851141245,41849986757,41845875274,41852385325,41852385325
2017,1,Mississippi,Quarterly Establishments,73181,73210,72537,72374,72374,72374
2017,1,Mississippi,January Employment,1112344,1114185,1113770,1113789,1113807,1113807
2017,1,Mississippi,February Employment,1118961,1121044,1120622,1120634,1120659,1120659
2017,1,Mississippi,March Employment,1122933,1124927,1124466,1124479,1124515,1124515
2017,1,Mississippi,Total Quarterly Wages,10895179441,10904784809,10901396709,10901425558,10901716454,10901716454
2017,1,Missouri,Quarterly Establishments,201681,201317,200539,200383,199938,199938
2017,1,Missouri,January Employment,2726141,2723949,2723184,2722855,2722268,2722268
2017,1,Missouri,February Employment,2749663,2747603,2746752,2746450,2745858,2745858
2017,1,Missouri,March Employment,2766959,2764925,2764006,2763629,2763026,2763026
2017,1,Missouri,Total Quarterly Wages,33223073831,33201677038,33194670694,33195630294,33191156227,33191156227
2017,1,Montana,Quarterly Establishments,47589,47422,47414,47413,47414,47414
2017,1,Montana,January Employment,445643,445256,445147,445145,445145,445145
2017,1,Montana,February Employment,447032,446626,446503,446501,446501,446501
2017,1,Montana,March Employment,451515,451078,450938,450936,450936,450936
2017,1,Montana,Total Quarterly Wages,4660263231,4656498595,4655236636,4655200636,4655200636,4655200636
2017,1,Nebraska,Quarterly Establishments,71978,71657,71654,71654,71654,71654
2017,1,Nebraska,January Employment,950401,951115,951134,951134,951134,951134
2017,1,Nebraska,February Employment,954506,955539,955495,955495,955495,955495
2017,1,Nebraska,March Employment,960735,962048,962026,962026,962026,962026
2017,1,Nebraska,Total Quarterly Wages,10774675183,10783547497,10783247081,10783247081,10783247081,10783247081
2017,1,Nevada,Quarterly Establishments,81282,79877,79531,79005,78466,78466
2017,1,Nevada,January Employment,1292396,1293611,1293062,1292394,1292009,1292009
2017,1,Nevada,February Employment,1297029,1298374,1297848,1297028,1296802,1296802
2017,1,Nevada,March Employment,1311624,1312814,1312494,1312024,1311809,1311809
2017,1,Nevada,Total Quarterly Wages,15746738687,15758485433,15755167138,15750648062,15749993608,15749993608
2017,1,New Hampshire,Quarterly Establishments,51401,51116,51116,51116,51116,51116
2017,1,New Hampshire,January Employment,644073,643976,643864,643844,643840,643840
2017,1,New Hampshire,February Employment,641219,641230,641119,641100,641096,641096
2017,1,New Hampshire,March Employment,643191,643353,643242,643223,643219,643219
2017,1,New Hampshire,Total Quarterly Wages,8945657962,8944063420,8943216099,8943049204,8943023592,8943023592
2017,1,New Jersey,Quarterly Establishments,272007,269823,264826,263138,260631,260631
2017,1,New Jersey,January Employment,3920354,3914720,3912700,3912981,3912484,3912484
2017,1,New Jersey,February Employment,3932572,3925387,3923459,3923743,3924149,3924149
2017,1,New Jersey,March Employment,3955148,3949061,3946726,3947044,3947346,3947346
2017,1,New Jersey,Total Quarterly Wages,68187413814,68114364576,68095341670,68098425780,68079783959,68079783959
2017,1,New Mexico,Quarterly Establishments,58243,58420,58026,58026,58025,58025
2017,1,New Mexico,January Employment,797550,799147,798914,799039,799057,799057
2017,1,New Mexico,February Employment,800779,802261,802028,802151,802169,802169
2017,1,New Mexico,March Employment,803300,805472,805240,805364,805384,805384
2017,1,New Mexico,Total Quarterly Wages,8725182887,8740644908,8736496980,8737022296,8737320113,8737320113
2017,1,New York,Quarterly Establishments,646573,639084,633718,630880,629058,629058
2017,1,New York,January Employment,9071152,9065067,9059980,9059106,9059983,9059983
2017,1,New York,February Employment,9122624,9117485,9112785,9112547,9113767,9113767
2017,1,New York,March Employment,9159279,9155158,9150302,9150013,9151560,9151560
2017,1,New York,Total Quarterly Wages,182604858483,182744567436,182646023944,182639411030,182980473877,182980473877
2017,1,North Carolina,Quarterly Establishments,270016,269834,269893,269908,269926,269926
2017,1,North Carolina,January Employment,4230548,4235738,4235543,4235569,4235772,4235772
2017,1,North Carolina,February Employment,4265923,4270416,4270264,4270259,4270446,4270446
2017,1,North Carolina,March Employment,4287009,4292274,4292199,4292334,4292989,4292989
2017,1,North Carolina,Total Quarterly Wages,54915350668,54988844755,54985749748,55021549999,55022469971,55022469971
2017,1,North Dakota,Quarterly Establishments,31792,31796,31796,31796,31796,31796
2017,1,North Dakota,January Employment,403174,403208,403208,403208,403208,403208
2017,1,North Dakota,February Employment,404228,404269,404269,404269,404269,404269
2017,1,North Dakota,March Employment,405659,405765,405765,405765,405765,405765
2017,1,North Dakota,Total Quarterly Wages,5007806246,5008771104,5008771104,5008771104,5008771104,5008771104
2017,1,Ohio,Quarterly Establishments,294829,294549,294535,294512,294502,294502
2017,1,Ohio,January Employment,5238239,5236051,5236074,5235285,5235234,5235234
2017,1,Ohio,February Employment,5252245,5250965,5251267,5250365,5250296,5250296
2017,1,Ohio,March Employment,5278342,5279894,5280091,5279024,5278947,5278947
2017,1,Ohio,Total Quarterly Wages,66711457788,66711422448,66684494667,66693066693,66709397982,66709397982
2017,1,Oklahoma,Quarterly Establishments,109808,109527,109145,109139,109130,109130
2017,1,Oklahoma,January Employment,1544976,1551822,1551880,1551888,1552146,1552146
2017,1,Oklahoma,February Employment,1554332,1561553,1561578,1561586,1561845,1561845
2017,1,Oklahoma,March Employment,1563904,1571566,1571588,1571588,1571887,1571887
2017,1,Oklahoma,Total Quarterly Wages,17841647806,17927833977,17928326909,17928384904,17929374833,17929374833
2017,1,Oregon,Quarterly Establishments,149399,148226,146634,147306,147237,147237
2017,1,Oregon,January Employment,1816525,1816852,1815496,1817658,1817815,1817815
2017,1,Oregon,February Employment,1840896,1841493,1839883,1842221,1842406,1842406
2017,1,Oregon,March Employment,1855038,1856071,1853736,1856494,1856697,1856697
2017,1,Oregon,Total Quarterly Wages,23494066606,23514677695,23502746337,23527926109,23529171610,23529171610
2017,1,Pennsylvania,Quarterly Establishments,358637,354694,354683,354683,354683,354683
2017,1,Pennsylvania,January Employment,5684489,5680765,5680409,5680409,5680409,5680409
2017,1,Pennsylvania,February Employment,5688011,5685421,5685078,5685078,5685078,5685078
2017,1,Pennsylvania,March Employment,5712254,5710403,5710073,5710073,5710072,5710072
2017,1,Pennsylvania,Total Quarterly Wages,79815102795,79788866187,79784457722,79784457722,79784457266,79784457266
2017,1,Rhode Island,Quarterly Establishments,37079,37085,37040,37081,37057,37057
2017,1,Rhode Island,January Employment,463080,462610,462394,462595,462506,462506
2017,1,Rhode Island,February Employment,464068,463983,463738,463939,463850,463850
2017,1,Rhode Island,March Employment,465409,465390,464837,465032,464948,464948
2017,1,Rhode Island,Total Quarterly Wages,6366486601,6343751102,6343349026,6343372807,6343206481,6343206481
2017,1,South Carolina,Quarterly Establishments,125894,126414,126342,126320,126323,126323
2017,1,South Carolina,January Employment,1986191,1988284,1987592,1986826,1989183,1989183
2017,1,South Carolina,February Employment,2002738,2005336,2004880,2004135,2007040,2007040
2017,1,South Carolina,March Employment,2017908,2021230,2020789,2020178,2022941,2022941
2017,1,South Carolina,Total Quarterly Wages,22482950233,22511242438,22497406939,22488497972,22484774899,22484774899
2017,1,South Dakota,Quarterly Establishments,33027,33016,33015,33023,33028,33028
2017,1,South Dakota,January Employment,409270,409360,409361,409367,409364,409364
2017,1,South Dakota,February Employment,410093,410211,410214,410220,410214,410214
2017,1,South Dakota,March Employment,413371,413503,413516,413521,413515,413515
2017,1,South Dakota,Total Quarterly Wages,4377107777,4378018539,4378040436,4378127930,4378090191,4378090191
2017,1,Tennessee,Quarterly Establishments,156758,155372,155328,155272,155262,155262
2017,1,Tennessee,January Employment,2871320,2868757,2868558,2868424,2868442,2868442
2017,1,Tennessee,February Employment,2892426,2889290,2888977,2888833,2888848,2888848
2017,1,Tennessee,March Employment,2906192,2903238,2903227,2903075,2903081,2903081
2017,1,Tennessee,Total Quarterly Wages,35488492900,35473164940,35467223289,35465411707,35467338169,35467338169
2017,1,Texas,Quarterly Establishments,668046,671272,671523,671524,671524,671524
2017,1,Texas,January Employment,11788365,11793472,11792860,11793767,11792357,11792357
2017,1,Texas,February Employment,11870862,11877582,11876941,11877741,11879758,11879758
2017,1,Texas,March Employment,11924528,11934995,11934179,11935179,11935314,11935314
2017,1,Texas,Total Quarterly Wages,173379590533,173487340862,173502335517,173500743007,173472601773,173472601773
2017,1,Utah,Quarterly Establishments,96736,96508,96506,96506,96506,96506
2017,1,Utah,January Employment,1390786,1391331,1391331,1391331,1391331,1391331
2017,1,Utah,February Employment,1399435,1399969,1399969,1399969,1399969,1399969
2017,1,Utah,March Employment,1411256,1411510,1411510,1411510,1411510,1411510
2017,1,Utah,Total Quarterly Wages,16483165372,16481179059,16481179059,16481179059,16481179059,16481179059
2017,1,Vermont,Quarterly Establishments,25324,25331,25343,25343,25343,25343
2017,1,Vermont,January Employment,305895,306109,306116,306093,306093,306093
2017,1,Vermont,February Employment,305179,305534,305631,305605,305605,305605
2017,1,Vermont,March Employment,305554,305966,305908,305882,305882,305882
2017,1,Vermont,Total Quarterly Wages,3530358449,3538106704,3536783944,3536580412,3536580412,3536580412
2017,1,Virginia,Quarterly Establishments,265477,264958,264941,265006,265019,265019
2017,1,Virginia,January Employment,3755678,3754970,3754837,3755002,3755104,3755104
2017,1,Virginia,February Employment,3777541,3776891,3776850,3777202,3777316,3777316
2017,1,Virginia,March Employment,3796290,3795517,3795571,3795943,3796087,3796087
2017,1,Virginia,Total Quarterly Wages,55403630278,55369020067,55366598578,55373329021,55374061926,55374061926
2017,1,Washington,Quarterly Establishments,241056,243316,243485,243868,243937,243937
2017,1,Washington,January Employment,3165833,3166099,3166402,3167023,3167484,3167484
2017,1,Washington,February Employment,3192403,3192115,3191881,3192576,3193072,3193072
2017,1,Washington,March Employment,3225920,3225814,3225658,3226194,3226760,3226760
2017,1,Washington,Total Quarterly Wages,50459564927,50431631712,50420695326,50412935521,50383316724,50383316724
2017,1,West Virginia,Quarterly Establishments,49832,49915,49872,49738,49704,49704
2017,1,West Virginia,January Employment,672174,673467,673485,673386,673446,673446
2017,1,West Virginia,February Employment,673489,675310,675331,675215,675286,675286
2017,1,West Virginia,March Employment,678235,680783,680777,680696,680783,680783
2017,1,West Virginia,Total Quarterly Wages,7341067006,7369850038,7368524346,7368760876,7369933187,7369933187
2017,1,Wisconsin,Quarterly Establishments,170954,169832,169752,169711,169631,169631
2017,1,Wisconsin,January Employment,2779736,2780018,2779740,2779772,2779763,2779763
2017,1,Wisconsin,February Employment,2785926,2786321,2786062,2786088,2786070,2786070
2017,1,Wisconsin,March Employment,2803734,2804717,2804536,2804575,2804549,2804549
2017,1,Wisconsin,Total Quarterly Wages,33831895313,33826777864,33822611977,33825549123,33825522821,33825522821
2017,1,Wyoming,Quarterly Establishments,26021,25846,25852,25850,25852,25852
2017,1,Wyoming,January Employment,259911,260104,260109,260107,260107,260107
2017,1,Wyoming,February Employment,260515,260792,260795,260793,260793,260793
2017,1,Wyoming,March Employment,262406,262777,262784,262782,262782,262782
2017,1,Wyoming,Total Quarterly Wages,2986026258,2988780790,2988716030,2988716030,2988716030,2988716030
2017,1,Puerto Rico,Quarterly Establishments,46199,46501,46413,46190,46167,46167
2017,1,Puerto Rico,January Employment,881004,881488,882238,884960,884839,884839
2017,1,Puerto Rico,February Employment,880849,881398,882523,885508,885351,885351
2017,1,Puerto Rico,March Employment,887650,887550,888292,890265,890134,890134
2017,1,Puerto Rico,Total Quarterly Wages,6036583063,6038787324,6046427191,6063363210,6061443818,6061443818
2017,1,Virgin Islands,Quarterly Establishments,3441,3437,3447,3424,3411,3411
2017,1,Virgin Islands,January Employment,38176,38156,38224,38218,38808,38808
2017,1,Virgin Islands,February Employment,38516,38535,38604,38601,39203,39203
2017,1,Virgin Islands,March Employment,38697,38715,38786,38788,39382,39382
2017,1,Virgin Islands,Total Quarterly Wages,398619124,398772724,398857123,398742514,396383571,396383571
2017,2,United States,Quarterly Establishments,9922383,9837597,9819832,9807791,Not applicable,9807791
2017,2,United States,April Employment,143341607,143349544,143351144,143331669,Not applicable,143331669
2017,2,United States,May Employment,144489559,144481617,144484488,144483133,Not applicable,144483133
2017,2,United States,June Employment,145186369,145225899,145233129,145217072,Not applicable,145217072
2017,2,United States,Total Quarterly Wages,1913845719413,1913623023489,1913592399151,1913903345839,Not applicable,1913903345839
2017,2,Alabama,Quarterly Establishments,124206,124105,124100,124100,Not applicable,124100
2017,2,Alabama,April Employment,1934306,1934270,1934313,1934313,Not applicable,1934313
2017,2,Alabama,May Employment,1940785,1940745,1940581,1940581,Not applicable,1940581
2017,2,Alabama,June Employment,1946409,1947180,1947225,1947225,Not applicable,1947225
2017,2,Alabama,Total Quarterly Wages,21656378517,21653489561,21652063965,21652063965,Not applicable,21652063965
2017,2,Alaska,Quarterly Establishments,22064,21919,21841,21729,Not applicable,21729
2017,2,Alaska,April Employment,317079,316865,316375,316558,Not applicable,316558
2017,2,Alaska,May Employment,330315,330086,330093,330269,Not applicable,330269
2017,2,Alaska,June Employment,338394,338618,338665,338964,Not applicable,338964
2017,2,Alaska,Total Quarterly Wages,4292301146,4294992213,4297191985,4297937559,Not applicable,4297937559
2017,2,Arizona,Quarterly Establishments,158217,157260,156617,156581,Not applicable,156581
2017,2,Arizona,April Employment,2746839,2747907,2748796,2748790,Not applicable,2748790
2017,2,Arizona,May Employment,2739219,2740551,2741420,2740692,Not applicable,2740692
2017,2,Arizona,June Employment,2699634,2700462,2701221,2701170,Not applicable,2701170
2017,2,Arizona,Total Quarterly Wages,33446956110,33459807882,33465172232,33424656414,Not applicable,33424656414
2017,2,Arkansas,Quarterly Establishments,89492,88978,88984,88986,Not applicable,88986
2017,2,Arkansas,April Employment,1205174,1205126,1205423,1205423,Not applicable,1205423
2017,2,Arkansas,May Employment,1209892,1209851,1210151,1210151,Not applicable,1210151
2017,2,Arkansas,June Employment,1205977,1206402,1206720,1206720,Not applicable,1206720
2017,2,Arkansas,Total Quarterly Wages,12711301142,12707575672,12709959158,12709959158,Not applicable,12709959158
2017,2,California,Quarterly Establishments,1522450,1514135,1507497,1505681,Not applicable,1505681
2017,2,California,April Employment,16938742,16953343,16948872,16927301,Not applicable,16927301
2017,2,California,May Employment,17098726,17094638,17090548,17087361,Not applicable,17087361
2017,2,California,June Employment,17150900,17170568,17170963,17151532,Not applicable,17151532
2017,2,California,Total Quarterly Wages,268383400368,268144773071,268044762067,267973412583,Not applicable,267973412583
2017,2,Colorado,Quarterly Establishments,198362,198670,198666,198669,Not applicable,198669
2017,2,Colorado,April Employment,2584393,2585094,2585062,2585407,Not applicable,2585407
2017,2,Colorado,May Employment,2591508,2592325,2592262,2592605,Not applicable,2592605
2017,2,Colorado,June Employment,2638826,2639992,2639930,2640321,Not applicable,2640321
2017,2,Colorado,Total Quarterly Wages,35280307712,35285912677,35284729423,35290973771,Not applicable,35290973771
2017,2,Connecticut,Quarterly Establishments,118628,118457,118458,118458,Not applicable,118458
2017,2,Connecticut,April Employment,1664507,1664048,1663926,1663963,Not applicable,1663963
2017,2,Connecticut,May Employment,1683407,1682794,1682570,1682606,Not applicable,1682606
2017,2,Connecticut,June Employment,1701178,1700030,1699744,1699782,Not applicable,1699782
2017,2,Connecticut,Total Quarterly Wages,26614862526,26606060398,26603586016,26604376782,Not applicable,26604376782
2017,2,Delaware,Quarterly Establishments,31746,32323,31944,31905,Not applicable,31905
2017,2,Delaware,April Employment,438381,438582,438609,438748,Not applicable,438748
2017,2,Delaware,May Employment,441057,441342,441662,441806,Not applicable,441806
2017,2,Delaware,June Employment,446649,447698,448095,448236,Not applicable,448236
2017,2,Delaware,Total Quarterly Wages,5817467752,5817244849,5810621073,5812452285,Not applicable,5812452285
2017,2,District of Columbia,Quarterly Establishments,39048,39196,39023,38954,Not applicable,38954
2017,2,District of Columbia,April Employment,763068,763968,763892,763454,Not applicable,763454
2017,2,District of Columbia,May Employment,764970,766033,765964,765515,Not applicable,765515
2017,2,District of Columbia,June Employment,766544,767879,767880,767431,Not applicable,767431
2017,2,District of Columbia,Total Quarterly Wages,16651257465,16629324702,16623074471,16616358425,Not applicable,16616358425
2017,2,Florida,Quarterly Establishments,684893,674959,674937,674933,Not applicable,674933
2017,2,Florida,April Employment,8537406,8538001,8536946,8536412,Not applicable,8536412
2017,2,Florida,May Employment,8541170,8540489,8539403,8539058,Not applicable,8539058
2017,2,Florida,June Employment,8390550,8390456,8389311,8388710,Not applicable,8388710
2017,2,Florida,Total Quarterly Wages,99855317368,99844827353,99837000813,99832591436,Not applicable,99832591436
2017,2,Georgia,Quarterly Establishments,278119,275625,275576,275594,Not applicable,275594
2017,2,Georgia,April Employment,4334697,4329088,4329265,4329408,Not applicable,4329408
2017,2,Georgia,May Employment,4349662,4343869,4344104,4344257,Not applicable,4344257
2017,2,Georgia,June Employment,4357781,4352267,4352548,4352800,Not applicable,4352800
2017,2,Georgia,Total Quarterly Wages,54055574455,53990345976,53989705867,53993656620,Not applicable,53993656620
2017,2,Hawaii,Quarterly Establishments,41745,41401,41082,40802,Not applicable,40802
2017,2,Hawaii,April Employment,651685,653014,653431,653580,Not applicable,653580
2017,2,Hawaii,May Employment,653607,654911,655325,655483,Not applicable,655483
2017,2,Hawaii,June Employment,652986,654388,654850,655000,Not applicable,655000
2017,2,Hawaii,Total Quarterly Wages,7931186234,7939534294,7942872961,7944197291,Not applicable,7944197291
2017,2,Idaho,Quarterly Establishments,61025,61404,61423,60866,Not applicable,60866
2017,2,Idaho,April Employment,699758,699491,699500,698874,Not applicable,698874
2017,2,Idaho,May Employment,710027,709789,709788,709161,Not applicable,709161
2017,2,Idaho,June Employment,723511,723202,723202,722570,Not applicable,722570
2017,2,Idaho,Total Quarterly Wages,7068844584,7067235931,7067571397,7061186778,Not applicable,7061186778
2017,2,Illinois,Quarterly Establishments,412206,364437,361408,361422,Not applicable,361422
2017,2,Illinois,April Employment,5897052,5895568,5902553,5901168,Not applicable,5901168
2017,2,Illinois,May Employment,5956929,5956139,5962781,5962608,Not applicable,5962608
2017,2,Illinois,June Employment,6006636,6004859,6012293,6013968,Not applicable,6013968
2017,2,Illinois,Total Quarterly Wages,82217703480,82173160593,82231250899,82202939603,Not applicable,82202939603
2017,2,Indiana,Quarterly Establishments,164321,165166,165046,165039,Not applicable,165039
2017,2,Indiana,April Employment,3010000,3009330,3009892,3009921,Not applicable,3009921
2017,2,Indiana,May Employment,3037536,3037079,3037554,3037583,Not applicable,3037583
2017,2,Indiana,June Employment,3040981,3041270,3041425,3041425,Not applicable,3041425
2017,2,Indiana,Total Quarterly Wages,33834678554,33830936442,33839637041,33840147985,Not applicable,33840147985
2017,2,Iowa,Quarterly Establishments,101691,101273,101275,101275,Not applicable,101275
2017,2,Iowa,April Employment,1541469,1541194,1541194,1541194,Not applicable,1541194
2017,2,Iowa,May Employment,1553312,1553330,1553330,1553330,Not applicable,1553330
2017,2,Iowa,June Employment,1571414,1571744,1571744,1571744,Not applicable,1571744
2017,2,Iowa,Total Quarterly Wages,17239660319,17231951305,17230231287,17230231287,Not applicable,17230231287
2017,2,Kansas,Quarterly Establishments,90265,89954,89606,89414,Not applicable,89414
2017,2,Kansas,April Employment,1368057,1369190,1369260,1369260,Not applicable,1369260
2017,2,Kansas,May Employment,1374765,1375978,1376008,1376008,Not applicable,1376008
2017,2,Kansas,June Employment,1377791,1379222,1379267,1379267,Not applicable,1379267
2017,2,Kansas,Total Quarterly Wages,15165540188,15198667851,15199268698,15199268698,Not applicable,15199268698
2017,2,Kentucky,Quarterly Establishments,120800,121202,121312,121292,Not applicable,121292
2017,2,Kentucky,April Employment,1878862,1878671,1878088,1877548,Not applicable,1877548
2017,2,Kentucky,May Employment,1888621,1888347,1887797,1887234,Not applicable,1887234
2017,2,Kentucky,June Employment,1889421,1889248,1889006,1888455,Not applicable,1888455
2017,2,Kentucky,Total Quarterly Wages,21140516989,21134231965,21128068580,21123273077,Not applicable,21123273077
2017,2,Louisiana,Quarterly Establishments,131407,131126,130585,130113,Not applicable,130113
2017,2,Louisiana,April Employment,1909004,1911637,1911244,1911513,Not applicable,1911513
2017,2,Louisiana,May Employment,1918179,1920669,1920286,1920592,Not applicable,1920592
2017,2,Louisiana,June Employment,1907721,1910343,1909956,1910289,Not applicable,1910289
2017,2,Louisiana,Total Quarterly Wages,21592749772,21622896041,21618261565,21620295069,Not applicable,21620295069
2017,2,Maine,Quarterly Establishments,54358,54112,53877,53786,Not applicable,53786
2017,2,Maine,April Employment,594025,594254,594514,594477,Not applicable,594477
2017,2,Maine,May Employment,609707,609989,610358,610420,Not applicable,610420
2017,2,Maine,June Employment,629145,629655,630155,630191,Not applicable,630191
2017,2,Maine,Total Quarterly Wages,6464646589,6465585069,6472733684,6473589015,Not applicable,6473589015
2017,2,Maryland,Quarterly Establishments,171810,172792,172780,172763,Not applicable,172763
2017,2,Maryland,April Employment,2649760,2648316,2648976,2648804,Not applicable,2648804
2017,2,Maryland,May Employment,2673336,2671558,2672159,2671986,Not applicable,2671986
2017,2,Maryland,June Employment,2694828,2694505,2695285,2693114,Not applicable,2693114
2017,2,Maryland,Total Quarterly Wages,38333024836,38306876135,38310007571,38309332093,Not applicable,38309332093
2017,2,Massachusetts,Quarterly Establishments,252345,252073,251755,251800,Not applicable,251800
2017,2,Massachusetts,April Employment,3513155,3515832,3517499,3518797,Not applicable,3518797
2017,2,Massachusetts,May Employment,3550237,3553949,3555919,3557573,Not applicable,3557573
2017,2,Massachusetts,June Employment,3604525,3610031,3611711,3613394,Not applicable,3613394
2017,2,Massachusetts,Total Quarterly Wages,59064364505,59123615209,59133431945,59157206868,Not applicable,59157206868
2017,2,Michigan,Quarterly Establishments,242874,245005,245063,245066,Not applicable,245066
2017,2,Michigan,April Employment,4265874,4266923,4266051,4264156,Not applicable,4264156
2017,2,Michigan,May Employment,4331814,4333539,4332709,4330991,Not applicable,4330991
2017,2,Michigan,June Employment,4365335,4368463,4367683,4365962,Not applicable,4365962
2017,2,Michigan,Total Quarterly Wages,54409445575,54417313635,54403275871,54402995641,Not applicable,54402995641
2017,2,Minnesota,Quarterly Establishments,168986,167984,167994,167074,Not applicable,167074
2017,2,Minnesota,April Employment,2838188,2837278,2837802,2838182,Not applicable,2838182
2017,2,Minnesota,May Employment,2875254,2874604,2875248,2875600,Not applicable,2875600
2017,2,Minnesota,June Employment,2902072,2902132,2902907,2903438,Not applicable,2903438
2017,2,Minnesota,Total Quarterly Wages,38730319693,38735310948,38748000240,38757614227,Not applicable,38757614227
2017,2,Mississippi,Quarterly Establishments,73384,72815,72625,72624,Not applicable,72624
2017,2,Mississippi,April Employment,1129815,1129461,1129465,1129413,Not applicable,1129413
2017,2,Mississippi,May Employment,1132238,1131913,1131924,1131828,Not applicable,1131828
2017,2,Mississippi,June Employment,1128924,1128525,1128537,1128412,Not applicable,1128412
2017,2,Mississippi,Total Quarterly Wages,10755987127,10751351865,10751640325,10751166951,Not applicable,10751166951
2017,2,Missouri,Quarterly Establishments,206642,205651,205196,204479,Not applicable,204479
2017,2,Missouri,April Employment,2800241,2798706,2797481,2796931,Not applicable,2796931
2017,2,Missouri,May Employment,2812066,2810546,2809312,2808862,Not applicable,2808862
2017,2,Missouri,June Employment,2818747,2817474,2816257,2815760,Not applicable,2815760
2017,2,Missouri,Total Quarterly Wages,32467363071,32451020656,32437933416,32434401704,Not applicable,32434401704
2017,2,Montana,Quarterly Establishments,48257,48268,48272,48271,Not applicable,48271
2017,2,Montana,April Employment,457476,457395,457338,457338,Not applicable,457338
2017,2,Montana,May Employment,465740,465576,465532,465532,Not applicable,465532
2017,2,Montana,June Employment,473600,473429,473354,473354,Not applicable,473354
2017,2,Montana,Total Quarterly Wages,4823995868,4823708443,4823575802,4823575347,Not applicable,4823575347
2017,2,Nebraska,Quarterly Establishments,72626,72634,72633,72633,Not applicable,72633
2017,2,Nebraska,April Employment,970671,971036,971025,971025,Not applicable,971025
2017,2,Nebraska,May Employment,978889,979118,978974,978974,Not applicable,978974
2017,2,Nebraska,June Employment,983974,984471,984517,984517,Not applicable,984517
2017,2,Nebraska,Total Quarterly Wages,10589331646,10589099680,10589093039,10589093039,Not applicable,10589093039
2017,2,Nevada,Quarterly Establishments,80650,80581,79875,79138,Not applicable,79138
2017,2,Nevada,April Employment,1313129,1312856,1311959,1311842,Not applicable,1311842
2017,2,Nevada,May Employment,1326264,1325440,1324549,1324436,Not applicable,1324436
2017,2,Nevada,June Employment,1333476,1333026,1331268,1331160,Not applicable,1331160
2017,2,Nevada,Total Quarterly Wages,15495408501,15490477153,15488466635,15486631531,Not applicable,15486631531
2017,2,New Hampshire,Quarterly Establishments,52055,51846,51848,51848,Not applicable,51848
2017,2,New Hampshire,April Employment,647138,646971,646965,646930,Not applicable,646930
2017,2,New Hampshire,May Employment,655315,655140,655125,655133,Not applicable,655133
2017,2,New Hampshire,June Employment,665432,665385,665384,665395,Not applicable,665395
2017,2,New Hampshire,Total Quarterly Wages,8657641281,8657043154,8656941651,8656958481,Not applicable,8656958481
2017,2,New Jersey,Quarterly Establishments,272782,268314,266431,263823,Not applicable,263823
2017,2,New Jersey,April Employment,3986471,3985381,3984901,3985265,Not applicable,3985265
2017,2,New Jersey,May Employment,4045590,4043715,4043292,4043624,Not applicable,4043624
2017,2,New Jersey,June Employment,4123456,4121273,4120951,4121165,Not applicable,4121165
2017,2,New Jersey,Total Quarterly Wages,61781684396,61800450582,61802138448,61800625520,Not applicable,61800625520
2017,2,New Mexico,Quarterly Establishments,58468,57772,57769,57767,Not applicable,57767
2017,2,New Mexico,April Employment,810845,811363,811417,811434,Not applicable,811434
2017,2,New Mexico,May Employment,813918,814929,814989,815007,Not applicable,815007
2017,2,New Mexico,June Employment,815361,815027,815098,815110,Not applicable,815110
2017,2,New Mexico,Total Quarterly Wages,8706583918,8710772546,8710727122,8711079934,Not applicable,8711079934
2017,2,New York,Quarterly Establishments,648618,642348,638574,636021,Not applicable,636021
2017,2,New York,April Employment,9229667,9223964,9223074,9223298,Not applicable,9223298
2017,2,New York,May Employment,9331649,9326602,9325334,9325864,Not applicable,9325864
2017,2,New York,June Employment,9417378,9413765,9412229,9415218,Not applicable,9415218
2017,2,New York,Total Quarterly Wages,149970856570,149979856567,149981202061,150417320920,Not applicable,150417320920
2017,2,North Carolina,Quarterly Establishments,272046,272378,272381,272418,Not applicable,272418
2017,2,North Carolina,April Employment,4318845,4312046,4311699,4312098,Not applicable,4312098
2017,2,North Carolina,May Employment,4354938,4348032,4347610,4348029,Not applicable,4348029
2017,2,North Carolina,June Employment,4361440,4356185,4355760,4356433,Not applicable,4356433
2017,2,North Carolina,Total Quarterly Wages,50968844062,50905818298,50935863871,50938380757,Not applicable,50938380757
2017,2,North Dakota,Quarterly Establishments,31896,31898,31903,31903,Not applicable,31903
2017,2,North Dakota,April Employment,412900,413015,413040,413040,Not applicable,413040
2017,2,North Dakota,May Employment,419510,419580,419618,419618,Not applicable,419618
2017,2,North Dakota,June Employment,422653,422767,422821,422821,Not applicable,422821
2017,2,North Dakota,Total Quarterly Wages,5184762931,5186606539,5187531392,5187531392,Not applicable,5187531392
2017,2,Ohio,Quarterly Establishments,295181,296029,296010,296002,Not applicable,296002
2017,2,Ohio,April Employment,5344000,5346393,5345292,5345160,Not applicable,5345160
2017,2,Ohio,May Employment,5406297,5409300,5408226,5406150,Not applicable,5406150
2017,2,Ohio,June Employment,5422787,5427717,5426806,5424490,Not applicable,5424490
2017,2,Ohio,Total Quarterly Wages,63906662585,63946946968,63916846172,63915980078,Not applicable,63915980078
2017,2,Oklahoma,Quarterly Establishments,110423,110180,110095,110081,Not applicable,110081
2017,2,Oklahoma,April Employment,1580285,1582657,1582720,1582717,Not applicable,1582717
2017,2,Oklahoma,May Employment,1585660,1588107,1588165,1588162,Not applicable,1588162
2017,2,Oklahoma,June Employment,1583759,1587364,1587369,1587369,Not applicable,1587369
2017,2,Oklahoma,Total Quarterly Wages,17399707474,17482197628,17482629349,17482601324,Not applicable,17482601324
2017,2,Oregon,Quarterly Establishments,150167,149934,150045,149103,Not applicable,149103
2017,2,Oregon,April Employment,1872564,1873016,1874158,1875255,Not applicable,1875255
2017,2,Oregon,May Employment,1887128,1888482,1889908,1891247,Not applicable,1891247
2017,2,Oregon,June Employment,1912562,1915132,1916863,1918517,Not applicable,1918517
2017,2,Oregon,Total Quarterly Wages,23767328618,23786876543,23800672208,23810394590,Not applicable,23810394590
2017,2,Pennsylvania,Quarterly Establishments,360055,353738,353738,353737,Not applicable,353737
2017,2,Pennsylvania,April Employment,5783463,5779805,5779870,5779870,Not applicable,5779870
2017,2,Pennsylvania,May Employment,5837578,5834046,5834266,5834266,Not applicable,5834266
2017,2,Pennsylvania,June Employment,5859368,5857730,5858018,5858018,Not applicable,5858018
2017,2,Pennsylvania,Total Quarterly Wages,75711002367,75694788484,75701002901,75701002901,Not applicable,75701002901
2017,2,Rhode Island,Quarterly Establishments,37281,37288,37321,37297,Not applicable,37297
2017,2,Rhode Island,April Employment,473700,473729,474101,474024,Not applicable,474024
2017,2,Rhode Island,May Employment,480889,480953,481328,481249,Not applicable,481249
2017,2,Rhode Island,June Employment,487311,487122,487521,487443,Not applicable,487443
2017,2,Rhode Island,Total Quarterly Wages,6126144048,6133084806,6133649526,6133373549,Not applicable,6133373549
2017,2,South Carolina,Quarterly Establishments,128123,128056,128024,128042,Not applicable,128042
2017,2,South Carolina,April Employment,2031330,2032193,2031607,2034425,Not applicable,2034425
2017,2,South Carolina,May Employment,2044792,2046029,2045437,2048136,Not applicable,2048136
2017,2,South Carolina,June Employment,2053851,2055706,2055338,2056226,Not applicable,2056226
2017,2,South Carolina,Total Quarterly Wages,22166716051,22171816655,22163606931,22160550385,Not applicable,22160550385
2017,2,South Dakota,Quarterly Establishments,33227,33200,33202,33207,Not applicable,33207
2017,2,South Dakota,April Employment,419713,419726,419727,419720,Not applicable,419720
2017,2,South Dakota,May Employment,427954,427996,427995,427989,Not applicable,427989
2017,2,South Dakota,June Employment,435475,435585,435593,435586,Not applicable,435586
2017,2,South Dakota,Total Quarterly Wages,4365206579,4366065708,4366085362,4365998045,Not applicable,4365998045
2017,2,Tennessee,Quarterly Establishments,157230,156421,156334,156310,Not applicable,156310
2017,2,Tennessee,April Employment,2926584,2925296,2925357,2925229,Not applicable,2925229
2017,2,Tennessee,May Employment,2936584,2935184,2935235,2935088,Not applicable,2935088
2017,2,Tennessee,June Employment,2948080,2947705,2947780,2947617,Not applicable,2947617
2017,2,Tennessee,Total Quarterly Wages,34582714796,34577404998,34578532922,34580327378,Not applicable,34580327378
2017,2,Texas,Quarterly Establishments,671469,673846,673975,673977,Not applicable,673977
2017,2,Texas,April Employment,11960768,11965661,11966669,11966786,Not applicable,11966786
2017,2,Texas,May Employment,12019329,12022705,12023711,12023675,Not applicable,12023675
2017,2,Texas,June Employment,12059558,12065788,12066762,12066719,Not applicable,12066719
2017,2,Texas,Total Quarterly Wages,160380645571,160417941314,160426124078,160425320952,Not applicable,160425320952
2017,2,Utah,Quarterly Establishments,98478,98114,98110,98114,Not applicable,98114
2017,2,Utah,April Employment,1420549,1418796,1418777,1418792,Not applicable,1418792
2017,2,Utah,May Employment,1428782,1427189,1427175,1427190,Not applicable,1427190
2017,2,Utah,June Employment,1440251,1434987,1434970,1434984,Not applicable,1434984
2017,2,Utah,Total Quarterly Wages,16015712284,15989193996,15989097255,15989193263,Not applicable,15989193263
2017,2,Vermont,Quarterly Establishments,25589,25556,25557,25558,Not applicable,25558
2017,2,Vermont,April Employment,304891,304903,304866,304861,Not applicable,304861
2017,2,Vermont,May Employment,307621,307624,307586,307580,Not applicable,307580
2017,2,Vermont,June Employment,314245,314913,314854,314822,Not applicable,314822
2017,2,Vermont,Total Quarterly Wages,3495195878,3495767960,3495652796,3495775903,Not applicable,3495775903
2017,2,Virginia,Quarterly Establishments,269605,269303,269309,269298,Not applicable,269298
2017,2,Virginia,April Employment,3829211,3829444,3829758,3829857,Not applicable,3829857
2017,2,Virginia,May Employment,3855004,3855850,3856374,3856468,Not applicable,3856468
2017,2,Virginia,June Employment,3886605,3888262,3888982,3889094,Not applicable,3889094
2017,2,Virginia,Total Quarterly Wages,52496176914,52479860867,52485700341,52486985119,Not applicable,52486985119
2017,2,Washington,Quarterly Establishments,239208,239886,241943,242144,Not applicable,242144
2017,2,Washington,April Employment,3255432,3256184,3255658,3256285,Not applicable,3256285
2017,2,Washington,May Employment,3287418,3287852,3287422,3288096,Not applicable,3288096
2017,2,Washington,June Employment,3352497,3354517,3353249,3353974,Not applicable,3353974
2017,2,Washington,Total Quarterly Wages,48935890806,48895025669,48883824829,48865785063,Not applicable,48865785063
2017,2,West Virginia,Quarterly Establishments,50106,50273,50138,50102,Not applicable,50102
2017,2,West Virginia,April Employment,684226,684626,684691,684771,Not applicable,684771
2017,2,West Virginia,May Employment,689103,689662,689821,689891,Not applicable,689891
2017,2,West Virginia,June Employment,690889,692385,691851,691936,Not applicable,691936
2017,2,West Virginia,Total Quarterly Wages,7403523903,7412827136,7413576959,7414696188,Not applicable,7414696188
2017,2,Wisconsin,Quarterly Establishments,171677,171654,171600,171516,Not applicable,171516
2017,2,Wisconsin,April Employment,2833043,2834502,2834569,2834575,Not applicable,2834575
2017,2,Wisconsin,May Employment,2864341,2866274,2866308,2866317,Not applicable,2866317
2017,2,Wisconsin,June Employment,2905292,2908457,2908519,2908532,Not applicable,2908532
2017,2,Wisconsin,Total Quarterly Wages,32643715000,32653150420,32654356263,32654430207,Not applicable,32654430207
2017,2,Wyoming,Quarterly Establishments,26082,26058,26075,26076,Not applicable,26076
2017,2,Wyoming,April Employment,263169,263429,263477,263477,Not applicable,263477
2017,2,Wyoming,May Employment,270927,271169,271252,271252,Not applicable,271252
2017,2,Wyoming,June Employment,280190,280588,280692,280692,Not applicable,280692
2017,2,Wyoming,Total Quarterly Wages,3089111289,3092199082,3093448688,3093448688,Not applicable,3093448688
2017,2,Puerto Rico,Quarterly Establishments,46948,46877,46575,46551,Not applicable,46551
2017,2,Puerto Rico,April Employment,881450,881236,882596,882500,Not applicable,882500
2017,2,Puerto Rico,May Employment,877614,877771,879269,879074,Not applicable,879074
2017,2,Puerto Rico,June Employment,873566,873318,873827,873625,Not applicable,873625
2017,2,Puerto Rico,Total Quarterly Wages,5878455697,5880749004,5891524471,5889183403,Not applicable,5889183403
2017,2,Virgin Islands,Quarterly Establishments,3292,3395,3367,3355,Not applicable,3355
2017,2,Virgin Islands,April Employment,38763,38862,38788,39427,Not applicable,39427
2017,2,Virgin Islands,May Employment,38483,38526,38454,39102,Not applicable,39102
2017,2,Virgin Islands,June Employment,38573,38505,38435,39070,Not applicable,39070
2017,2,Virgin Islands,Total Quarterly Wages,382432714,379117731,378363032,378714298,Not applicable,378714298
2017,3,United States,Quarterly Establishments,9916475,9890145,9871253,Not applicable,Not applicable,9871253
2017,3,United States,July Employment,142959388,143029533,143032406,Not applicable,Not applicable,143032406
2017,3,United States,August Employment,143756485,143832863,143838052,Not applicable,Not applicable,143838052
2017,3,United States,September Employment,144464425,144566835,144543061,Not applicable,Not applicable,144543061
2017,3,United States,Total Quarterly Wages,1907391673983,1907767311340,1907970303457,Not applicable,Not applicable,1907970303457
2017,3,Alabama,Quarterly Establishments,125475,125241,125237,Not applicable,Not applicable,125237
2017,3,Alabama,July Employment,1928564,1930585,1930604,Not applicable,Not applicable,1930604
2017,3,Alabama,August Employment,1936452,1938615,1938635,Not applicable,Not applicable,1938635
2017,3,Alabama,September Employment,1941051,1942399,1942328,Not applicable,Not applicable,1942328
2017,3,Alabama,Total Quarterly Wages,21611940858,21616821996,21616835805,Not applicable,Not applicable,21616835805
2017,3,Alaska,Quarterly Establishments,22158,22057,21976,Not applicable,Not applicable,21976
2017,3,Alaska,July Employment,338061,337527,337794,Not applicable,Not applicable,337794
2017,3,Alaska,August Employment,340510,340132,340363,Not applicable,Not applicable,340363
2017,3,Alaska,September Employment,335445,335199,335365,Not applicable,Not applicable,335365
2017,3,Alaska,Total Quarterly Wages,4505202185,4509714858,4510831230,Not applicable,Not applicable,4510831230
2017,3,Arizona,Quarterly Establishments,158620,158465,158404,Not applicable,Not applicable,158404
2017,3,Arizona,July Employment,2636751,2637744,2637600,Not applicable,Not applicable,2637600
2017,3,Arizona,August Employment,2728403,2729223,2729127,Not applicable,Not applicable,2729127
2017,3,Arizona,September Employment,2760097,2761147,2761048,Not applicable,Not applicable,2761048
2017,3,Arizona,Total Quarterly Wages,33361289191,33363931840,33363841753,Not applicable,Not applicable,33363841753
2017,3,Arkansas,Quarterly Establishments,89714,89429,89434,Not applicable,Not applicable,89434
2017,3,Arkansas,July Employment,1158131,1157995,1157933,Not applicable,Not applicable,1157933
2017,3,Arkansas,August Employment,1188682,1188856,1188796,Not applicable,Not applicable,1188796
2017,3,Arkansas,September Employment,1213041,1213906,1213845,Not applicable,Not applicable,1213845
2017,3,Arkansas,Total Quarterly Wages,12156627813,12155952560,12156505443,Not applicable,Not applicable,12156505443
2017,3,California,Quarterly Establishments,1534663,1527170,1521269,Not applicable,Not applicable,1521269
2017,3,California,July Employment,16943604,16956154,16951691,Not applicable,Not applicable,16951691
2017,3,California,August Employment,17036178,17051206,17047428,Not applicable,Not applicable,17047428
2017,3,California,September Employment,17153362,17178184,17154015,Not applicable,Not applicable,17154015
2017,3,California,Total Quarterly Wages,269230288868,269105806904,269042351925,Not applicable,Not applicable,269042351925
2017,3,Colorado,Quarterly Establishments,199951,200237,200238,Not applicable,Not applicable,200238
2017,3,Colorado,July Employment,2631120,2632516,2632897,Not applicable,Not applicable,2632897
2017,3,Colorado,August Employment,2634440,2635923,2636331,Not applicable,Not applicable,2636331
2017,3,Colorado,September Employment,2625944,2627506,2627944,Not applicable,Not applicable,2627944
2017,3,Colorado,Total Quarterly Wages,36499744922,36513662641,36519168145,Not applicable,Not applicable,36519168145
2017,3,Connecticut,Quarterly Establishments,119177,119182,119184,Not applicable,Not applicable,119184
2017,3,Connecticut,July Employment,1659248,1659773,1659695,Not applicable,Not applicable,1659695
2017,3,Connecticut,August Employment,1653805,1653992,1653897,Not applicable,Not applicable,1653897
2017,3,Connecticut,September Employment,1676339,1676536,1676353,Not applicable,Not applicable,1676353
2017,3,Connecticut,Total Quarterly Wages,25487063020,25525522413,25525525813,Not applicable,Not applicable,25525525813
2017,3,Delaware,Quarterly Establishments,32286,32379,32106,Not applicable,Not applicable,32106
2017,3,Delaware,July Employment,446107,448025,448244,Not applicable,Not applicable,448244
2017,3,Delaware,August Employment,444094,446003,446219,Not applicable,Not applicable,446219
2017,3,Delaware,September Employment,443029,444907,445132,Not applicable,Not applicable,445132
2017,3,Delaware,Total Quarterly Wages,5927686718,5926130372,5928710293,Not applicable,Not applicable,5928710293
2017,3,District of Columbia,Quarterly Establishments,40436,40396,40308,Not applicable,Not applicable,40308
2017,3,District of Columbia,July Employment,764357,765411,765141,Not applicable,Not applicable,765141
2017,3,District of Columbia,August Employment,760939,761949,761683,Not applicable,Not applicable,761683
2017,3,District of Columbia,September Employment,764675,765469,765345,Not applicable,Not applicable,765345
2017,3,District of Columbia,Total Quarterly Wages,17458773097,17462340193,17452341167,Not applicable,Not applicable,17452341167
2017,3,Florida,Quarterly Establishments,677160,672127,672145,Not applicable,Not applicable,672145
2017,3,Florida,July Employment,8296077,8301322,8301309,Not applicable,Not applicable,8301309
2017,3,Florida,August Employment,8454042,8456555,8456099,Not applicable,Not applicable,8456099
2017,3,Florida,September Employment,8305778,8306870,8306755,Not applicable,Not applicable,8306755
2017,3,Florida,Total Quarterly Wages,97337548797,97326822431,97326481594,Not applicable,Not applicable,97326481594
2017,3,Georgia,Quarterly Establishments,275995,274400,274381,Not applicable,Not applicable,274381
2017,3,Georgia,July Employment,4322333,4324737,4325009,Not applicable,Not applicable,4325009
2017,3,Georgia,August Employment,4358991,4361867,4361955,Not applicable,Not applicable,4361955
2017,3,Georgia,September Employment,4343488,4347663,4347876,Not applicable,Not applicable,4347876
2017,3,Georgia,Total Quarterly Wages,54247178363,54250707178,54259303323,Not applicable,Not applicable,54259303323
2017,3,Hawaii,Quarterly Establishments,41911,41670,41289,Not applicable,Not applicable,41289
2017,3,Hawaii,July Employment,644888,646560,646808,Not applicable,Not applicable,646808
2017,3,Hawaii,August Employment,644146,645839,646112,Not applicable,Not applicable,646112
2017,3,Hawaii,September Employment,652474,654190,654450,Not applicable,Not applicable,654450
2017,3,Hawaii,Total Quarterly Wages,8016429693,8027930518,8029698074,Not applicable,Not applicable,8029698074
2017,3,Idaho,Quarterly Establishments,61745,62366,61604,Not applicable,Not applicable,61604
2017,3,Idaho,July Employment,719945,719768,719279,Not applicable,Not applicable,719279
2017,3,Idaho,August Employment,721895,721835,721388,Not applicable,Not applicable,721388
2017,3,Idaho,September Employment,722298,722073,721616,Not applicable,Not applicable,721616
2017,3,Idaho,Total Quarterly Wages,7291692522,7314960975,7311331039,Not applicable,Not applicable,7311331039
2017,3,Illinois,Quarterly Establishments,367292,363628,363575,Not applicable,Not applicable,363575
2017,3,Illinois,July Employment,5912877,5927313,5929505,Not applicable,Not applicable,5929505
2017,3,Illinois,August Employment,5946294,5961133,5963285,Not applicable,Not applicable,5963285
2017,3,Illinois,September Employment,5969609,5981193,5982819,Not applicable,Not applicable,5982819
2017,3,Illinois,Total Quarterly Wages,81638808084,81718027396,81727347515,Not applicable,Not applicable,81727347515
2017,3,Indiana,Quarterly Establishments,164622,165479,165488,Not applicable,Not applicable,165488
2017,3,Indiana,July Employment,2991488,2992769,2992738,Not applicable,Not applicable,2992738
2017,3,Indiana,August Employment,3031577,3033860,3033813,Not applicable,Not applicable,3033813
2017,3,Indiana,September Employment,3043958,3044632,3044351,Not applicable,Not applicable,3044351
2017,3,Indiana,Total Quarterly Wages,33841697747,33868457389,33869943856,Not applicable,Not applicable,33869943856
2017,3,Iowa,Quarterly Establishments,102155,102093,102084,Not applicable,Not applicable,102084
2017,3,Iowa,July Employment,1544216,1544328,1544317,Not applicable,Not applicable,1544317
2017,3,Iowa,August Employment,1541445,1541761,1541750,Not applicable,Not applicable,1541750
2017,3,Iowa,September Employment,1546093,1546177,1546162,Not applicable,Not applicable,1546162
2017,3,Iowa,Total Quarterly Wages,17166301231,17160888372,17160518833,Not applicable,Not applicable,17160518833
2017,3,Kansas,Quarterly Establishments,90374,88513,88201,Not applicable,Not applicable,88201
2017,3,Kansas,July Employment,1351083,1351197,1351090,Not applicable,Not applicable,1351090
2017,3,Kansas,August Employment,1355480,1355932,1355822,Not applicable,Not applicable,1355822
2017,3,Kansas,September Employment,1376366,1376886,1377040,Not applicable,Not applicable,1377040
2017,3,Kansas,Total Quarterly Wages,14836664449,14834614164,14833531943,Not applicable,Not applicable,14833531943
2017,3,Kentucky,Quarterly Establishments,121916,121845,121879,Not applicable,Not applicable,121879
2017,3,Kentucky,July Employment,1809146,1808033,1807972,Not applicable,Not applicable,1807972
2017,3,Kentucky,August Employment,1869567,1868060,1867994,Not applicable,Not applicable,1867994
2017,3,Kentucky,September Employment,1890356,1888970,1888812,Not applicable,Not applicable,1888812
2017,3,Kentucky,Total Quarterly Wages,20193428197,20185720370,20185197393,Not applicable,Not applicable,20185197393
2017,3,Louisiana,Quarterly Establishments,131904,131692,131079,Not applicable,Not applicable,131079
2017,3,Louisiana,July Employment,1883830,1884578,1885244,Not applicable,Not applicable,1885244
2017,3,Louisiana,August Employment,1899424,1900137,1900877,Not applicable,Not applicable,1900877
2017,3,Louisiana,September Employment,1904308,1905373,1905947,Not applicable,Not applicable,1905947
2017,3,Louisiana,Total Quarterly Wages,21428806837,21437529677,21444226280,Not applicable,Not applicable,21444226280
2017,3,Maine,Quarterly Establishments,54663,54422,54327,Not applicable,Not applicable,54327
2017,3,Maine,July Employment,628009,628559,628734,Not applicable,Not applicable,628734
2017,3,Maine,August Employment,628370,628972,629172,Not applicable,Not applicable,629172
2017,3,Maine,September Employment,621853,622428,622613,Not applicable,Not applicable,622613
2017,3,Maine,Total Quarterly Wages,6685681579,6690440331,6692180860,Not applicable,Not applicable,6692180860
2017,3,Maryland,Quarterly Establishments,170053,171188,171201,Not applicable,Not applicable,171201
2017,3,Maryland,July Employment,2643784,2645771,2645713,Not applicable,Not applicable,2645713
2017,3,Maryland,August Employment,2634710,2638214,2638175,Not applicable,Not applicable,2638175
2017,3,Maryland,September Employment,2661847,2665893,2665928,Not applicable,Not applicable,2665928
2017,3,Maryland,Total Quarterly Wages,38018937602,38014062369,38018205862,Not applicable,Not applicable,38018205862
2017,3,Massachusetts,Quarterly Establishments,254958,255075,254753,Not applicable,Not applicable,254753
2017,3,Massachusetts,July Employment,3566814,3570943,3572090,Not applicable,Not applicable,3572090
2017,3,Massachusetts,August Employment,3555028,3558684,3559765,Not applicable,Not applicable,3559765
2017,3,Massachusetts,September Employment,3568035,3572851,3574039,Not applicable,Not applicable,3574039
2017,3,Massachusetts,Total Quarterly Wages,58599312951,58627900202,58645675893,Not applicable,Not applicable,58645675893
2017,3,Michigan,Quarterly Establishments,245184,245380,245349,Not applicable,Not applicable,245349
2017,3,Michigan,July Employment,4297081,4297700,4295783,Not applicable,Not applicable,4295783
2017,3,Michigan,August Employment,4315705,4316647,4314676,Not applicable,Not applicable,4314676
2017,3,Michigan,September Employment,4334330,4335708,4333769,Not applicable,Not applicable,4333769
2017,3,Michigan,Total Quarterly Wages,54077832807,54082050776,54074974938,Not applicable,Not applicable,54074974938
2017,3,Minnesota,Quarterly Establishments,171165,170210,169244,Not applicable,Not applicable,169244
2017,3,Minnesota,July Employment,2857830,2856801,2856986,Not applicable,Not applicable,2856986
2017,3,Minnesota,August Employment,2868875,2868219,2868274,Not applicable,Not applicable,2868274
2017,3,Minnesota,September Employment,2883045,2881973,2882455,Not applicable,Not applicable,2882455
2017,3,Minnesota,Total Quarterly Wages,38446254482,38450368399,38458960931,Not applicable,Not applicable,38458960931
2017,3,Mississippi,Quarterly Establishments,73435,73423,73327,Not applicable,Not applicable,73327
2017,3,Mississippi,July Employment,1117287,1117775,1117607,Not applicable,Not applicable,1117607
2017,3,Mississippi,August Employment,1128429,1128951,1128760,Not applicable,Not applicable,1128760
2017,3,Mississippi,September Employment,1129085,1131489,1131268,Not applicable,Not applicable,1131268
2017,3,Mississippi,Total Quarterly Wages,10668160905,10671173063,10669700112,Not applicable,Not applicable,10669700112
2017,3,Missouri,Quarterly Establishments,209282,208453,207545,Not applicable,Not applicable,207545
2017,3,Missouri,July Employment,2734991,2731052,2730455,Not applicable,Not applicable,2730455
2017,3,Missouri,August Employment,2767430,2763371,2762786,Not applicable,Not applicable,2762786
2017,3,Missouri,September Employment,2805803,2801597,2800944,Not applicable,Not applicable,2800944
2017,3,Missouri,Total Quarterly Wages,31595238683,31559657483,31558246038,Not applicable,Not applicable,31558246038
2017,3,Montana,Quarterly Establishments,49140,49248,49248,Not applicable,Not applicable,49248
2017,3,Montana,July Employment,459653,459326,459327,Not applicable,Not applicable,459327
2017,3,Montana,August Employment,461369,461265,461249,Not applicable,Not applicable,461249
2017,3,Montana,September Employment,468584,468448,468407,Not applicable,Not applicable,468407
2017,3,Montana,Total Quarterly Wages,4774465231,4774192081,4774086344,Not applicable,Not applicable,4774086344
2017,3,Nebraska,Quarterly Establishments,73517,73384,73384,Not applicable,Not applicable,73384
2017,3,Nebraska,July Employment,977287,978388,978389,Not applicable,Not applicable,978389
2017,3,Nebraska,August Employment,974177,975325,975326,Not applicable,Not applicable,975326
2017,3,Nebraska,September Employment,973294,974117,974188,Not applicable,Not applicable,974188
2017,3,Nebraska,Total Quarterly Wages,10766952210,10776610276,10776610276,Not applicable,Not applicable,10776610276
2017,3,Nevada,Quarterly Establishments,81327,81042,80164,Not applicable,Not applicable,80164
2017,3,Nevada,July Employment,1328266,1327631,1327767,Not applicable,Not applicable,1327767
2017,3,Nevada,August Employment,1331318,1331203,1331323,Not applicable,Not applicable,1331323
2017,3,Nevada,September Employment,1337681,1337296,1337521,Not applicable,Not applicable,1337521
2017,3,Nevada,Total Quarterly Wages,15829256348,15830194041,15830053176,Not applicable,Not applicable,15830053176
2017,3,New Hampshire,Quarterly Establishments,52451,52157,52151,Not applicable,Not applicable,52151
2017,3,New Hampshire,July Employment,654330,654476,654466,Not applicable,Not applicable,654466
2017,3,New Hampshire,August Employment,656317,656296,656302,Not applicable,Not applicable,656302
2017,3,New Hampshire,September Employment,659080,659293,659053,Not applicable,Not applicable,659053
2017,3,New Hampshire,Total Quarterly Wages,8720889303,8735371848,8735201475,Not applicable,Not applicable,8735201475
2017,3,New Jersey,Quarterly Establishments,270591,268716,265922,Not applicable,Not applicable,265922
2017,3,New Jersey,July Employment,3937489,3936538,3936644,Not applicable,Not applicable,3936644
2017,3,New Jersey,August Employment,3929936,3928225,3928689,Not applicable,Not applicable,3928689
2017,3,New Jersey,September Employment,4043594,4048540,4042240,Not applicable,Not applicable,4042240
2017,3,New Jersey,Total Quarterly Wages,59680464177,59701292615,59700910587,Not applicable,Not applicable,59700910587
2017,3,New Mexico,Quarterly Establishments,58220,58054,58056,Not applicable,Not applicable,58056
2017,3,New Mexico,July Employment,793235,793449,793462,Not applicable,Not applicable,793462
2017,3,New Mexico,August Employment,815456,815529,815528,Not applicable,Not applicable,815528
2017,3,New Mexico,September Employment,815985,816718,816714,Not applicable,Not applicable,816714
2017,3,New Mexico,Total Quarterly Wages,8644489868,8649231646,8649620867,Not applicable,Not applicable,8649620867
2017,3,New York,Quarterly Establishments,650345,645563,642236,Not applicable,Not applicable,642236
2017,3,New York,July Employment,9182916,9184517,9187548,Not applicable,Not applicable,9187548
2017,3,New York,August Employment,9157332,9159862,9163232,Not applicable,Not applicable,9163232
2017,3,New York,September Employment,9329834,9332880,9334413,Not applicable,Not applicable,9334413
2017,3,New York,Total Quarterly Wages,146202527863,146198970883,146464293659,Not applicable,Not applicable,146464293659
2017,3,North Carolina,Quarterly Establishments,273978,274471,274513,Not applicable,Not applicable,274513
2017,3,North Carolina,July Employment,4285003,4287255,4287634,Not applicable,Not applicable,4287634
2017,3,North Carolina,August Employment,4342689,4344945,4345260,Not applicable,Not applicable,4345260
2017,3,North Carolina,September Employment,4347970,4350302,4351472,Not applicable,Not applicable,4351472
2017,3,North Carolina,Total Quarterly Wages,50804773280,50877565406,50879802188,Not applicable,Not applicable,50879802188
2017,3,North Dakota,Quarterly Establishments,31956,31963,31963,Not applicable,Not applicable,31963
2017,3,North Dakota,July Employment,411441,411531,411531,Not applicable,Not applicable,411531
2017,3,North Dakota,August Employment,412103,412203,412203,Not applicable,Not applicable,412203
2017,3,North Dakota,September Employment,419248,419611,419611,Not applicable,Not applicable,419611
2017,3,North Dakota,Total Quarterly Wages,5133647884,5135416229,5135416229,Not applicable,Not applicable,5135416229
2017,3,Ohio,Quarterly Establishments,297009,296383,296370,Not applicable,Not applicable,296370
2017,3,Ohio,July Employment,5383494,5385824,5384786,Not applicable,Not applicable,5384786
2017,3,Ohio,August Employment,5402368,5403852,5403818,Not applicable,Not applicable,5403818
2017,3,Ohio,September Employment,5383632,5385323,5384711,Not applicable,Not applicable,5384711
2017,3,Ohio,Total Quarterly Wages,64487820020,64499953609,64485151264,Not applicable,Not applicable,64485151264
2017,3,Oklahoma,Quarterly Establishments,110953,110890,110709,Not applicable,Not applicable,110709
2017,3,Oklahoma,July Employment,1545207,1548296,1548231,Not applicable,Not applicable,1548231
2017,3,Oklahoma,August Employment,1566141,1568131,1570090,Not applicable,Not applicable,1570090
2017,3,Oklahoma,September Employment,1593306,1597417,1597433,Not applicable,Not applicable,1597433
2017,3,Oklahoma,Total Quarterly Wages,17185873438,17257574783,17256393692,Not applicable,Not applicable,17256393692
2017,3,Oregon,Quarterly Establishments,152069,152434,151423,Not applicable,Not applicable,151423
2017,3,Oregon,July Employment,1877018,1879236,1881336,Not applicable,Not applicable,1881336
2017,3,Oregon,August Employment,1878957,1881054,1883355,Not applicable,Not applicable,1883355
2017,3,Oregon,September Employment,1905331,1907787,1910863,Not applicable,Not applicable,1910863
2017,3,Oregon,Total Quarterly Wages,23764017685,23783007248,23799440000,Not applicable,Not applicable,23799440000
2017,3,Pennsylvania,Quarterly Establishments,358083,353721,353726,Not applicable,Not applicable,353726
2017,3,Pennsylvania,July Employment,5793878,5796234,5796208,Not applicable,Not applicable,5796208
2017,3,Pennsylvania,August Employment,5798493,5800549,5800460,Not applicable,Not applicable,5800460
2017,3,Pennsylvania,September Employment,5836506,5839272,5839137,Not applicable,Not applicable,5839137
2017,3,Pennsylvania,Total Quarterly Wages,75641310939,75664368627,75664090127,Not applicable,Not applicable,75664090127
2017,3,Rhode Island,Quarterly Establishments,37507,37600,37568,Not applicable,Not applicable,37568
2017,3,Rhode Island,July Employment,478412,478851,478503,Not applicable,Not applicable,478503
2017,3,Rhode Island,August Employment,479354,480080,479662,Not applicable,Not applicable,479662
2017,3,Rhode Island,September Employment,484531,484940,484630,Not applicable,Not applicable,484630
2017,3,Rhode Island,Total Quarterly Wages,6081077003,6102051134,6101138488,Not applicable,Not applicable,6101138488
2017,3,South Carolina,Quarterly Establishments,129465,129754,129764,Not applicable,Not applicable,129764
2017,3,South Carolina,July Employment,2025839,2027617,2028235,Not applicable,Not applicable,2028235
2017,3,South Carolina,August Employment,2035367,2037726,2037231,Not applicable,Not applicable,2037231
2017,3,South Carolina,September Employment,2027228,2031086,2031735,Not applicable,Not applicable,2031735
2017,3,South Carolina,Total Quarterly Wages,21834243410,21844420126,21841128934,Not applicable,Not applicable,21841128934
2017,3,South Dakota,Quarterly Establishments,33423,33407,33398,Not applicable,Not applicable,33398
2017,3,South Dakota,July Employment,427136,427247,426674,Not applicable,Not applicable,426674
2017,3,South Dakota,August Employment,428663,428832,428260,Not applicable,Not applicable,428260
2017,3,South Dakota,September Employment,426171,426403,425835,Not applicable,Not applicable,425835
2017,3,South Dakota,Total Quarterly Wages,4462691299,4463391939,4459410845,Not applicable,Not applicable,4459410845
2017,3,Tennessee,Quarterly Establishments,158155,157602,157525,Not applicable,Not applicable,157525
2017,3,Tennessee,July Employment,2887692,2888069,2888026,Not applicable,Not applicable,2888026
2017,3,Tennessee,August Employment,2933175,2933554,2933535,Not applicable,Not applicable,2933535
2017,3,Tennessee,September Employment,2953312,2954217,2954324,Not applicable,Not applicable,2954324
2017,3,Tennessee,Total Quarterly Wages,34335794310,34345106855,34347634124,Not applicable,Not applicable,34347634124
2017,3,Texas,Quarterly Establishments,675543,679123,679287,Not applicable,Not applicable,679287
2017,3,Texas,July Employment,11946188,11949651,11949375,Not applicable,Not applicable,11949375
2017,3,Texas,August Employment,11988945,11993212,11992936,Not applicable,Not applicable,11992936
2017,3,Texas,September Employment,12008941,12014591,12014308,Not applicable,Not applicable,12014308
2017,3,Texas,Total Quarterly Wages,160769655326,160801479921,160801094415,Not applicable,Not applicable,160801094415
2017,3,Utah,Quarterly Establishments,99824,99410,99414,Not applicable,Not applicable,99414
2017,3,Utah,July Employment,1423715,1424280,1424298,Not applicable,Not applicable,1424298
2017,3,Utah,August Employment,1433748,1434254,1434271,Not applicable,Not applicable,1434271
2017,3,Utah,September Employment,1444088,1445175,1445191,Not applicable,Not applicable,1445191
2017,3,Utah,Total Quarterly Wages,16377522330,16386944061,16386897093,Not applicable,Not applicable,16386897093
2017,3,Vermont,Quarterly Establishments,25566,25564,25565,Not applicable,Not applicable,25565
2017,3,Vermont,July Employment,308589,308741,308848,Not applicable,Not applicable,308848
2017,3,Vermont,August Employment,310176,310390,310484,Not applicable,Not applicable,310484
2017,3,Vermont,September Employment,310321,310578,310847,Not applicable,Not applicable,310847
2017,3,Vermont,Total Quarterly Wages,3500011683,3502935346,3502920341,Not applicable,Not applicable,3502920341
2017,3,Virginia,Quarterly Establishments,272196,271437,271413,Not applicable,Not applicable,271413
2017,3,Virginia,July Employment,3839759,3842365,3842285,Not applicable,Not applicable,3842285
2017,3,Virginia,August Employment,3828599,3831545,3831600,Not applicable,Not applicable,3831600
2017,3,Virginia,September Employment,3843632,3847285,3847395,Not applicable,Not applicable,3847395
2017,3,Virginia,Total Quarterly Wages,52504729346,52525751848,52522942150,Not applicable,Not applicable,52522942150
2017,3,Washington,Quarterly Establishments,238586,241566,241818,Not applicable,Not applicable,241818
2017,3,Washington,July Employment,3371587,3371205,3372239,Not applicable,Not applicable,3372239
2017,3,Washington,August Employment,3336815,3336914,3337663,Not applicable,Not applicable,3337663
2017,3,Washington,September Employment,3343421,3343649,3343760,Not applicable,Not applicable,3343760
2017,3,Washington,Total Quarterly Wages,52601579201,52536176147,52497640127,Not applicable,Not applicable,52497640127
2017,3,West Virginia,Quarterly Establishments,50574,50607,50568,Not applicable,Not applicable,50568
2017,3,West Virginia,July Employment,657773,655533,656093,Not applicable,Not applicable,656093
2017,3,West Virginia,August Employment,671913,670814,671265,Not applicable,Not applicable,671265
2017,3,West Virginia,September Employment,693983,694189,694491,Not applicable,Not applicable,694491
2017,3,West Virginia,Total Quarterly Wages,7244684839,7240069318,7242516211,Not applicable,Not applicable,7242516211
2017,3,Wisconsin,Quarterly Establishments,173402,173240,173149,Not applicable,Not applicable,173149
2017,3,Wisconsin,July Employment,2859873,2862106,2862037,Not applicable,Not applicable,2862037
2017,3,Wisconsin,August Employment,2861791,2864485,2864444,Not applicable,Not applicable,2864444
2017,3,Wisconsin,September Employment,2866859,2869850,2869912,Not applicable,Not applicable,2869912
2017,3,Wisconsin,Total Quarterly Wages,32599506570,32615518933,32615792635,Not applicable,Not applicable,32615792635
2017,3,Wyoming,Quarterly Establishments,26301,26289,26292,Not applicable,Not applicable,26292
2017,3,Wyoming,July Employment,275986,276231,276226,Not applicable,Not applicable,276226
2017,3,Wyoming,August Employment,276372,276682,276684,Not applicable,Not applicable,276684
2017,3,Wyoming,September Employment,276184,276649,276651,Not applicable,Not applicable,276651
2017,3,Wyoming,Total Quarterly Wages,3115098819,3118521550,3118482152,Not applicable,Not applicable,3118482152
2017,3,Puerto Rico,Quarterly Establishments,46344,45309,45299,Not applicable,Not applicable,45299
2017,3,Puerto Rico,July Employment,852073,851485,851171,Not applicable,Not applicable,851171
2017,3,Puerto Rico,August Employment,860807,860522,860338,Not applicable,Not applicable,860338
2017,3,Puerto Rico,September Employment,862778,860962,860960,Not applicable,Not applicable,860960
2017,3,Puerto Rico,Total Quarterly Wages,5679457738,5650791825,5650432357,Not applicable,Not applicable,5650432357
2017,3,Virgin Islands,Quarterly Establishments,3406,3507,3475,Not applicable,Not applicable,3475
2017,3,Virgin Islands,July Employment,38289,38191,38528,Not applicable,Not applicable,38528
2017,3,Virgin Islands,August Employment,37871,37676,37974,Not applicable,Not applicable,37974
2017,3,Virgin Islands,September Employment,36946,36126,36253,Not applicable,Not applicable,36253
2017,3,Virgin Islands,Total Quarterly Wages,373952716,369903877,366030846,Not applicable,Not applicable,366030846
2017,4,United States,Quarterly Establishments,9969420,9942980,Not applicable,Not applicable,Not applicable,9942980
2017,4,United States,October Employment,145387610,145403955,Not applicable,Not applicable,Not applicable,145403955
2017,4,United States,November Employment,145941501,145980535,Not applicable,Not applicable,Not applicable,145980535
2017,4,United States,December Employment,145921109,145941717,Not applicable,Not applicable,Not applicable,145941717
2017,4,United States,Total Quarterly Wages,2100604326838,2101934259089,Not applicable,Not applicable,Not applicable,2101934259089
2017,4,Alabama,Quarterly Establishments,126499,127297,Not applicable,Not applicable,Not applicable,127297
2017,4,Alabama,October Employment,1948259,1948432,Not applicable,Not applicable,Not applicable,1948432
2017,4,Alabama,November Employment,1956867,1956946,Not applicable,Not applicable,Not applicable,1956946
2017,4,Alabama,December Employment,1955275,1955326,Not applicable,Not applicable,Not applicable,1955326
2017,4,Alabama,Total Quarterly Wages,23570284943,23576402250,Not applicable,Not applicable,Not applicable,23576402250
2017,4,Alaska,Quarterly Establishments,22073,21877,Not applicable,Not applicable,Not applicable,21877
2017,4,Alaska,October Employment,320069,320395,Not applicable,Not applicable,Not applicable,320395
2017,4,Alaska,November Employment,309076,309260,Not applicable,Not applicable,Not applicable,309260
2017,4,Alaska,December Employment,306692,307169,Not applicable,Not applicable,Not applicable,307169
2017,4,Alaska,Total Quarterly Wages,4266592568,4266666212,Not applicable,Not applicable,Not applicable,4266666212
2017,4,Arizona,Quarterly Establishments,160538,160809,Not applicable,Not applicable,Not applicable,160809
2017,4,Arizona,October Employment,2791798,2793925,Not applicable,Not applicable,Not applicable,2793925
2017,4,Arizona,November Employment,2825435,2827927,Not applicable,Not applicable,Not applicable,2827927
2017,4,Arizona,December Employment,2834704,2837219,Not applicable,Not applicable,Not applicable,2837219
2017,4,Arizona,Total Quarterly Wages,35815415911,35831034031,Not applicable,Not applicable,Not applicable,35831034031
2017,4,Arkansas,Quarterly Establishments,90311,90000,Not applicable,Not applicable,Not applicable,90000
2017,4,Arkansas,October Employment,1214217,1214276,Not applicable,Not applicable,Not applicable,1214276
2017,4,Arkansas,November Employment,1217864,1217775,Not applicable,Not applicable,Not applicable,1217775
2017,4,Arkansas,December Employment,1217172,1217287,Not applicable,Not applicable,Not applicable,1217287
2017,4,Arkansas,Total Quarterly Wages,13415766946,13419161509,Not applicable,Not applicable,Not applicable,13419161509
2017,4,California,Quarterly Establishments,1550511,1544359,Not applicable,Not applicable,Not applicable,1544359
2017,4,California,October Employment,17280322,17250553,Not applicable,Not applicable,Not applicable,17250553
2017,4,California,November Employment,17331703,17310885,Not applicable,Not applicable,Not applicable,17310885
2017,4,California,December Employment,17292974,17263084,Not applicable,Not applicable,Not applicable,17263084
2017,4,California,Total Quarterly Wages,302810264484,302771292313,Not applicable,Not applicable,Not applicable,302771292313
2017,4,Colorado,Quarterly Establishments,199326,199766,Not applicable,Not applicable,Not applicable,199766
2017,4,Colorado,October Employment,2629214,2630100,Not applicable,Not applicable,Not applicable,2630100
2017,4,Colorado,November Employment,2637806,2638862,Not applicable,Not applicable,Not applicable,2638862
2017,4,Colorado,December Employment,2653349,2654741,Not applicable,Not applicable,Not applicable,2654741
2017,4,Colorado,Total Quarterly Wages,38902892820,38914326292,Not applicable,Not applicable,Not applicable,38914326292
2017,4,Connecticut,Quarterly Establishments,119672,119390,Not applicable,Not applicable,Not applicable,119390
2017,4,Connecticut,October Employment,1680594,1679915,Not applicable,Not applicable,Not applicable,1679915
2017,4,Connecticut,November Employment,1690236,1689913,Not applicable,Not applicable,Not applicable,1689913
2017,4,Connecticut,December Employment,1689738,1689163,Not applicable,Not applicable,Not applicable,1689163
2017,4,Connecticut,Total Quarterly Wages,28882940740,28878206592,Not applicable,Not applicable,Not applicable,28878206592
2017,4,Delaware,Quarterly Establishments,31838,32020,Not applicable,Not applicable,Not applicable,32020
2017,4,Delaware,October Employment,441536,443014,Not applicable,Not applicable,Not applicable,443014
2017,4,Delaware,November Employment,445043,446607,Not applicable,Not applicable,Not applicable,446607
2017,4,Delaware,December Employment,444948,446350,Not applicable,Not applicable,Not applicable,446350
2017,4,Delaware,Total Quarterly Wages,6238110811,6257754427,Not applicable,Not applicable,Not applicable,6257754427
2017,4,District of Columbia,Quarterly Establishments,41156,41341,Not applicable,Not applicable,Not applicable,41341
2017,4,District of Columbia,October Employment,768896,769999,Not applicable,Not applicable,Not applicable,769999
2017,4,District of Columbia,November Employment,769244,770364,Not applicable,Not applicable,Not applicable,770364
2017,4,District of Columbia,December Employment,768976,770574,Not applicable,Not applicable,Not applicable,770574
2017,4,District of Columbia,Total Quarterly Wages,18115671152,18132257406,Not applicable,Not applicable,Not applicable,18132257406
2017,4,Florida,Quarterly Establishments,685373,680035,Not applicable,Not applicable,Not applicable,680035
2017,4,Florida,October Employment,8554017,8558691,Not applicable,Not applicable,Not applicable,8558691
2017,4,Florida,November Employment,8669992,8676191,Not applicable,Not applicable,Not applicable,8676191
2017,4,Florida,December Employment,8712002,8718087,Not applicable,Not applicable,Not applicable,8718087
2017,4,Florida,Total Quarterly Wages,109571155289,109770723917,Not applicable,Not applicable,Not applicable,109770723917
2017,4,Georgia,Quarterly Establishments,276176,274662,Not applicable,Not applicable,Not applicable,274662
2017,4,Georgia,October Employment,4399301,4394337,Not applicable,Not applicable,Not applicable,4394337
2017,4,Georgia,November Employment,4428933,4424949,Not applicable,Not applicable,Not applicable,4424949
2017,4,Georgia,December Employment,4424983,4421894,Not applicable,Not applicable,Not applicable,4421894
2017,4,Georgia,Total Quarterly Wages,58989988773,58995373526,Not applicable,Not applicable,Not applicable,58995373526
2017,4,Hawaii,Quarterly Establishments,42198,41872,Not applicable,Not applicable,Not applicable,41872
2017,4,Hawaii,October Employment,654191,655299,Not applicable,Not applicable,Not applicable,655299
2017,4,Hawaii,November Employment,659147,660238,Not applicable,Not applicable,Not applicable,660238
2017,4,Hawaii,December Employment,664504,665639,Not applicable,Not applicable,Not applicable,665639
2017,4,Hawaii,Total Quarterly Wages,8432323496,8443520138,Not applicable,Not applicable,Not applicable,8443520138
2017,4,Idaho,Quarterly Establishments,62609,62198,Not applicable,Not applicable,Not applicable,62198
2017,4,Idaho,October Employment,721635,720671,Not applicable,Not applicable,Not applicable,720671
2017,4,Idaho,November Employment,715542,714590,Not applicable,Not applicable,Not applicable,714590
2017,4,Idaho,December Employment,712376,711528,Not applicable,Not applicable,Not applicable,711528
2017,4,Idaho,Total Quarterly Wages,7987370906,7986481374,Not applicable,Not applicable,Not applicable,7986481374
2017,4,Illinois,Quarterly Establishments,367449,367672,Not applicable,Not applicable,Not applicable,367672
2017,4,Illinois,October Employment,5990229,5998122,Not applicable,Not applicable,Not applicable,5998122
2017,4,Illinois,November Employment,6006425,6014886,Not applicable,Not applicable,Not applicable,6014886
2017,4,Illinois,December Employment,6001103,6007090,Not applicable,Not applicable,Not applicable,6007090
2017,4,Illinois,Total Quarterly Wages,89737114106,89847629631,Not applicable,Not applicable,Not applicable,89847629631
2017,4,Indiana,Quarterly Establishments,164997,163796,Not applicable,Not applicable,Not applicable,163796
2017,4,Indiana,October Employment,3044347,3045695,Not applicable,Not applicable,Not applicable,3045695
2017,4,Indiana,November Employment,3056950,3057401,Not applicable,Not applicable,Not applicable,3057401
2017,4,Indiana,December Employment,3057800,3059430,Not applicable,Not applicable,Not applicable,3059430
2017,4,Indiana,Total Quarterly Wages,36299344706,36312969602,Not applicable,Not applicable,Not applicable,36312969602
2017,4,Iowa,Quarterly Establishments,102467,102304,Not applicable,Not applicable,Not applicable,102304
2017,4,Iowa,October Employment,1551051,1550886,Not applicable,Not applicable,Not applicable,1550886
2017,4,Iowa,November Employment,1554143,1554144,Not applicable,Not applicable,Not applicable,1554144
2017,4,Iowa,December Employment,1549722,1549871,Not applicable,Not applicable,Not applicable,1549871
2017,4,Iowa,Total Quarterly Wages,18918315157,18920173843,Not applicable,Not applicable,Not applicable,18920173843
2017,4,Kansas,Quarterly Establishments,88922,88464,Not applicable,Not applicable,Not applicable,88464
2017,4,Kansas,October Employment,1384987,1386456,Not applicable,Not applicable,Not applicable,1386456
2017,4,Kansas,November Employment,1391571,1392760,Not applicable,Not applicable,Not applicable,1392760
2017,4,Kansas,December Employment,1390273,1391622,Not applicable,Not applicable,Not applicable,1391622
2017,4,Kansas,Total Quarterly Wages,16138179295,16153160723,Not applicable,Not applicable,Not applicable,16153160723
2017,4,Kentucky,Quarterly Establishments,121800,122236,Not applicable,Not applicable,Not applicable,122236
2017,4,Kentucky,October Employment,1891241,1895032,Not applicable,Not applicable,Not applicable,1895032
2017,4,Kentucky,November Employment,1907141,1911744,Not applicable,Not applicable,Not applicable,1911744
2017,4,Kentucky,December Employment,1903777,1908513,Not applicable,Not applicable,Not applicable,1908513
2017,4,Kentucky,Total Quarterly Wages,22035526637,22172288903,Not applicable,Not applicable,Not applicable,22172288903
2017,4,Louisiana,Quarterly Establishments,132375,131790,Not applicable,Not applicable,Not applicable,131790
2017,4,Louisiana,October Employment,1916832,1919363,Not applicable,Not applicable,Not applicable,1919363
2017,4,Louisiana,November Employment,1923638,1926287,Not applicable,Not applicable,Not applicable,1926287
2017,4,Louisiana,December Employment,1918790,1921507,Not applicable,Not applicable,Not applicable,1921507
2017,4,Louisiana,Total Quarterly Wages,23287196453,23322824951,Not applicable,Not applicable,Not applicable,23322824951
2017,4,Maine,Quarterly Establishments,54609,54333,Not applicable,Not applicable,Not applicable,54333
2017,4,Maine,October Employment,617356,617586,Not applicable,Not applicable,Not applicable,617586
2017,4,Maine,November Employment,609950,610245,Not applicable,Not applicable,Not applicable,610245
2017,4,Maine,December Employment,610339,610730,Not applicable,Not applicable,Not applicable,610730
2017,4,Maine,Total Quarterly Wages,7037796966,7043255241,Not applicable,Not applicable,Not applicable,7043255241
2017,4,Maryland,Quarterly Establishments,171485,172614,Not applicable,Not applicable,Not applicable,172614
2017,4,Maryland,October Employment,2675493,2676209,Not applicable,Not applicable,Not applicable,2676209
2017,4,Maryland,November Employment,2688936,2689019,Not applicable,Not applicable,Not applicable,2689019
2017,4,Maryland,December Employment,2683587,2681652,Not applicable,Not applicable,Not applicable,2681652
2017,4,Maryland,Total Quarterly Wages,42085429269,42081133882,Not applicable,Not applicable,Not applicable,42081133882
2017,4,Massachusetts,Quarterly Establishments,254686,254281,Not applicable,Not applicable,Not applicable,254281
2017,4,Massachusetts,October Employment,3580550,3582637,Not applicable,Not applicable,Not applicable,3582637
2017,4,Massachusetts,November Employment,3575386,3585075,Not applicable,Not applicable,Not applicable,3585075
2017,4,Massachusetts,December Employment,3582226,3584284,Not applicable,Not applicable,Not applicable,3584284
2017,4,Massachusetts,Total Quarterly Wages,65645995068,65694211423,Not applicable,Not applicable,Not applicable,65694211423
2017,4,Michigan,Quarterly Establishments,245408,247385,Not applicable,Not applicable,Not applicable,247385
2017,4,Michigan,October Employment,4339790,4339538,Not applicable,Not applicable,Not applicable,4339538
2017,4,Michigan,November Employment,4341036,4340774,Not applicable,Not applicable,Not applicable,4340774
2017,4,Michigan,December Employment,4321793,4321713,Not applicable,Not applicable,Not applicable,4321713
2017,4,Michigan,Total Quarterly Wages,59863744540,59882230928,Not applicable,Not applicable,Not applicable,59882230928
2017,4,Minnesota,Quarterly Establishments,172588,171335,Not applicable,Not applicable,Not applicable,171335
2017,4,Minnesota,October Employment,2893395,2893254,Not applicable,Not applicable,Not applicable,2893254
2017,4,Minnesota,November Employment,2886277,2886127,Not applicable,Not applicable,Not applicable,2886127
2017,4,Minnesota,December Employment,2875664,2876130,Not applicable,Not applicable,Not applicable,2876130
2017,4,Minnesota,Total Quarterly Wages,41261199759,41273060797,Not applicable,Not applicable,Not applicable,41273060797
2017,4,Mississippi,Quarterly Establishments,74075,73965,Not applicable,Not applicable,Not applicable,73965
2017,4,Mississippi,October Employment,1132569,1133499,Not applicable,Not applicable,Not applicable,1133499
2017,4,Mississippi,November Employment,1139358,1140658,Not applicable,Not applicable,Not applicable,1140658
2017,4,Mississippi,December Employment,1140592,1141553,Not applicable,Not applicable,Not applicable,1141553
2017,4,Mississippi,Total Quarterly Wages,11440834409,11449579837,Not applicable,Not applicable,Not applicable,11449579837
2017,4,Missouri,Quarterly Establishments,209710,208639,Not applicable,Not applicable,Not applicable,208639
2017,4,Missouri,October Employment,2811127,2808837,Not applicable,Not applicable,Not applicable,2808837
2017,4,Missouri,November Employment,2813536,2811711,Not applicable,Not applicable,Not applicable,2811711
2017,4,Missouri,December Employment,2809535,2807464,Not applicable,Not applicable,Not applicable,2807464
2017,4,Missouri,Total Quarterly Wages,34555277330,34547195264,Not applicable,Not applicable,Not applicable,34547195264
2017,4,Montana,Quarterly Establishments,50138,50176,Not applicable,Not applicable,Not applicable,50176
2017,4,Montana,October Employment,464382,464249,Not applicable,Not applicable,Not applicable,464249
2017,4,Montana,November Employment,459939,459807,Not applicable,Not applicable,Not applicable,459807
2017,4,Montana,December Employment,461445,461322,Not applicable,Not applicable,Not applicable,461322
2017,4,Montana,Total Quarterly Wages,5063978012,5063854489,Not applicable,Not applicable,Not applicable,5063854489
2017,4,Nebraska,Quarterly Establishments,74340,71496,Not applicable,Not applicable,Not applicable,71496
2017,4,Nebraska,October Employment,979554,979634,Not applicable,Not applicable,Not applicable,979634
2017,4,Nebraska,November Employment,981377,981247,Not applicable,Not applicable,Not applicable,981247
2017,4,Nebraska,December Employment,980919,981212,Not applicable,Not applicable,Not applicable,981212
2017,4,Nebraska,Total Quarterly Wages,11479654835,11480742309,Not applicable,Not applicable,Not applicable,11480742309
2017,4,Nevada,Quarterly Establishments,81088,80573,Not applicable,Not applicable,Not applicable,80573
2017,4,Nevada,October Employment,1344628,1345016,Not applicable,Not applicable,Not applicable,1345016
2017,4,Nevada,November Employment,1351415,1351710,Not applicable,Not applicable,Not applicable,1351710
2017,4,Nevada,December Employment,1351936,1352411,Not applicable,Not applicable,Not applicable,1352411
2017,4,Nevada,Total Quarterly Wages,16750897499,16756055169,Not applicable,Not applicable,Not applicable,16756055169
2017,4,New Hampshire,Quarterly Establishments,52769,52461,Not applicable,Not applicable,Not applicable,52461
2017,4,New Hampshire,October Employment,658003,658154,Not applicable,Not applicable,Not applicable,658154
2017,4,New Hampshire,November Employment,656726,656751,Not applicable,Not applicable,Not applicable,656751
2017,4,New Hampshire,December Employment,661312,661503,Not applicable,Not applicable,Not applicable,661503
2017,4,New Hampshire,Total Quarterly Wages,9692821048,9696895902,Not applicable,Not applicable,Not applicable,9696895902
2017,4,New Jersey,Quarterly Establishments,273382,270259,Not applicable,Not applicable,Not applicable,270259
2017,4,New Jersey,October Employment,4062032,4062680,Not applicable,Not applicable,Not applicable,4062680
2017,4,New Jersey,November Employment,4086733,4084203,Not applicable,Not applicable,Not applicable,4084203
2017,4,New Jersey,December Employment,4106905,4093102,Not applicable,Not applicable,Not applicable,4093102
2017,4,New Jersey,Total Quarterly Wages,66999640331,67020590593,Not applicable,Not applicable,Not applicable,67020590593
2017,4,New Mexico,Quarterly Establishments,58544,58569,Not applicable,Not applicable,Not applicable,58569
2017,4,New Mexico,October Employment,816815,817389,Not applicable,Not applicable,Not applicable,817389
2017,4,New Mexico,November Employment,816257,817067,Not applicable,Not applicable,Not applicable,817067
2017,4,New Mexico,December Employment,816733,817874,Not applicable,Not applicable,Not applicable,817874
2017,4,New Mexico,Total Quarterly Wages,9179446338,9187914317,Not applicable,Not applicable,Not applicable,9187914317
2017,4,New York,Quarterly Establishments,647095,643891,Not applicable,Not applicable,Not applicable,643891
2017,4,New York,October Employment,9417437,9419611,Not applicable,Not applicable,Not applicable,9419611
2017,4,New York,November Employment,9457756,9460252,Not applicable,Not applicable,Not applicable,9460252
2017,4,New York,December Employment,9465315,9467669,Not applicable,Not applicable,Not applicable,9467669
2017,4,New York,Total Quarterly Wages,175417333980,175843272174,Not applicable,Not applicable,Not applicable,175843272174
2017,4,North Carolina,Quarterly Establishments,274798,276477,Not applicable,Not applicable,Not applicable,276477
2017,4,North Carolina,October Employment,4381494,4381319,Not applicable,Not applicable,Not applicable,4381319
2017,4,North Carolina,November Employment,4396930,4396485,Not applicable,Not applicable,Not applicable,4396485
2017,4,North Carolina,December Employment,4388560,4389335,Not applicable,Not applicable,Not applicable,4389335
2017,4,North Carolina,Total Quarterly Wages,54994715986,55011672805,Not applicable,Not applicable,Not applicable,55011672805
2017,4,North Dakota,Quarterly Establishments,32011,32006,Not applicable,Not applicable,Not applicable,32006
2017,4,North Dakota,October Employment,421896,421896,Not applicable,Not applicable,Not applicable,421896
2017,4,North Dakota,November Employment,418386,418386,Not applicable,Not applicable,Not applicable,418386
2017,4,North Dakota,December Employment,416106,416106,Not applicable,Not applicable,Not applicable,416106
2017,4,North Dakota,Total Quarterly Wages,5499883408,5499883408,Not applicable,Not applicable,Not applicable,5499883408
2017,4,Ohio,Quarterly Establishments,296874,297215,Not applicable,Not applicable,Not applicable,297215
2017,4,Ohio,October Employment,5416545,5418573,Not applicable,Not applicable,Not applicable,5418573
2017,4,Ohio,November Employment,5428730,5430131,Not applicable,Not applicable,Not applicable,5430131
2017,4,Ohio,December Employment,5409168,5413211,Not applicable,Not applicable,Not applicable,5413211
2017,4,Ohio,Total Quarterly Wages,68552637064,68578489653,Not applicable,Not applicable,Not applicable,68578489653
2017,4,Oklahoma,Quarterly Establishments,111572,111342,Not applicable,Not applicable,Not applicable,111342
2017,4,Oklahoma,October Employment,1599620,1599854,Not applicable,Not applicable,Not applicable,1599854
2017,4,Oklahoma,November Employment,1605395,1605890,Not applicable,Not applicable,Not applicable,1605890
2017,4,Oklahoma,December Employment,1607788,1608755,Not applicable,Not applicable,Not applicable,1608755
2017,4,Oklahoma,Total Quarterly Wages,18664045299,18676898005,Not applicable,Not applicable,Not applicable,18676898005
2017,4,Oregon,Quarterly Establishments,153169,152129,Not applicable,Not applicable,Not applicable,152129
2017,4,Oregon,October Employment,1909439,1911376,Not applicable,Not applicable,Not applicable,1911376
2017,4,Oregon,November Employment,1906639,1908832,Not applicable,Not applicable,Not applicable,1908832
2017,4,Oregon,December Employment,1900352,1903183,Not applicable,Not applicable,Not applicable,1903183
2017,4,Oregon,Total Quarterly Wages,25112441747,25137541621,Not applicable,Not applicable,Not applicable,25137541621
2017,4,Pennsylvania,Quarterly Establishments,357533,353949,Not applicable,Not applicable,Not applicable,353949
2017,4,Pennsylvania,October Employment,5855704,5857661,Not applicable,Not applicable,Not applicable,5857661
2017,4,Pennsylvania,November Employment,5874408,5876113,Not applicable,Not applicable,Not applicable,5876113
2017,4,Pennsylvania,December Employment,5870365,5872180,Not applicable,Not applicable,Not applicable,5872180
2017,4,Pennsylvania,Total Quarterly Wages,81979823486,82002816752,Not applicable,Not applicable,Not applicable,82002816752
2017,4,Rhode Island,Quarterly Establishments,37529,37498,Not applicable,Not applicable,Not applicable,37498
2017,4,Rhode Island,October Employment,483999,484273,Not applicable,Not applicable,Not applicable,484273
2017,4,Rhode Island,November Employment,483836,483842,Not applicable,Not applicable,Not applicable,483842
2017,4,Rhode Island,December Employment,483581,483408,Not applicable,Not applicable,Not applicable,483408
2017,4,Rhode Island,Total Quarterly Wages,6641554421,6646062496,Not applicable,Not applicable,Not applicable,6646062496
2017,4,South Carolina,Quarterly Establishments,131173,132014,Not applicable,Not applicable,Not applicable,132014
2017,4,South Carolina,October Employment,2045329,2045634,Not applicable,Not applicable,Not applicable,2045634
2017,4,South Carolina,November Employment,2060867,2062257,Not applicable,Not applicable,Not applicable,2062257
2017,4,South Carolina,December Employment,2058823,2061054,Not applicable,Not applicable,Not applicable,2061054
2017,4,South Carolina,Total Quarterly Wages,23473363891,23428120104,Not applicable,Not applicable,Not applicable,23428120104
2017,4,South Dakota,Quarterly Establishments,33499,33484,Not applicable,Not applicable,Not applicable,33484
2017,4,South Dakota,October Employment,426118,425622,Not applicable,Not applicable,Not applicable,425622
2017,4,South Dakota,November Employment,424291,423793,Not applicable,Not applicable,Not applicable,423793
2017,4,South Dakota,December Employment,423784,423293,Not applicable,Not applicable,Not applicable,423293
2017,4,South Dakota,Total Quarterly Wages,4727363973,4723619879,Not applicable,Not applicable,Not applicable,4723619879
2017,4,Tennessee,Quarterly Establishments,159170,158521,Not applicable,Not applicable,Not applicable,158521
2017,4,Tennessee,October Employment,2956763,2957544,Not applicable,Not applicable,Not applicable,2957544
2017,4,Tennessee,November Employment,2983706,2983906,Not applicable,Not applicable,Not applicable,2983906
2017,4,Tennessee,December Employment,2984761,2985547,Not applicable,Not applicable,Not applicable,2985547
2017,4,Tennessee,Total Quarterly Wages,38675789264,38693910642,Not applicable,Not applicable,Not applicable,38693910642
2017,4,Texas,Quarterly Establishments,681436,684593,Not applicable,Not applicable,Not applicable,684593
2017,4,Texas,October Employment,12110681,12122345,Not applicable,Not applicable,Not applicable,12122345
2017,4,Texas,November Employment,12194248,12209053,Not applicable,Not applicable,Not applicable,12209053
2017,4,Texas,December Employment,12207791,12224998,Not applicable,Not applicable,Not applicable,12224998
2017,4,Texas,Total Quarterly Wages,175505175454,175661597724,Not applicable,Not applicable,Not applicable,175661597724
2017,4,Utah,Quarterly Establishments,102025,101577,Not applicable,Not applicable,Not applicable,101577
2017,4,Utah,October Employment,1454410,1453909,Not applicable,Not applicable,Not applicable,1453909
2017,4,Utah,November Employment,1460979,1460741,Not applicable,Not applicable,Not applicable,1460741
2017,4,Utah,December Employment,1465494,1464873,Not applicable,Not applicable,Not applicable,1464873
2017,4,Utah,Total Quarterly Wages,17773732523,17772452480,Not applicable,Not applicable,Not applicable,17772452480
2017,4,Vermont,Quarterly Establishments,25667,25633,Not applicable,Not applicable,Not applicable,25633
2017,4,Vermont,October Employment,311627,311863,Not applicable,Not applicable,Not applicable,311863
2017,4,Vermont,November Employment,310385,310904,Not applicable,Not applicable,Not applicable,310904
2017,4,Vermont,December Employment,314727,315514,Not applicable,Not applicable,Not applicable,315514
2017,4,Vermont,Total Quarterly Wages,3729003258,3756621497,Not applicable,Not applicable,Not applicable,3756621497
2017,4,Virginia,Quarterly Establishments,275210,274560,Not applicable,Not applicable,Not applicable,274560
2017,4,Virginia,October Employment,3866458,3867397,Not applicable,Not applicable,Not applicable,3867397
2017,4,Virginia,November Employment,3881287,3882400,Not applicable,Not applicable,Not applicable,3882400
2017,4,Virginia,December Employment,3884164,3885413,Not applicable,Not applicable,Not applicable,3885413
2017,4,Virginia,Total Quarterly Wages,56486672633,56496136378,Not applicable,Not applicable,Not applicable,56496136378
2017,4,Washington,Quarterly Establishments,239554,240430,Not applicable,Not applicable,Not applicable,240430
2017,4,Washington,October Employment,3329369,3326947,Not applicable,Not applicable,Not applicable,3326947
2017,4,Washington,November Employment,3313786,3312512,Not applicable,Not applicable,Not applicable,3312512
2017,4,Washington,December Employment,3304976,3303711,Not applicable,Not applicable,Not applicable,3303711
2017,4,Washington,Total Quarterly Wages,52455204996,52379663617,Not applicable,Not applicable,Not applicable,52379663617
2017,4,West Virginia,Quarterly Establishments,50735,50838,Not applicable,Not applicable,Not applicable,50838
2017,4,West Virginia,October Employment,695647,696378,Not applicable,Not applicable,Not applicable,696378
2017,4,West Virginia,November Employment,696407,697275,Not applicable,Not applicable,Not applicable,697275
2017,4,West Virginia,December Employment,693112,694064,Not applicable,Not applicable,Not applicable,694064
2017,4,West Virginia,Total Quarterly Wages,7655470573,7663372094,Not applicable,Not applicable,Not applicable,7663372094
2017,4,Wisconsin,Quarterly Establishments,174953,172569,Not applicable,Not applicable,Not applicable,172569
2017,4,Wisconsin,October Employment,2874160,2875527,Not applicable,Not applicable,Not applicable,2875527
2017,4,Wisconsin,November Employment,2873213,2875084,Not applicable,Not applicable,Not applicable,2875084
2017,4,Wisconsin,December Employment,2872568,2874926,Not applicable,Not applicable,Not applicable,2874926
2017,4,Wisconsin,Total Quarterly Wages,35520319011,35539922901,Not applicable,Not applicable,Not applicable,35539922901
2017,4,Wyoming,Quarterly Establishments,26305,26280,Not applicable,Not applicable,Not applicable,26280
2017,4,Wyoming,October Employment,272484,272383,Not applicable,Not applicable,Not applicable,272383
2017,4,Wyoming,November Employment,266570,266556,Not applicable,Not applicable,Not applicable,266556
2017,4,Wyoming,December Employment,267530,267433,Not applicable,Not applicable,Not applicable,267433
2017,4,Wyoming,Total Quarterly Wages,3268625274,3273237068,Not applicable,Not applicable,Not applicable,3273237068
2017,4,Puerto Rico,Quarterly Establishments,44531,44845,Not applicable,Not applicable,Not applicable,44845
2017,4,Puerto Rico,October Employment,828872,828365,Not applicable,Not applicable,Not applicable,828365
2017,4,Puerto Rico,November Employment,852454,853799,Not applicable,Not applicable,Not applicable,853799
2017,4,Puerto Rico,December Employment,886970,888979,Not applicable,Not applicable,Not applicable,888979
2017,4,Puerto Rico,Total Quarterly Wages,6343651544,6364511543,Not applicable,Not applicable,Not applicable,6364511543
2017,4,Virgin Islands,Quarterly Establishments,3375,3407,Not applicable,Not applicable,Not applicable,3407
2017,4,Virgin Islands,October Employment,33615,33539,Not applicable,Not applicable,Not applicable,33539
2017,4,Virgin Islands,November Employment,33634,33752,Not applicable,Not applicable,Not applicable,33752
2017,4,Virgin Islands,December Employment,34272,34375,Not applicable,Not applicable,Not applicable,34375
2017,4,Virgin Islands,Total Quarterly Wages,363887711,398327649,Not applicable,Not applicable,Not applicable,398327649
2018,1,United States,Quarterly Establishments,10007967,9953570,9927773,9910520,9896099,9896099
2018,1,United States,January Employment,142949352,142922416,142902259,142888328,142889218,142889218
2018,1,United States,February Employment,143882150,143859676,143838489,143824143,143825578,143825578
2018,1,United States,March Employment,144562926,144561485,144543662,144530235,144531918,144531918
2018,1,United States,Total Quarterly Wages,2153917046957,2152922699523,2152409894708,2152227497500,2152073570126,2152073570126
2018,1,Alabama,Quarterly Establishments,126248,125636,125637,125635,125635,125635
2018,1,Alabama,January Employment,1923313,1920928,1920931,1920931,1920931,1920931
2018,1,Alabama,February Employment,1937946,1936159,1936171,1936145,1936145,1936145
2018,1,Alabama,March Employment,1948890,1947610,1947627,1947435,1947435,1947435
2018,1,Alabama,Total Quarterly Wages,23142720227,23155781553,23155846074,23155718352,23155718352,23155718352
2018,1,Alaska,Quarterly Establishments,21993,21785,21649,21568,21517,21517
2018,1,Alaska,January Employment,303130,303112,303037,303028,303177,303177
2018,1,Alaska,February Employment,309513,309462,309519,309591,309793,309793
2018,1,Alaska,March Employment,311192,311105,311175,311281,311512,311512
2018,1,Alaska,Total Quarterly Wages,4297962104,4296975454,4297003507,4297734609,4298231740,4298231740
2018,1,Arizona,Quarterly Establishments,162207,161564,161527,157872,156388,156388
2018,1,Arizona,January Employment,2787306,2787526,2788190,2787654,2787706,2787706
2018,1,Arizona,February Employment,2813306,2813945,2814663,2814361,2814406,2814406
2018,1,Arizona,March Employment,2822500,2823117,2823854,2823510,2823545,2823545
2018,1,Arizona,Total Quarterly Wages,37426887457,37417946640,37425236653,37419496324,37419931117,37419931117
2018,1,Arkansas,Quarterly Establishments,90709,89883,89882,89882,89884,89884
2018,1,Arkansas,January Employment,1194821,1193544,1193432,1193432,1193440,1193440
2018,1,Arkansas,February Employment,1204239,1203046,1202935,1202935,1202943,1202943
2018,1,Arkansas,March Employment,1211352,1210123,1210009,1210009,1210017,1210017
2018,1,Arkansas,Total Quarterly Wages,13755018159,13710956554,13710351243,13710351243,13710399873,13710399873
2018,1,California,Quarterly Establishments,1548306,1539164,1532012,1530000,1528606,1528606
2018,1,California,January Employment,16994814,16984256,16977293,16974842,16972447,16972447
2018,1,California,February Employment,17157494,17146930,17139451,17137209,17134937,17134937
2018,1,California,March Employment,17152545,17144896,17139497,17137504,17135430,17135430
2018,1,California,Total Quarterly Wages,300482457490,299987679970,299866787765,299798926325,299733609634,299733609634
2018,1,Colorado,Quarterly Establishments,202577,202957,202690,202688,202694,202694
2018,1,Colorado,January Employment,2612260,2612300,2612220,2612258,2612292,2612292
2018,1,Colorado,February Employment,2623720,2623849,2623707,2623774,2623812,2623812
2018,1,Colorado,March Employment,2639488,2639721,2639584,2639679,2639715,2639715
2018,1,Colorado,Total Quarterly Wages,40115392910,40119020579,40116485783,40117111064,40117404635,40117404635
2018,1,Connecticut,Quarterly Establishments,120068,119698,119720,119724,119724,119724
2018,1,Connecticut,January Employment,1643896,1644327,1643836,1644368,1644286,1644286
2018,1,Connecticut,February Employment,1646301,1646222,1645653,1646176,1646096,1646096
2018,1,Connecticut,March Employment,1651854,1651503,1650843,1651390,1651310,1651310
2018,1,Connecticut,Total Quarterly Wages,30991680138,31119619379,31104718483,31120521720,31119229396,31119229396
2018,1,Delaware,Quarterly Establishments,32229,32390,32334,32305,32298,32298
2018,1,Delaware,January Employment,435190,435354,434839,434610,434904,434904
2018,1,Delaware,February Employment,436759,436852,436346,436120,436413,436413
2018,1,Delaware,March Employment,438741,438914,438259,438171,438464,438464
2018,1,Delaware,Total Quarterly Wages,6826167620,6824274032,6814107374,6809908570,6811732257,6811732257
2018,1,District of Columbia,Quarterly Establishments,41330,40202,39659,39441,39383,39383
2018,1,District of Columbia,January Employment,760542,760593,760178,759803,760042,760042
2018,1,District of Columbia,February Employment,766772,766752,766303,765925,766163,766163
2018,1,District of Columbia,March Employment,770195,770314,769845,769461,769705,769705
2018,1,District of Columbia,Total Quarterly Wages,19090350126,19089120557,19076635262,19072951799,19073784284,19073784284
2018,1,Florida,Quarterly Establishments,693199,680302,680268,680262,680258,680258
2018,1,Florida,January Employment,8598449,8597771,8595650,8595815,8595735,8595735
2018,1,Florida,February Employment,8672220,8674906,8672127,8672318,8672538,8672538
2018,1,Florida,March Employment,8716770,8716557,8714105,8714266,8714400,8714400
2018,1,Florida,Total Quarterly Wages,111308296229,111295641364,111281154969,111281777763,111284824951,111284824951
2018,1,Georgia,Quarterly Establishments,281399,277129,276956,276970,276973,276973
2018,1,Georgia,January Employment,4348158,4338315,4334834,4334805,4335175,4335175
2018,1,Georgia,February Employment,4382103,4369630,4367764,4367717,4368077,4368077
2018,1,Georgia,March Employment,4409086,4397935,4396079,4396070,4396446,4396446
2018,1,Georgia,Total Quarterly Wages,62330066645,62173161906,62125681526,62119464820,62035487179,62035487179
2018,1,Hawaii,Quarterly Establishments,42501,42211,41941,41635,41446,41446
2018,1,Hawaii,January Employment,650002,651154,651569,651821,652057,652057
2018,1,Hawaii,February Employment,655382,656582,656997,657266,657426,657426
2018,1,Hawaii,March Employment,658356,659600,660056,660315,660572,660572
2018,1,Hawaii,Total Quarterly Wages,8287690902,8297938831,8301384401,8305738196,8306793090,8306793090
2018,1,Idaho,Quarterly Establishments,61185,61490,61437,61439,61434,61434
2018,1,Idaho,January Employment,698994,698705,699345,699345,699235,699235
2018,1,Idaho,February Employment,706681,706409,706971,706966,706855,706855
2018,1,Idaho,March Employment,712621,712581,713193,713191,713080,713080
2018,1,Idaho,Total Quarterly Wages,7425000970,7427317154,7432991143,7433367894,7432476447,7432476447
2018,1,Illinois,Quarterly Establishments,373703,367988,365310,364425,364283,364283
2018,1,Illinois,January Employment,5834382,5835823,5836389,5825293,5826611,5826611
2018,1,Illinois,February Employment,5855146,5857107,5858812,5846783,5848069,5848069
2018,1,Illinois,March Employment,5909347,5913160,5916049,5903904,5905137,5905137
2018,1,Illinois,Total Quarterly Wages,94675707511,94671215068,94657066793,94500503279,94515331008,94515331008
2018,1,Indiana,Quarterly Establishments,166899,167821,167616,167158,167173,167173
2018,1,Indiana,January Employment,2982540,2982782,2983269,2983216,2983106,2983106
2018,1,Indiana,February Employment,2997567,2997595,2997745,2997695,2997597,2997597
2018,1,Indiana,March Employment,3018841,3021502,3021708,3021676,3021554,3021554
2018,1,Indiana,Total Quarterly Wages,37191324341,37195228261,37202142382,37201227858,37202605114,37202605114
2018,1,Iowa,Quarterly Establishments,102580,102367,102367,102367,102370,102370
2018,1,Iowa,January Employment,1514723,1514063,1514063,1514063,1514063,1514063
2018,1,Iowa,February Employment,1519065,1518441,1518441,1518441,1518441,1518441
2018,1,Iowa,March Employment,1525837,1525225,1525225,1525225,1525225,1525225
2018,1,Iowa,Total Quarterly Wages,18198975878,18199036572,18199036572,18199036572,18199036572,18199036572
2018,1,Kansas,Quarterly Establishments,88337,88115,88027,88028,88026,88026
2018,1,Kansas,January Employment,1359493,1359692,1359626,1359626,1359620,1359620
2018,1,Kansas,February Employment,1368301,1368499,1368341,1368341,1368335,1368335
2018,1,Kansas,March Employment,1370616,1371539,1371375,1371375,1371369,1371369
2018,1,Kansas,Total Quarterly Wages,16190464829,16186005665,16182922999,16182922999,16182858358,16182858358
2018,1,Kentucky,Quarterly Establishments,123367,123276,123575,123621,123710,123710
2018,1,Kentucky,January Employment,1852391,1852261,1849838,1850275,1849842,1849842
2018,1,Kentucky,February Employment,1862306,1862401,1860097,1860515,1860086,1860086
2018,1,Kentucky,March Employment,1873666,1873796,1871565,1871964,1871541,1871541
2018,1,Kentucky,Total Quarterly Wages,21809284726,21791061086,21770489598,21770835014,21761157202,21761157202
2018,1,Louisiana,Quarterly Establishments,132343,132127,131481,130725,130343,130343
2018,1,Louisiana,January Employment,1887610,1889949,1891126,1891576,1891502,1891502
2018,1,Louisiana,February Employment,1897375,1900162,1901259,1901638,1901654,1901654
2018,1,Louisiana,March Employment,1914709,1917624,1919258,1919576,1919684,1919684
2018,1,Louisiana,Total Quarterly Wages,23023389184,23029464716,23032827410,23034691082,23043391819,23043391819
2018,1,Maine,Quarterly Establishments,53838,53473,53266,53137,52915,52915
2018,1,Maine,January Employment,591151,591628,591442,591434,591574,591574
2018,1,Maine,February Employment,590839,591305,591121,591140,591083,591083
2018,1,Maine,March Employment,592142,592650,592455,592528,592480,592480
2018,1,Maine,Total Quarterly Wages,6850991938,6852445954,6851335936,6851505749,6851070260,6851070260
2018,1,Maryland,Quarterly Establishments,171417,172762,172716,172774,172834,172834
2018,1,Maryland,January Employment,2615293,2616520,2616370,2617339,2619002,2619002
2018,1,Maryland,February Employment,2631435,2632355,2631918,2631508,2633265,2633265
2018,1,Maryland,March Employment,2646866,2647361,2645341,2644625,2646433,2646433
2018,1,Maryland,Total Quarterly Wages,41363521004,41357691375,41348993457,41341439110,41346186960,41346186960
2018,1,Massachusetts,Quarterly Establishments,257082,256522,256017,255223,254774,254774
2018,1,Massachusetts,January Employment,3487455,3488185,3490941,3493055,3495641,3495641
2018,1,Massachusetts,February Employment,3496968,3498121,3500958,3502899,3505185,3505185
2018,1,Massachusetts,March Employment,3509909,3511504,3514506,3516529,3518931,3518931
2018,1,Massachusetts,Total Quarterly Wages,68654896571,68692175032,68732669000,68748362802,68763469549,68763469549
2018,1,Michigan,Quarterly Establishments,245485,245362,245223,245130,245143,245143
2018,1,Michigan,January Employment,4240158,4240221,4233575,4232926,4233534,4233534
2018,1,Michigan,February Employment,4260955,4260934,4253436,4252812,4253442,4253442
2018,1,Michigan,March Employment,4289011,4290680,4283116,4282449,4282945,4282945
2018,1,Michigan,Total Quarterly Wages,59723000614,59716075775,59573633832,59570416350,59572459852,59572459852
2018,1,Minnesota,Quarterly Establishments,174237,174124,173094,171936,171912,171912
2018,1,Minnesota,January Employment,2824562,2824955,2825028,2825955,2826050,2826050
2018,1,Minnesota,February Employment,2826519,2826592,2826434,2827457,2827573,2827573
2018,1,Minnesota,March Employment,2823649,2824702,2824799,2825830,2825976,2825976
2018,1,Minnesota,Total Quarterly Wages,43167994194,43177999191,43179604330,43196827696,43200386941,43200386941
2018,1,Mississippi,Quarterly Establishments,73789,73709,73448,73040,73040,73040
2018,1,Mississippi,January Employment,1114391,1114311,1113994,1113970,1113972,1113972
2018,1,Mississippi,February Employment,1119456,1119425,1118863,1118837,1118840,1118840
2018,1,Mississippi,March Employment,1125924,1125961,1125645,1125528,1125530,1125530
2018,1,Mississippi,Total Quarterly Wages,11137809910,11134204961,11130787500,11130654020,11130666064,11130666064
2018,1,Missouri,Quarterly Establishments,207431,197879,196466,196417,195117,195117
2018,1,Missouri,January Employment,2742127,2738251,2737480,2737317,2737135,2737135
2018,1,Missouri,February Employment,2758060,2754291,2753507,2753347,2753148,2753148
2018,1,Missouri,March Employment,2777625,2774101,2773495,2773336,2773158,2773158
2018,1,Missouri,Total Quarterly Wages,34445836478,34411749338,34409940882,34409041954,34408188815,34408188815
2018,1,Montana,Quarterly Establishments,48566,48562,48554,48550,48550,48550
2018,1,Montana,January Employment,450954,450670,450523,450511,450511,450511
2018,1,Montana,February Employment,452132,451873,451670,451658,451658,451658
2018,1,Montana,March Employment,455482,455088,454818,454806,454806,454806
2018,1,Montana,Total Quarterly Wages,4820672026,4817153458,4815392869,4815261543,4815261543,4815261543
2018,1,Nebraska,Quarterly Establishments,72232,71818,71811,71811,71811,71811
2018,1,Nebraska,January Employment,956669,956144,956019,956019,956019,956019
2018,1,Nebraska,February Employment,959926,959275,959152,959152,959152,959152
2018,1,Nebraska,March Employment,966010,965260,965136,965136,965136,965136
2018,1,Nebraska,Total Quarterly Wages,11218895375,11196601854,11194769296,11194769296,11194769296,11194769296
2018,1,Nevada,Quarterly Establishments,81801,80705,80107,79382,79390,79390
2018,1,Nevada,January Employment,1332739,1332620,1332646,1332170,1332271,1332271
2018,1,Nevada,February Employment,1341812,1341832,1342177,1341769,1341891,1341891
2018,1,Nevada,March Employment,1351590,1351720,1351606,1351209,1351355,1351355
2018,1,Nevada,Total Quarterly Wages,17047548450,17044258721,17043241308,17040230986,17041735978,17041735978
2018,1,New Hampshire,Quarterly Establishments,52051,51664,51634,51634,51634,51634
2018,1,New Hampshire,January Employment,647235,647327,647250,647239,647239,647239
2018,1,New Hampshire,February Employment,647844,648157,648083,648074,648074,648074
2018,1,New Hampshire,March Employment,648176,648495,648490,648478,648478,648478
2018,1,New Hampshire,Total Quarterly Wages,9447546054,9447564919,9445904698,9445875320,9445875320,9445875320
2018,1,New Jersey,Quarterly Establishments,273662,271169,266998,265564,264363,264363
2018,1,New Jersey,January Employment,3957936,3951564,3949425,3949336,3948877,3948877
2018,1,New Jersey,February Employment,3979869,3972621,3970279,3970275,3969841,3969841
2018,1,New Jersey,March Employment,3997630,3989892,3987506,3987666,3987210,3987210
2018,1,New Jersey,Total Quarterly Wages,71019277936,70971180294,70949566077,70953412061,70954869288,70954869288
2018,1,New Mexico,Quarterly Establishments,59276,59383,59384,59387,59389,59389
2018,1,New Mexico,January Employment,807021,807756,807799,807918,808062,808062
2018,1,New Mexico,February Employment,811896,812848,812986,813116,813237,813237
2018,1,New Mexico,March Employment,813254,814571,814720,814844,814913,814913
2018,1,New Mexico,Total Quarterly Wages,9085724225,9092441521,9092802411,9093999790,9102146273,9102146273
2018,1,New York,Quarterly Establishments,649055,643055,637864,635091,632640,632640
2018,1,New York,January Employment,9200200,9196442,9196011,9195608,9196008,9196008
2018,1,New York,February Employment,9272964,9270084,9269777,9269449,9269829,9269829
2018,1,New York,March Employment,9318855,9317969,9318108,9317890,9318228,9318228
2018,1,New York,Total Quarterly Wages,192379258424,192321683284,192236751361,192233683000,192223038042,192223038042
2018,1,North Carolina,Quarterly Establishments,279240,279980,279976,280035,280035,280035
2018,1,North Carolina,January Employment,4310901,4311634,4311216,4311245,4311214,4311214
2018,1,North Carolina,February Employment,4345532,4346558,4346084,4346141,4346209,4346209
2018,1,North Carolina,March Employment,4370624,4373244,4372802,4372859,4372936,4372936
2018,1,North Carolina,Total Quarterly Wages,57708536260,57645090437,57633894784,57634800314,57633524985,57633524985
2018,1,North Dakota,Quarterly Establishments,31591,31591,31593,31593,31593,31593
2018,1,North Dakota,January Employment,405413,405443,405444,405444,405444,405444
2018,1,North Dakota,February Employment,406445,406538,406539,406539,406539,406539
2018,1,North Dakota,March Employment,408166,408302,408303,408303,408303,408303
2018,1,North Dakota,Total Quarterly Wages,5225262813,5226003607,5226014799,5226014799,5226014799,5226014799
2018,1,Ohio,Quarterly Establishments,297481,296963,296960,296955,296946,296946
2018,1,Ohio,January Employment,5274821,5272745,5272165,5271914,5272078,5272078
2018,1,Ohio,February Employment,5302212,5299469,5298757,5299235,5299400,5299400
2018,1,Ohio,March Employment,5328477,5326159,5325487,5326250,5326416,5326416
2018,1,Ohio,Total Quarterly Wages,69251776632,69242263315,69240341068,69239320867,69220303704,69220303704
2018,1,Oklahoma,Quarterly Establishments,111290,110567,110084,110090,110097,110097
2018,1,Oklahoma,January Employment,1579800,1577500,1577399,1577399,1577399,1577399
2018,1,Oklahoma,February Employment,1589711,1587823,1587723,1587723,1587723,1587723
2018,1,Oklahoma,March Employment,1600857,1599687,1599587,1599587,1599587,1599587
2018,1,Oklahoma,Total Quarterly Wages,18903724148,18880241551,18879573755,18879573755,18879573755,18879573755
2018,1,Oregon,Quarterly Establishments,154911,153306,152486,151959,151229,151229
2018,1,Oregon,January Employment,1872530,1872536,1873162,1873629,1873237,1873237
2018,1,Oregon,February Employment,1883808,1884190,1884938,1885469,1884995,1884995
2018,1,Oregon,March Employment,1894276,1895552,1896990,1897700,1897371,1897371
2018,1,Oregon,Total Quarterly Wages,25129023535,25129280153,25137882028,25146927576,25141264776,25141264776
2018,1,Pennsylvania,Quarterly Establishments,358126,354824,354819,354819,354820,354820
2018,1,Pennsylvania,January Employment,5744124,5743945,5743923,5743923,5743923,5743923
2018,1,Pennsylvania,February Employment,5756848,5757591,5757563,5757563,5757563,5757563
2018,1,Pennsylvania,March Employment,5787229,5788533,5788455,5788455,5788455,5788455
2018,1,Pennsylvania,Total Quarterly Wages,83538967420,83524615007,83524274056,83524274056,83524274056,83524274056
2018,1,Rhode Island,Quarterly Establishments,37615,37632,37626,37623,37619,37619
2018,1,Rhode Island,January Employment,465232,465761,465555,466252,465593,465593
2018,1,Rhode Island,February Employment,468941,469555,469347,470571,469939,469939
2018,1,Rhode Island,March Employment,469898,470501,470310,471533,470886,470886
2018,1,Rhode Island,Total Quarterly Wages,6608923138,6612109176,6602487493,6612683435,6608215516,6608215516
2018,1,South Carolina,Quarterly Establishments,133644,133678,133628,133620,129218,129218
2018,1,South Carolina,January Employment,2040738,2043671,2042297,2040967,2039798,2039798
2018,1,South Carolina,February Employment,2056237,2060309,2058816,2057360,2056300,2056300
2018,1,South Carolina,March Employment,2067399,2071875,2070475,2068845,2067848,2067848
2018,1,South Carolina,Total Quarterly Wages,23434898185,23399681205,23385400899,23379624577,23380348443,23380348443
2018,1,South Dakota,Quarterly Establishments,33455,33448,33462,33467,33474,33474
2018,1,South Dakota,January Employment,413542,413299,413521,413520,413537,413537
2018,1,South Dakota,February Employment,414830,414619,414847,414847,414847,414847
2018,1,South Dakota,March Employment,417495,417226,417463,417464,417484,417484
2018,1,South Dakota,Total Quarterly Wages,4547543353,4544503708,4547992896,4547966405,4547973104,4547973104
2018,1,Tennessee,Quarterly Establishments,160989,159593,159511,159481,159466,159466
2018,1,Tennessee,January Employment,2909606,2906112,2906241,2906119,2905972,2905972
2018,1,Tennessee,February Employment,2931575,2928456,2928568,2928447,2927808,2927808
2018,1,Tennessee,March Employment,2950002,2947038,2947180,2947174,2946537,2946537
2018,1,Tennessee,Total Quarterly Wages,37252837809,37185234659,37183425688,37183591761,37182892939,37182892939
2018,1,Texas,Quarterly Establishments,686275,688818,689048,689062,689069,689069
2018,1,Texas,January Employment,12011936,12020158,12020248,12020916,12020101,12020101
2018,1,Texas,February Employment,12124143,12132107,12132195,12132798,12132918,12132918
2018,1,Texas,March Employment,12179248,12189250,12189218,12189839,12189847,12189847
2018,1,Texas,Total Quarterly Wages,183787675721,183848008334,183851801269,183885175571,183875225659,183875225659
2018,1,Utah,Quarterly Establishments,100747,100691,100676,100675,100675,100675
2018,1,Utah,January Employment,1438311,1438118,1437791,1437822,1437779,1437779
2018,1,Utah,February Employment,1451051,1451137,1450736,1450768,1450726,1450726
2018,1,Utah,March Employment,1458762,1458696,1458212,1458246,1458207,1458207
2018,1,Utah,Total Quarterly Wages,17879450531,17880873975,17879769384,17879677202,17879127916,17879127916
2018,1,Vermont,Quarterly Establishments,25670,25442,25443,25445,25445,25445
2018,1,Vermont,January Employment,306014,306430,306346,306356,306356,306356
2018,1,Vermont,February Employment,308127,308526,308788,308797,308797,308797
2018,1,Vermont,March Employment,307050,307605,307825,307834,307834,307834
2018,1,Vermont,Total Quarterly Wages,3658667141,3664723222,3664122466,3664236657,3664236657,3664236657
2018,1,Virginia,Quarterly Establishments,276427,274854,274826,274806,274803,274803
2018,1,Virginia,January Employment,3813084,3809661,3810354,3810384,3810254,3810254
2018,1,Virginia,February Employment,3835280,3831365,3831560,3831639,3831689,3831689
2018,1,Virginia,March Employment,3854381,3851653,3851965,3852060,3852074,3852074
2018,1,Virginia,Total Quarterly Wages,57941649722,57857683040,57858844110,57865312980,57865991027,57865991027
2018,1,Washington,Quarterly Establishments,239136,245748,246832,246340,246333,246333
2018,1,Washington,January Employment,3262267,3262545,3264369,3260815,3260381,3260381
2018,1,Washington,February Employment,3285563,3284918,3286363,3282840,3282098,3282098
2018,1,Washington,March Employment,3316142,3315035,3315748,3312581,3311706,3311706
2018,1,Washington,Total Quarterly Wages,55828731978,55765010722,55738156675,55703117392,55693230203,55693230203
2018,1,West Virginia,Quarterly Establishments,50805,50970,50936,50878,50869,50869
2018,1,West Virginia,January Employment,677925,678081,677960,677908,677913,677913
2018,1,West Virginia,February Employment,678515,678701,678571,678521,678542,678542
2018,1,West Virginia,March Employment,684799,685269,685092,685082,685128,685128
2018,1,West Virginia,Total Quarterly Wages,7679625062,7679120657,7677191983,7676957688,7677066985,7677066985
2018,1,Wisconsin,Quarterly Establishments,173229,173024,173033,172686,172585,172585
2018,1,Wisconsin,January Employment,2811277,2813607,2813939,2813996,2814011,2814011
2018,1,Wisconsin,February Employment,2818638,2821081,2821308,2821353,2821357,2821357
2018,1,Wisconsin,March Employment,2831734,2835067,2835427,2835491,2835502,2835502
2018,1,Wisconsin,Total Quarterly Wages,35490919682,35496059732,35498876509,35498895353,35498582079,35498582079
2018,1,Wyoming,Quarterly Establishments,26234,26149,26164,26165,26166,26166
2018,1,Wyoming,January Employment,261926,262121,262161,262161,262162,262162
2018,1,Wyoming,February Employment,261823,262071,262123,262123,262124,262124
2018,1,Wyoming,March Employment,263658,264017,264076,264076,264077,264077
2018,1,Wyoming,Total Quarterly Wages,3117023182,3121526005,3121581952,3121581952,3121596314,3121596314
2018,1,Puerto Rico,Quarterly Establishments,44258,44421,44472,44630,44681,44681
2018,1,Puerto Rico,January Employment,843350,843778,843602,844124,843895,843895
2018,1,Puerto Rico,February Employment,849412,849638,849532,850043,849819,849819
2018,1,Puerto Rico,March Employment,856710,857310,857200,857559,857330,857330
2018,1,Puerto Rico,Total Quarterly Wages,6224062906,6243272163,6243096393,6243346528,6242231522,6242231522
2018,1,Virgin Islands,Quarterly Establishments,3347,3428,3420,3421,3413,3413
2018,1,Virgin Islands,January Employment,32678,32599,32357,32426,32490,32490
2018,1,Virgin Islands,February Employment,32892,32991,32747,32837,32908,32908
2018,1,Virgin Islands,March Employment,33263,33393,33171,33277,33374,33374
2018,1,Virgin Islands,Total Quarterly Wages,414916147,416258213,414273841,416819257,417946014,417946014
2018,2,United States,Quarterly Establishments,10047987,10012821,9988054,9970715,Not applicable,9970715
2018,2,United States,April Employment,145476380,145462309,145442959,145442314,Not applicable,145442314
2018,2,United States,May Employment,146687692,146681553,146663619,146663970,Not applicable,146663970
2018,2,United States,June Employment,147431154,147439700,147424528,147422923,Not applicable,147422923
2018,2,United States,Total Quarterly Wages,2009922973204,2009283909532,2009018515852,2009000489248,Not applicable,2009000489248
2018,2,Alabama,Quarterly Establishments,127169,126377,126379,126379,Not applicable,126379
2018,2,Alabama,April Employment,1957111,1958136,1958068,1958068,Not applicable,1958068
2018,2,Alabama,May Employment,1960518,1962481,1962401,1962401,Not applicable,1962401
2018,2,Alabama,June Employment,1969868,1972098,1971977,1971977,Not applicable,1971977
2018,2,Alabama,Total Quarterly Wages,22489723292,22508125846,22507311165,22507311165,Not applicable,22507311165
2018,2,Alaska,Quarterly Establishments,22117,21968,21865,21799,Not applicable,21799
2018,2,Alaska,April Employment,313737,314356,314347,314390,Not applicable,314390
2018,2,Alaska,May Employment,327454,328047,328138,328171,Not applicable,328171
2018,2,Alaska,June Employment,335750,336365,336405,336452,Not applicable,336452
2018,2,Alaska,Total Quarterly Wages,4414208523,4414049006,4415020867,4415360359,Not applicable,4415360359
2018,2,Arizona,Quarterly Establishments,163463,163910,159830,158110,Not applicable,158110
2018,2,Arizona,April Employment,2817329,2818493,2818088,2818014,Not applicable,2818014
2018,2,Arizona,May Employment,2812327,2813088,2812696,2812672,Not applicable,2812672
2018,2,Arizona,June Employment,2770778,2772111,2771839,2771703,Not applicable,2771703
2018,2,Arizona,Total Quarterly Wages,35413843813,35436460487,35430377895,35428936877,Not applicable,35428936877
2018,2,Arkansas,Quarterly Establishments,90529,90114,90113,90115,Not applicable,90115
2018,2,Arkansas,April Employment,1213983,1214685,1214667,1214667,Not applicable,1214667
2018,2,Arkansas,May Employment,1220060,1221031,1221013,1221013,Not applicable,1221013
2018,2,Arkansas,June Employment,1214643,1215670,1215656,1215656,Not applicable,1215656
2018,2,Arkansas,Total Quarterly Wages,13030742948,13036754117,13036682739,13036682739,Not applicable,13036682739
2018,2,California,Quarterly Establishments,1559544,1551747,1544940,1542901,Not applicable,1542901
2018,2,California,April Employment,17276343,17264922,17260850,17256788,Not applicable,17256788
2018,2,California,May Employment,17404008,17392019,17390017,17386282,Not applicable,17386282
2018,2,California,June Employment,17473143,17466100,17464640,17461566,Not applicable,17461566
2018,2,California,Total Quarterly Wages,285939446653,285717746945,285613661123,285563063354,Not applicable,285563063354
2018,2,Colorado,Quarterly Establishments,204904,204812,204793,204819,Not applicable,204819
2018,2,Colorado,April Employment,2652039,2652031,2652224,2652545,Not applicable,2652545
2018,2,Colorado,May Employment,2656959,2657002,2657195,2657544,Not applicable,2657544
2018,2,Colorado,June Employment,2704410,2704635,2704874,2705250,Not applicable,2705250
2018,2,Colorado,Total Quarterly Wages,37337007150,37342319137,37346777608,37351628057,Not applicable,37351628057
2018,2,Connecticut,Quarterly Establishments,120768,120597,120597,120597,Not applicable,120597
2018,2,Connecticut,April Employment,1663657,1662559,1663146,1663077,Not applicable,1663077
2018,2,Connecticut,May Employment,1685818,1684640,1685126,1685056,Not applicable,1685056
2018,2,Connecticut,June Employment,1704496,1703417,1703825,1703760,Not applicable,1703760
2018,2,Connecticut,Total Quarterly Wages,26685696103,26672941480,26687082458,26685710072,Not applicable,26685710072
2018,2,Delaware,Quarterly Establishments,32600,32950,32914,32907,Not applicable,32907
2018,2,Delaware,April Employment,444536,444775,444598,444289,Not applicable,444289
2018,2,Delaware,May Employment,450410,450766,450599,450290,Not applicable,450290
2018,2,Delaware,June Employment,454253,454746,454587,454283,Not applicable,454283
2018,2,Delaware,Total Quarterly Wages,5983379396,5985241682,5984063508,5975121177,Not applicable,5975121177
2018,2,District of Columbia,Quarterly Establishments,39991,39440,39187,39122,Not applicable,39122
2018,2,District of Columbia,April Employment,772383,771814,771309,771543,Not applicable,771543
2018,2,District of Columbia,May Employment,773134,772578,772103,772418,Not applicable,772418
2018,2,District of Columbia,June Employment,777252,776670,776197,776427,Not applicable,776427
2018,2,District of Columbia,Total Quarterly Wages,17239192533,17226854907,17220698587,17222135150,Not applicable,17222135150
2018,2,Florida,Quarterly Establishments,688859,687155,687103,687093,Not applicable,687093
2018,2,Florida,April Employment,8714508,8715769,8715327,8715566,Not applicable,8715566
2018,2,Florida,May Employment,8712940,8711297,8710843,8711030,Not applicable,8711030
2018,2,Florida,June Employment,8568874,8565757,8565308,8565360,Not applicable,8565360
2018,2,Florida,Total Quarterly Wages,104929034909,104921497753,104918207353,104933413842,Not applicable,104933413842
2018,2,Georgia,Quarterly Establishments,278657,276445,276491,276495,Not applicable,276495
2018,2,Georgia,April Employment,4414811,4408139,4408580,4408472,Not applicable,4408472
2018,2,Georgia,May Employment,4434596,4428033,4428201,4428260,Not applicable,4428260
2018,2,Georgia,June Employment,4440532,4433380,4434046,4433787,Not applicable,4433787
2018,2,Georgia,Total Quarterly Wages,56361575857,56259635630,56281743413,56262264128,Not applicable,56262264128
2018,2,Hawaii,Quarterly Establishments,42657,42458,42050,41810,Not applicable,41810
2018,2,Hawaii,April Employment,656054,657812,658156,658255,Not applicable,658255
2018,2,Hawaii,May Employment,657555,659573,659909,660005,Not applicable,660005
2018,2,Hawaii,June Employment,658325,659906,660214,660306,Not applicable,660306
2018,2,Hawaii,Total Quarterly Wages,8167925182,8202184512,8204560167,8205253869,Not applicable,8205253869
2018,2,Idaho,Quarterly Establishments,62546,62894,62893,62886,Not applicable,62886
2018,2,Idaho,April Employment,721714,721838,721847,721744,Not applicable,721744
2018,2,Idaho,May Employment,732389,732489,732486,732373,Not applicable,732373
2018,2,Idaho,June Employment,745265,745635,745646,745552,Not applicable,745552
2018,2,Idaho,Total Quarterly Wages,7564791360,7565466727,7565920720,7565093983,Not applicable,7565093983
2018,2,Illinois,Quarterly Establishments,375146,369422,368241,368072,Not applicable,368072
2018,2,Illinois,April Employment,5944965,5946642,5932970,5934837,Not applicable,5934837
2018,2,Illinois,May Employment,6010614,6013476,5999773,6001340,Not applicable,6001340
2018,2,Illinois,June Employment,6061106,6065868,6052755,6055106,Not applicable,6055106
2018,2,Illinois,Total Quarterly Wages,85628195323,85622436625,85444070640,85454706335,Not applicable,85454706335
2018,2,Indiana,Quarterly Establishments,167611,168548,168084,168090,Not applicable,168090
2018,2,Indiana,April Employment,3039256,3038835,3038812,3038629,Not applicable,3038629
2018,2,Indiana,May Employment,3069846,3069624,3069718,3069524,Not applicable,3069524
2018,2,Indiana,June Employment,3075761,3075874,3075774,3075569,Not applicable,3075569
2018,2,Indiana,Total Quarterly Wages,35147073191,35155734537,35155793811,35156627570,Not applicable,35156627570
2018,2,Iowa,Quarterly Establishments,102830,102851,102850,102851,Not applicable,102851
2018,2,Iowa,April Employment,1545179,1544466,1544466,1544466,Not applicable,1544466
2018,2,Iowa,May Employment,1566936,1566142,1566142,1566142,Not applicable,1566142
2018,2,Iowa,June Employment,1583740,1582894,1582894,1582894,Not applicable,1582894
2018,2,Iowa,Total Quarterly Wages,17900071352,17905131264,17905131264,17905131264,Not applicable,17905131264
2018,2,Kansas,Quarterly Establishments,88955,88620,88482,88486,Not applicable,88486
2018,2,Kansas,April Employment,1382101,1382652,1382537,1382677,Not applicable,1382677
2018,2,Kansas,May Employment,1390142,1390686,1390580,1390711,Not applicable,1390711
2018,2,Kansas,June Employment,1393269,1393907,1393800,1393926,Not applicable,1393926
2018,2,Kansas,Total Quarterly Wages,15870958024,15882217014,15881163414,15882703985,Not applicable,15882703985
2018,2,Kentucky,Quarterly Establishments,123219,123789,123830,123934,Not applicable,123934
2018,2,Kentucky,April Employment,1891135,1889202,1889138,1888758,Not applicable,1888758
2018,2,Kentucky,May Employment,1902487,1900004,1899989,1899611,Not applicable,1899611
2018,2,Kentucky,June Employment,1905931,1903945,1903883,1903508,Not applicable,1903508
2018,2,Kentucky,Total Quarterly Wages,21781419600,21759073028,21755086102,21747509296,Not applicable,21747509296
2018,2,Louisiana,Quarterly Establishments,133081,132786,131838,131344,Not applicable,131344
2018,2,Louisiana,April Employment,1920752,1924644,1925335,1925413,Not applicable,1925413
2018,2,Louisiana,May Employment,1927518,1931256,1932011,1932168,Not applicable,1932168
2018,2,Louisiana,June Employment,1918628,1923640,1924304,1923244,Not applicable,1923244
2018,2,Louisiana,Total Quarterly Wages,22523001306,22546035880,22553376559,22559470240,Not applicable,22559470240
2018,2,Maine,Quarterly Establishments,53329,53150,52963,52740,Not applicable,52740
2018,2,Maine,April Employment,601084,601191,601316,601227,Not applicable,601227
2018,2,Maine,May Employment,616911,617069,617232,617196,Not applicable,617196
2018,2,Maine,June Employment,636785,637106,637320,637248,Not applicable,637248
2018,2,Maine,Total Quarterly Wages,6777026311,6777490695,6778788435,6777629540,Not applicable,6777629540
2018,2,Maryland,Quarterly Establishments,172369,172693,172680,172755,Not applicable,172755
2018,2,Maryland,April Employment,2671743,2670385,2672749,2672298,Not applicable,2672298
2018,2,Maryland,May Employment,2694493,2693067,2695426,2695004,Not applicable,2695004
2018,2,Maryland,June Employment,2712021,2711760,2714723,2714343,Not applicable,2714343
2018,2,Maryland,Total Quarterly Wages,39941019573,39908112285,39924940950,39929530933,Not applicable,39929530933
2018,2,Massachusetts,Quarterly Establishments,259001,258521,257756,257159,Not applicable,257159
2018,2,Massachusetts,April Employment,3552199,3554397,3556847,3561403,Not applicable,3561403
2018,2,Massachusetts,May Employment,3592403,3595515,3597516,3602652,Not applicable,3602652
2018,2,Massachusetts,June Employment,3650065,3652279,3655170,3656684,Not applicable,3656684
2018,2,Massachusetts,Total Quarterly Wages,61839739954,61818851005,61849841038,61883872707,Not applicable,61883872707
2018,2,Michigan,Quarterly Establishments,246826,246671,246507,246534,Not applicable,246534
2018,2,Michigan,April Employment,4309899,4302119,4299862,4300799,Not applicable,4300799
2018,2,Michigan,May Employment,4380684,4371615,4369300,4370160,Not applicable,4370160
2018,2,Michigan,June Employment,4424741,4414932,4412976,4413645,Not applicable,4413645
2018,2,Michigan,Total Quarterly Wages,56638323638,56370983294,56337646653,56343974993,Not applicable,56343974993
2018,2,Minnesota,Quarterly Establishments,177130,175900,174573,174595,Not applicable,174595
2018,2,Minnesota,April Employment,2848304,2847838,2848717,2848796,Not applicable,2848796
2018,2,Minnesota,May Employment,2903947,2905676,2906718,2906818,Not applicable,2906818
2018,2,Minnesota,June Employment,2925613,2928807,2930142,2930327,Not applicable,2930327
2018,2,Minnesota,Total Quarterly Wages,40329984774,40347668912,40368662213,40373610003,Not applicable,40373610003
2018,2,Mississippi,Quarterly Establishments,74161,74037,73457,73448,Not applicable,73448
2018,2,Mississippi,April Employment,1131380,1131612,1131539,1131530,Not applicable,1131530
2018,2,Mississippi,May Employment,1134879,1135088,1135028,1135019,Not applicable,1135019
2018,2,Mississippi,June Employment,1130719,1131081,1130902,1130893,Not applicable,1130893
2018,2,Mississippi,Total Quarterly Wages,11071284862,11067936459,11066563380,11066203404,Not applicable,11066203404
2018,2,Missouri,Quarterly Establishments,203370,201512,201384,199657,Not applicable,199657
2018,2,Missouri,April Employment,2807197,2806765,2806399,2806431,Not applicable,2806431
2018,2,Missouri,May Employment,2822800,2822182,2821820,2821865,Not applicable,2821865
2018,2,Missouri,June Employment,2828957,2828306,2827896,2827900,Not applicable,2827900
2018,2,Missouri,Total Quarterly Wages,33887700090,33886091119,33885519414,33886192132,Not applicable,33886192132
2018,2,Montana,Quarterly Establishments,49580,49600,49597,49597,Not applicable,49597
2018,2,Montana,April Employment,460675,460555,460564,460561,Not applicable,460561
2018,2,Montana,May Employment,470204,470080,470074,470023,Not applicable,470023
2018,2,Montana,June Employment,478656,478502,478481,478432,Not applicable,478432
2018,2,Montana,Total Quarterly Wages,4987486775,4985474004,4985670718,4985162218,Not applicable,4985162218
2018,2,Nebraska,Quarterly Establishments,72739,72644,72648,72648,Not applicable,72648
2018,2,Nebraska,April Employment,973711,974009,973984,973984,Not applicable,973984
2018,2,Nebraska,May Employment,986252,986360,986342,986342,Not applicable,986342
2018,2,Nebraska,June Employment,990792,990960,990969,990969,Not applicable,990969
2018,2,Nebraska,Total Quarterly Wages,10982488856,10985112472,10984847767,10984847767,Not applicable,10984847767
2018,2,Nevada,Quarterly Establishments,81872,81703,80689,80452,Not applicable,80452
2018,2,Nevada,April Employment,1356114,1357064,1356838,1356890,Not applicable,1356890
2018,2,Nevada,May Employment,1367269,1368551,1368417,1368515,Not applicable,1368515
2018,2,Nevada,June Employment,1372436,1373724,1373480,1373546,Not applicable,1373546
2018,2,Nevada,Total Quarterly Wages,16525626607,16527967265,16528732469,16528163832,Not applicable,16528163832
2018,2,New Hampshire,Quarterly Establishments,52660,52437,52437,52437,Not applicable,52437
2018,2,New Hampshire,April Employment,651071,651152,651213,651213,Not applicable,651213
2018,2,New Hampshire,May Employment,660568,660556,660521,660521,Not applicable,660521
2018,2,New Hampshire,June Employment,670825,670846,670807,670830,Not applicable,670830
2018,2,New Hampshire,Total Quarterly Wages,9010230015,9006618507,9006350530,9006350530,Not applicable,9006350530
2018,2,New Jersey,Quarterly Establishments,274183,269769,268096,266706,Not applicable,266706
2018,2,New Jersey,April Employment,4030373,4027935,4027297,4026851,Not applicable,4026851
2018,2,New Jersey,May Employment,4080164,4078698,4078086,4077902,Not applicable,4077902
2018,2,New Jersey,June Employment,4156952,4152187,4151657,4151401,Not applicable,4151401
2018,2,New Jersey,Total Quarterly Wages,63830796794,63753356401,63761057320,63758130813,Not applicable,63758130813
2018,2,New Mexico,Quarterly Establishments,59737,60120,60126,60128,Not applicable,60128
2018,2,New Mexico,April Employment,819915,821092,821076,821102,Not applicable,821102
2018,2,New Mexico,May Employment,824953,826234,826259,826319,Not applicable,826319
2018,2,New Mexico,June Employment,823605,825393,825397,825468,Not applicable,825468
2018,2,New Mexico,Total Quarterly Wages,9110916397,9115908739,9117526641,9117920370,Not applicable,9117920370
2018,2,New York,Quarterly Establishments,650298,644023,640349,637107,Not applicable,637107
2018,2,New York,April Employment,9387029,9387755,9386137,9386864,Not applicable,9386864
2018,2,New York,May Employment,9481416,9483334,9481595,9482621,Not applicable,9482621
2018,2,New York,June Employment,9579225,9584015,9582523,9584415,Not applicable,9584415
2018,2,New York,Total Quarterly Wages,159907654298,159855352326,159830424429,159827339890,Not applicable,159827339890
2018,2,North Carolina,Quarterly Establishments,278881,278810,278811,278812,Not applicable,278812
2018,2,North Carolina,April Employment,4405077,4396623,4396199,4396119,Not applicable,4396119
2018,2,North Carolina,May Employment,4448743,4439991,4439757,4439678,Not applicable,4439678
2018,2,North Carolina,June Employment,4450193,4440754,4440659,4440612,Not applicable,4440612
2018,2,North Carolina,Total Quarterly Wages,53808017220,53744104799,53733772421,53732108476,Not applicable,53732108476
2018,2,North Dakota,Quarterly Establishments,31855,31848,31851,31851,Not applicable,31851
2018,2,North Dakota,April Employment,411365,411368,411434,411434,Not applicable,411434
2018,2,North Dakota,May Employment,422177,422190,422251,422251,Not applicable,422251
2018,2,North Dakota,June Employment,426133,426147,426171,426171,Not applicable,426171
2018,2,North Dakota,Total Quarterly Wages,5380591046,5380958976,5381454202,5381454202,Not applicable,5381454202
2018,2,Ohio,Quarterly Establishments,296758,296148,296137,296131,Not applicable,296131
2018,2,Ohio,April Employment,5377404,5377527,5378055,5378269,Not applicable,5378269
2018,2,Ohio,May Employment,5440665,5443230,5443497,5443682,Not applicable,5443682
2018,2,Ohio,June Employment,5461271,5464122,5463463,5463663,Not applicable,5463663
2018,2,Ohio,Total Quarterly Wages,65808439703,65814371829,65812055929,65814646440,Not applicable,65814646440
2018,2,Oklahoma,Quarterly Establishments,110908,110603,110603,110608,Not applicable,110608
2018,2,Oklahoma,April Employment,1599440,1602251,1601985,1601984,Not applicable,1601984
2018,2,Oklahoma,May Employment,1608721,1612414,1612152,1612151,Not applicable,1612151
2018,2,Oklahoma,June Employment,1606435,1610201,1609930,1609929,Not applicable,1609929
2018,2,Oklahoma,Total Quarterly Wages,18252226689,18257919414,18256775916,18256774401,Not applicable,18256774401
2018,2,Oregon,Quarterly Establishments,155800,154939,154247,153411,Not applicable,153411
2018,2,Oregon,April Employment,1906722,1907577,1908111,1908779,Not applicable,1908779
2018,2,Oregon,May Employment,1923883,1924738,1925501,1926272,Not applicable,1926272
2018,2,Oregon,June Employment,1947282,1948949,1950022,1950921,Not applicable,1950921
2018,2,Oregon,Total Quarterly Wages,25009290161,25017756591,25031417762,25034627328,Not applicable,25034627328
2018,2,Pennsylvania,Quarterly Establishments,359906,356210,356216,356216,Not applicable,356216
2018,2,Pennsylvania,April Employment,5850019,5850380,5850420,5850420,Not applicable,5850420
2018,2,Pennsylvania,May Employment,5903455,5903705,5903833,5903833,Not applicable,5903833
2018,2,Pennsylvania,June Employment,5924852,5926212,5926306,5926306,Not applicable,5926306
2018,2,Pennsylvania,Total Quarterly Wages,78969489520,78988450680,78988667429,78988667429,Not applicable,78988667429
2018,2,Rhode Island,Quarterly Establishments,37878,37871,37862,37853,Not applicable,37853
2018,2,Rhode Island,April Employment,478549,477888,478773,478120,Not applicable,478120
2018,2,Rhode Island,May Employment,486803,486399,487155,486505,Not applicable,486505
2018,2,Rhode Island,June Employment,491000,491504,491095,491075,Not applicable,491075
2018,2,Rhode Island,Total Quarterly Wages,6298970932,6306074344,6304926716,6307915440,Not applicable,6307915440
2018,2,South Carolina,Quarterly Establishments,135885,135997,136007,131566,Not applicable,131566
2018,2,South Carolina,April Employment,2101955,2100878,2098292,2097109,Not applicable,2097109
2018,2,South Carolina,May Employment,2113779,2113348,2110859,2109591,Not applicable,2109591
2018,2,South Carolina,June Employment,2126481,2121768,2118891,2117610,Not applicable,2117610
2018,2,South Carolina,Total Quarterly Wages,22884133809,22906394898,22900644439,22901559280,Not applicable,22901559280
2018,2,South Dakota,Quarterly Establishments,33584,33599,33602,33608,Not applicable,33608
2018,2,South Dakota,April Employment,419472,419793,419809,419808,Not applicable,419808
2018,2,South Dakota,May Employment,431818,432177,432177,432176,Not applicable,432176
2018,2,South Dakota,June Employment,439713,440116,440110,440109,Not applicable,440109
2018,2,South Dakota,Total Quarterly Wages,4514010539,4517461051,4517337094,4517334655,Not applicable,4517334655
2018,2,Tennessee,Quarterly Establishments,161690,160976,160941,160928,Not applicable,160928
2018,2,Tennessee,April Employment,2965727,2965212,2964889,2964363,Not applicable,2964363
2018,2,Tennessee,May Employment,2982734,2982253,2982019,2981418,Not applicable,2981418
2018,2,Tennessee,June Employment,2994076,2994021,2993692,2993679,Not applicable,2993679
2018,2,Tennessee,Total Quarterly Wages,36115134834,36128450705,36125432113,36123244057,Not applicable,36123244057
2018,2,Texas,Quarterly Establishments,687201,690698,690844,690884,Not applicable,690884
2018,2,Texas,April Employment,12214678,12223991,12223903,12223936,Not applicable,12223936
2018,2,Texas,May Employment,12282944,12292528,12292356,12292404,Not applicable,12292404
2018,2,Texas,June Employment,12326296,12338290,12338485,12338444,Not applicable,12338444
2018,2,Texas,Total Quarterly Wages,169511578771,169626416672,169664261369,169655555009,Not applicable,169655555009
2018,2,Utah,Quarterly Establishments,103074,102530,102480,102479,Not applicable,102479
2018,2,Utah,April Employment,1467631,1465467,1465419,1465330,Not applicable,1465330
2018,2,Utah,May Employment,1477666,1475460,1475423,1475335,Not applicable,1475335
2018,2,Utah,June Employment,1483853,1481663,1481638,1481537,Not applicable,1481537
2018,2,Utah,Total Quarterly Wages,17255775648,17227574525,17225455816,17223956220,Not applicable,17223956220
2018,2,Vermont,Quarterly Establishments,25642,25578,25580,25580,Not applicable,25580
2018,2,Vermont,April Employment,303840,304579,304588,304588,Not applicable,304588
2018,2,Vermont,May Employment,306646,307596,307604,307604,Not applicable,307604
2018,2,Vermont,June Employment,312402,314087,314095,314095,Not applicable,314095
2018,2,Vermont,Total Quarterly Wages,3625729028,3631869692,3631590199,3631565772,Not applicable,3631565772
2018,2,Virginia,Quarterly Establishments,277415,276264,276073,276057,Not applicable,276057
2018,2,Virginia,April Employment,3884866,3884158,3883566,3883595,Not applicable,3883595
2018,2,Virginia,May Employment,3910795,3910723,3910055,3910128,Not applicable,3910128
2018,2,Virginia,June Employment,3941024,3942862,3943119,3943367,Not applicable,3943367
2018,2,Virginia,Total Quarterly Wages,54587468444,54589059329,54589247206,54588353870,Not applicable,54588353870
2018,2,Washington,Quarterly Establishments,247488,248752,249255,249207,Not applicable,249207
2018,2,Washington,April Employment,3340650,3339706,3339076,3336888,Not applicable,3336888
2018,2,Washington,May Employment,3375124,3374258,3373312,3370495,Not applicable,3370495
2018,2,Washington,June Employment,3444114,3443598,3442725,3439740,Not applicable,3439740
2018,2,Washington,Total Quarterly Wages,53628157116,53524885803,53467688147,53457832186,Not applicable,53457832186
2018,2,West Virginia,Quarterly Establishments,50912,51082,51004,50991,Not applicable,50991
2018,2,West Virginia,April Employment,690601,691154,691222,691215,Not applicable,691215
2018,2,West Virginia,May Employment,697987,698835,698883,698890,Not applicable,698890
2018,2,West Virginia,June Employment,702919,704205,704331,704386,Not applicable,704386
2018,2,West Virginia,Total Quarterly Wages,7863699706,7878826269,7876055187,7879523525,Not applicable,7879523525
2018,2,Wisconsin,Quarterly Establishments,174912,174952,174483,174441,Not applicable,174441
2018,2,Wisconsin,April Employment,2850947,2852609,2852648,2852642,Not applicable,2852642
2018,2,Wisconsin,May Employment,2888699,2890635,2890630,2890706,Not applicable,2890706
2018,2,Wisconsin,June Employment,2933491,2935875,2935847,2935968,Not applicable,2935968
2018,2,Wisconsin,Total Quarterly Wages,33961691295,33971763590,33972986505,33972847539,Not applicable,33972847539
2018,2,Wyoming,Quarterly Establishments,26297,26301,26316,26319,Not applicable,26319
2018,2,Wyoming,April Employment,265150,265509,265567,265568,Not applicable,265568
2018,2,Wyoming,May Employment,272399,272816,272881,272883,Not applicable,272883
2018,2,Wyoming,June Employment,282203,282810,282882,282884,Not applicable,282884
2018,2,Wyoming,Total Quarterly Wages,3201003284,3204740305,3205446052,3205470825,Not applicable,3205470825
2018,2,Puerto Rico,Quarterly Establishments,44270,44707,44735,44781,Not applicable,44781
2018,2,Puerto Rico,April Employment,854939,855659,856920,856735,Not applicable,856735
2018,2,Puerto Rico,May Employment,858885,859310,860763,860578,Not applicable,860578
2018,2,Puerto Rico,June Employment,853488,855019,855361,855161,Not applicable,855161
2018,2,Puerto Rico,Total Quarterly Wages,6040544605,6044125068,6035506806,6034734830,Not applicable,6034734830
2018,2,Virgin Islands,Quarterly Establishments,3351,3429,3430,3417,Not applicable,3417
2018,2,Virgin Islands,April Employment,33039,32779,32887,33135,Not applicable,33135
2018,2,Virgin Islands,May Employment,33198,32932,33069,33321,Not applicable,33321
2018,2,Virgin Islands,June Employment,33435,33108,33320,33644,Not applicable,33644
2018,2,Virgin Islands,Total Quarterly Wages,362061944,360265493,363992684,366642722,Not applicable,366642722
2018,3,United States,Quarterly Establishments,10118010,10065152,10040113,Not applicable,Not applicable,10040113
2018,3,United States,July Employment,145322620,145347678,145351404,Not applicable,Not applicable,145351404
2018,3,United States,August Employment,146273005,146303886,146310040,Not applicable,Not applicable,146310040
2018,3,United States,September Employment,146824093,146872358,146882505,Not applicable,Not applicable,146882505
2018,3,United States,Total Quarterly Wages,2003536638490,2003833341668,2003929169145,Not applicable,Not applicable,2003929169145
2018,3,Alabama,Quarterly Establishments,127808,127492,127492,Not applicable,Not applicable,127492
2018,3,Alabama,July Employment,1956830,1956621,1956628,Not applicable,Not applicable,1956628
2018,3,Alabama,August Employment,1964812,1964315,1964325,Not applicable,Not applicable,1964325
2018,3,Alabama,September Employment,1965991,1967098,1967108,Not applicable,Not applicable,1967108
2018,3,Alabama,Total Quarterly Wages,22568220771,22573139517,22573139515,Not applicable,Not applicable,22573139515
2018,3,Alaska,Quarterly Establishments,22199,22053,21968,Not applicable,Not applicable,21968
2018,3,Alaska,July Employment,336181,336175,336300,Not applicable,Not applicable,336300
2018,3,Alaska,August Employment,339374,339442,339494,Not applicable,Not applicable,339494
2018,3,Alaska,September Employment,334010,333799,333877,Not applicable,Not applicable,333877
2018,3,Alaska,Total Quarterly Wages,4659864832,4663404192,4665126441,Not applicable,Not applicable,4665126441
2018,3,Arizona,Quarterly Establishments,165965,162305,160339,Not applicable,Not applicable,160339
2018,3,Arizona,July Employment,2719276,2721286,2721089,Not applicable,Not applicable,2721089
2018,3,Arizona,August Employment,2812955,2815648,2815437,Not applicable,Not applicable,2815437
2018,3,Arizona,September Employment,2838606,2838746,2838496,Not applicable,Not applicable,2838496
2018,3,Arizona,Total Quarterly Wages,35342315142,35355416949,35350447525,Not applicable,Not applicable,35350447525
2018,3,Arkansas,Quarterly Establishments,90943,90525,90528,Not applicable,Not applicable,90528
2018,3,Arkansas,July Employment,1168467,1169630,1169630,Not applicable,Not applicable,1169630
2018,3,Arkansas,August Employment,1200345,1200900,1200900,Not applicable,Not applicable,1200900
2018,3,Arkansas,September Employment,1222062,1222610,1222610,Not applicable,Not applicable,1222610
2018,3,Arkansas,Total Quarterly Wages,12620260224,12606070169,12606070169,Not applicable,Not applicable,12606070169
2018,3,California,Quarterly Establishments,1573493,1565719,1558996,Not applicable,Not applicable,1558996
2018,3,California,July Employment,17252144,17252925,17250869,Not applicable,Not applicable,17250869
2018,3,California,August Employment,17394476,17390079,17389906,Not applicable,Not applicable,17389906
2018,3,California,September Employment,17457479,17459226,17463441,Not applicable,Not applicable,17463441
2018,3,California,Total Quarterly Wages,284557059580,284631430248,284608794516,Not applicable,Not applicable,284608794516
2018,3,Colorado,Quarterly Establishments,206507,206641,206704,Not applicable,Not applicable,206704
2018,3,Colorado,July Employment,2699802,2700107,2700682,Not applicable,Not applicable,2700682
2018,3,Colorado,August Employment,2703500,2704168,2704747,Not applicable,Not applicable,2704747
2018,3,Colorado,September Employment,2683961,2684662,2685238,Not applicable,Not applicable,2685238
2018,3,Colorado,Total Quarterly Wages,38676440059,38678244144,38686332647,Not applicable,Not applicable,38686332647
2018,3,Connecticut,Quarterly Establishments,121344,121094,121095,Not applicable,Not applicable,121095
2018,3,Connecticut,July Employment,1662121,1664238,1663923,Not applicable,Not applicable,1663923
2018,3,Connecticut,August Employment,1659345,1661838,1661409,Not applicable,Not applicable,1661409
2018,3,Connecticut,September Employment,1681464,1682794,1682326,Not applicable,Not applicable,1682326
2018,3,Connecticut,Total Quarterly Wages,26204243348,26206135295,26202962433,Not applicable,Not applicable,26202962433
2018,3,Delaware,Quarterly Establishments,33252,33548,33542,Not applicable,Not applicable,33542
2018,3,Delaware,July Employment,453533,454348,454056,Not applicable,Not applicable,454056
2018,3,Delaware,August Employment,450648,451412,451116,Not applicable,Not applicable,451116
2018,3,Delaware,September Employment,447797,448517,448226,Not applicable,Not applicable,448226
2018,3,Delaware,Total Quarterly Wages,6125523072,6132359217,6123623876,Not applicable,Not applicable,6123623876
2018,3,District of Columbia,Quarterly Establishments,40453,40135,40049,Not applicable,Not applicable,40049
2018,3,District of Columbia,July Employment,773138,773255,773564,Not applicable,Not applicable,773564
2018,3,District of Columbia,August Employment,767981,768101,768448,Not applicable,Not applicable,768448
2018,3,District of Columbia,September Employment,770748,771104,771420,Not applicable,Not applicable,771420
2018,3,District of Columbia,Total Quarterly Wages,18100087089,18094061718,18095126633,Not applicable,Not applicable,18095126633
2018,3,Florida,Quarterly Establishments,698603,692467,692446,Not applicable,Not applicable,692446
2018,3,Florida,July Employment,8494531,8493073,8493259,Not applicable,Not applicable,8493259
2018,3,Florida,August Employment,8671925,8671760,8672179,Not applicable,Not applicable,8672179
2018,3,Florida,September Employment,8690689,8693013,8693445,Not applicable,Not applicable,8693445
2018,3,Florida,Total Quarterly Wages,103508182169,103505224273,103521192203,Not applicable,Not applicable,103521192203
2018,3,Georgia,Quarterly Establishments,279290,277644,277608,Not applicable,Not applicable,277608
2018,3,Georgia,July Employment,4414006,4412846,4412856,Not applicable,Not applicable,4412856
2018,3,Georgia,August Employment,4453131,4451828,4451955,Not applicable,Not applicable,4451955
2018,3,Georgia,September Employment,4448777,4447941,4448238,Not applicable,Not applicable,4448238
2018,3,Georgia,Total Quarterly Wages,57301904854,57264567272,57229822149,Not applicable,Not applicable,57229822149
2018,3,Hawaii,Quarterly Establishments,43042,42700,42384,Not applicable,Not applicable,42384
2018,3,Hawaii,July Employment,648246,649609,649778,Not applicable,Not applicable,649778
2018,3,Hawaii,August Employment,649523,650877,650992,Not applicable,Not applicable,650992
2018,3,Hawaii,September Employment,654702,656106,656247,Not applicable,Not applicable,656247
2018,3,Hawaii,Total Quarterly Wages,8246770040,8261970116,8262820175,Not applicable,Not applicable,8262820175
2018,3,Idaho,Quarterly Establishments,64018,64526,64511,Not applicable,Not applicable,64511
2018,3,Idaho,July Employment,744015,743973,743922,Not applicable,Not applicable,743922
2018,3,Idaho,August Employment,745027,745052,744986,Not applicable,Not applicable,744986
2018,3,Idaho,September Employment,743500,743542,743468,Not applicable,Not applicable,743468
2018,3,Idaho,Total Quarterly Wages,7785621527,7785285695,7784988156,Not applicable,Not applicable,7784988156
2018,3,Illinois,Quarterly Establishments,375124,367254,367007,Not applicable,Not applicable,367007
2018,3,Illinois,July Employment,5987931,5975029,5978161,Not applicable,Not applicable,5978161
2018,3,Illinois,August Employment,6003057,5992901,5995228,Not applicable,Not applicable,5995228
2018,3,Illinois,September Employment,6029247,6018315,6020391,Not applicable,Not applicable,6020391
2018,3,Illinois,Total Quarterly Wages,84849219953,84680308508,84703157146,Not applicable,Not applicable,84703157146
2018,3,Indiana,Quarterly Establishments,168029,168886,168882,Not applicable,Not applicable,168882
2018,3,Indiana,July Employment,3030744,3031347,3031380,Not applicable,Not applicable,3031380
2018,3,Indiana,August Employment,3075474,3076743,3076832,Not applicable,Not applicable,3076832
2018,3,Indiana,September Employment,3072298,3073937,3074015,Not applicable,Not applicable,3074015
2018,3,Indiana,Total Quarterly Wages,35137835593,35149099238,35150432160,Not applicable,Not applicable,35150432160
2018,3,Iowa,Quarterly Establishments,103146,103009,103010,Not applicable,Not applicable,103010
2018,3,Iowa,July Employment,1556103,1556427,1556427,Not applicable,Not applicable,1556427
2018,3,Iowa,August Employment,1550295,1550351,1550351,Not applicable,Not applicable,1550351
2018,3,Iowa,September Employment,1555033,1555403,1555403,Not applicable,Not applicable,1555403
2018,3,Iowa,Total Quarterly Wages,17917044569,17920111924,17920111924,Not applicable,Not applicable,17920111924
2018,3,Kansas,Quarterly Establishments,89231,89172,89068,Not applicable,Not applicable,89068
2018,3,Kansas,July Employment,1364573,1364535,1364641,Not applicable,Not applicable,1364641
2018,3,Kansas,August Employment,1370863,1370579,1370676,Not applicable,Not applicable,1370676
2018,3,Kansas,September Employment,1390378,1389808,1389884,Not applicable,Not applicable,1389884
2018,3,Kansas,Total Quarterly Wages,15503679135,15505648559,15508424825,Not applicable,Not applicable,15508424825
2018,3,Kentucky,Quarterly Establishments,124446,119948,120092,Not applicable,Not applicable,120092
2018,3,Kentucky,July Employment,1826632,1826022,1825119,Not applicable,Not applicable,1825119
2018,3,Kentucky,August Employment,1885859,1885932,1885069,Not applicable,Not applicable,1885069
2018,3,Kentucky,September Employment,1898650,1898879,1898017,Not applicable,Not applicable,1898017
2018,3,Kentucky,Total Quarterly Wages,20795455670,20796589844,20781583557,Not applicable,Not applicable,20781583557
2018,3,Louisiana,Quarterly Establishments,133738,133161,132519,Not applicable,Not applicable,132519
2018,3,Louisiana,July Employment,1897758,1899635,1899033,Not applicable,Not applicable,1899033
2018,3,Louisiana,August Employment,1916664,1919037,1919489,Not applicable,Not applicable,1919489
2018,3,Louisiana,September Employment,1915429,1918467,1919187,Not applicable,Not applicable,1919187
2018,3,Louisiana,Total Quarterly Wages,22368396437,22379418776,22388626378,Not applicable,Not applicable,22388626378
2018,3,Maine,Quarterly Establishments,52998,52843,52574,Not applicable,Not applicable,52574
2018,3,Maine,July Employment,633982,634385,634435,Not applicable,Not applicable,634435
2018,3,Maine,August Employment,632390,632839,632986,Not applicable,Not applicable,632986
2018,3,Maine,September Employment,626535,627269,627242,Not applicable,Not applicable,627242
2018,3,Maine,Total Quarterly Wages,6982239206,6986581277,6987020729,Not applicable,Not applicable,6987020729
2018,3,Maryland,Quarterly Establishments,171250,172940,172979,Not applicable,Not applicable,172979
2018,3,Maryland,July Employment,2674020,2678705,2686931,Not applicable,Not applicable,2686931
2018,3,Maryland,August Employment,2662399,2667785,2677627,Not applicable,Not applicable,2677627
2018,3,Maryland,September Employment,2683909,2687897,2690927,Not applicable,Not applicable,2690927
2018,3,Maryland,Total Quarterly Wages,39262801894,39320471708,39368709951,Not applicable,Not applicable,39368709951
2018,3,Massachusetts,Quarterly Establishments,258824,258516,257567,Not applicable,Not applicable,257567
2018,3,Massachusetts,July Employment,3598639,3603603,3607991,Not applicable,Not applicable,3607991
2018,3,Massachusetts,August Employment,3580955,3588629,3592382,Not applicable,Not applicable,3592382
2018,3,Massachusetts,September Employment,3598076,3604692,3608921,Not applicable,Not applicable,3608921
2018,3,Massachusetts,Total Quarterly Wages,60960951824,61034257819,61060182730,Not applicable,Not applicable,61060182730
2018,3,Michigan,Quarterly Establishments,251950,251739,251714,Not applicable,Not applicable,251714
2018,3,Michigan,July Employment,4346454,4344508,4344363,Not applicable,Not applicable,4344363
2018,3,Michigan,August Employment,4367442,4365888,4365771,Not applicable,Not applicable,4365771
2018,3,Michigan,September Employment,4366478,4365440,4365448,Not applicable,Not applicable,4365448
2018,3,Michigan,Total Quarterly Wages,56198114482,56157988651,56174403389,Not applicable,Not applicable,56174403389
2018,3,Minnesota,Quarterly Establishments,178822,176773,177029,Not applicable,Not applicable,177029
2018,3,Minnesota,July Employment,2888734,2888687,2888575,Not applicable,Not applicable,2888575
2018,3,Minnesota,August Employment,2899054,2899064,2899169,Not applicable,Not applicable,2899169
2018,3,Minnesota,September Employment,2904306,2906224,2906824,Not applicable,Not applicable,2906824
2018,3,Minnesota,Total Quarterly Wages,40461972686,40493496266,40505035577,Not applicable,Not applicable,40505035577
2018,3,Mississippi,Quarterly Establishments,74924,74439,74062,Not applicable,Not applicable,74062
2018,3,Mississippi,July Employment,1117992,1118102,1117878,Not applicable,Not applicable,1117878
2018,3,Mississippi,August Employment,1132646,1133430,1133218,Not applicable,Not applicable,1133218
2018,3,Mississippi,September Employment,1133659,1134405,1134184,Not applicable,Not applicable,1134184
2018,3,Mississippi,Total Quarterly Wages,11056994512,10974086622,10979164432,Not applicable,Not applicable,10979164432
2018,3,Missouri,Quarterly Establishments,204995,204589,202505,Not applicable,Not applicable,202505
2018,3,Missouri,July Employment,2748474,2747395,2747446,Not applicable,Not applicable,2747446
2018,3,Missouri,August Employment,2782390,2781177,2781208,Not applicable,Not applicable,2781208
2018,3,Missouri,September Employment,2812002,2810911,2810965,Not applicable,Not applicable,2810965
2018,3,Missouri,Total Quarterly Wages,32772975306,32769299530,32771488926,Not applicable,Not applicable,32771488926
2018,3,Montana,Quarterly Establishments,50563,50671,50668,Not applicable,Not applicable,50668
2018,3,Montana,July Employment,464959,465081,464911,Not applicable,Not applicable,464911
2018,3,Montana,August Employment,467657,467809,467628,Not applicable,Not applicable,467628
2018,3,Montana,September Employment,473296,473416,473233,Not applicable,Not applicable,473233
2018,3,Montana,Total Quarterly Wages,4963584811,4969648520,4967917653,Not applicable,Not applicable,4967917653
2018,3,Nebraska,Quarterly Establishments,73619,70598,70598,Not applicable,Not applicable,70598
2018,3,Nebraska,July Employment,985688,986498,986509,Not applicable,Not applicable,986509
2018,3,Nebraska,August Employment,981528,982366,982365,Not applicable,Not applicable,982365
2018,3,Nebraska,September Employment,980256,981478,981478,Not applicable,Not applicable,981478
2018,3,Nebraska,Total Quarterly Wages,11156081179,11161290104,11161290104,Not applicable,Not applicable,11161290104
2018,3,Nevada,Quarterly Establishments,82355,81655,81102,Not applicable,Not applicable,81102
2018,3,Nevada,July Employment,1369637,1370178,1370121,Not applicable,Not applicable,1370121
2018,3,Nevada,August Employment,1381833,1382494,1382418,Not applicable,Not applicable,1382418
2018,3,Nevada,September Employment,1382856,1383468,1383371,Not applicable,Not applicable,1383371
2018,3,Nevada,Total Quarterly Wages,16761673045,16762856132,16763738820,Not applicable,Not applicable,16763738820
2018,3,New Hampshire,Quarterly Establishments,53254,53056,52984,Not applicable,Not applicable,52984
2018,3,New Hampshire,July Employment,659847,660074,660141,Not applicable,Not applicable,660141
2018,3,New Hampshire,August Employment,663939,664175,664166,Not applicable,Not applicable,664166
2018,3,New Hampshire,September Employment,662276,662473,662581,Not applicable,Not applicable,662581
2018,3,New Hampshire,Total Quarterly Wages,8952518120,8957444395,8957768860,Not applicable,Not applicable,8957768860
2018,3,New Jersey,Quarterly Establishments,273294,271393,269786,Not applicable,Not applicable,269786
2018,3,New Jersey,July Employment,3983083,3982127,3981220,Not applicable,Not applicable,3981220
2018,3,New Jersey,August Employment,3966960,3964389,3963431,Not applicable,Not applicable,3963431
2018,3,New Jersey,September Employment,4072638,4069519,4068669,Not applicable,Not applicable,4068669
2018,3,New Jersey,Total Quarterly Wages,61536009382,61536778877,61534261303,Not applicable,Not applicable,61534261303
2018,3,New Mexico,Quarterly Establishments,60655,60542,60545,Not applicable,Not applicable,60545
2018,3,New Mexico,July Employment,804262,805280,805926,Not applicable,Not applicable,805926
2018,3,New Mexico,August Employment,828720,830028,830615,Not applicable,Not applicable,830615
2018,3,New Mexico,September Employment,826235,827878,828264,Not applicable,Not applicable,828264
2018,3,New Mexico,Total Quarterly Wages,9108166883,9118698235,9128831692,Not applicable,Not applicable,9128831692
2018,3,New York,Quarterly Establishments,650036,645548,641631,Not applicable,Not applicable,641631
2018,3,New York,July Employment,9346461,9349104,9349600,Not applicable,Not applicable,9349600
2018,3,New York,August Employment,9312031,9316662,9317013,Not applicable,Not applicable,9317013
2018,3,New York,September Employment,9467544,9471176,9471697,Not applicable,Not applicable,9471697
2018,3,New York,Total Quarterly Wages,154985909033,155094818504,155105159773,Not applicable,Not applicable,155105159773
2018,3,North Carolina,Quarterly Establishments,281691,275400,275410,Not applicable,Not applicable,275410
2018,3,North Carolina,July Employment,4370912,4372300,4372495,Not applicable,Not applicable,4372495
2018,3,North Carolina,August Employment,4432903,4434745,4434910,Not applicable,Not applicable,4434910
2018,3,North Carolina,September Employment,4397998,4401957,4402293,Not applicable,Not applicable,4402293
2018,3,North Carolina,Total Quarterly Wages,53669424305,53666551304,53667711026,Not applicable,Not applicable,53667711026
2018,3,North Dakota,Quarterly Establishments,32078,32070,32072,Not applicable,Not applicable,32072
2018,3,North Dakota,July Employment,415843,415907,415907,Not applicable,Not applicable,415907
2018,3,North Dakota,August Employment,416709,416810,416810,Not applicable,Not applicable,416810
2018,3,North Dakota,September Employment,424251,424339,424339,Not applicable,Not applicable,424339
2018,3,North Dakota,Total Quarterly Wages,5418295224,5419660325,5419660325,Not applicable,Not applicable,5419660325
2018,3,Ohio,Quarterly Establishments,297844,297825,297822,Not applicable,Not applicable,297822
2018,3,Ohio,July Employment,5433974,5434301,5434363,Not applicable,Not applicable,5434363
2018,3,Ohio,August Employment,5452726,5452775,5452797,Not applicable,Not applicable,5452797
2018,3,Ohio,September Employment,5424396,5424996,5424843,Not applicable,Not applicable,5424843
2018,3,Ohio,Total Quarterly Wages,66954889508,66951339793,66951381495,Not applicable,Not applicable,66951381495
2018,3,Oklahoma,Quarterly Establishments,110287,110362,110371,Not applicable,Not applicable,110371
2018,3,Oklahoma,July Employment,1567515,1570167,1570295,Not applicable,Not applicable,1570295
2018,3,Oklahoma,August Employment,1594082,1597098,1597191,Not applicable,Not applicable,1597191
2018,3,Oklahoma,September Employment,1616800,1620170,1620267,Not applicable,Not applicable,1620267
2018,3,Oklahoma,Total Quarterly Wages,18107095634,18128679568,18130259894,Not applicable,Not applicable,18130259894
2018,3,Oregon,Quarterly Establishments,157518,156821,155828,Not applicable,Not applicable,155828
2018,3,Oregon,July Employment,1911825,1913217,1913983,Not applicable,Not applicable,1913983
2018,3,Oregon,August Employment,1915581,1917405,1918228,Not applicable,Not applicable,1918228
2018,3,Oregon,September Employment,1939833,1941797,1942927,Not applicable,Not applicable,1942927
2018,3,Oregon,Total Quarterly Wages,25107936502,25135041407,25139183433,Not applicable,Not applicable,25139183433
2018,3,Pennsylvania,Quarterly Establishments,360793,356073,356071,Not applicable,Not applicable,356071
2018,3,Pennsylvania,July Employment,5862332,5864471,5864491,Not applicable,Not applicable,5864491
2018,3,Pennsylvania,August Employment,5867979,5869840,5869865,Not applicable,Not applicable,5869865
2018,3,Pennsylvania,September Employment,5894762,5899215,5899233,Not applicable,Not applicable,5899233
2018,3,Pennsylvania,Total Quarterly Wages,78735761472,78756463965,78756848648,Not applicable,Not applicable,78756848648
2018,3,Rhode Island,Quarterly Establishments,38212,38222,38208,Not applicable,Not applicable,38208
2018,3,Rhode Island,July Employment,482762,482739,482709,Not applicable,Not applicable,482709
2018,3,Rhode Island,August Employment,483787,483842,483783,Not applicable,Not applicable,483783
2018,3,Rhode Island,September Employment,489386,489160,488480,Not applicable,Not applicable,488480
2018,3,Rhode Island,Total Quarterly Wages,6078050001,6081287572,6076681581,Not applicable,Not applicable,6076681581
2018,3,South Carolina,Quarterly Establishments,136718,137591,133142,Not applicable,Not applicable,133142
2018,3,South Carolina,July Employment,2083332,2083935,2082671,Not applicable,Not applicable,2082671
2018,3,South Carolina,August Employment,2098902,2099254,2097899,Not applicable,Not applicable,2097899
2018,3,South Carolina,September Employment,2088187,2089103,2087384,Not applicable,Not applicable,2087384
2018,3,South Carolina,Total Quarterly Wages,22667075828,22670049091,22672715170,Not applicable,Not applicable,22672715170
2018,3,South Dakota,Quarterly Establishments,33782,33797,33802,Not applicable,Not applicable,33802
2018,3,South Dakota,July Employment,432200,432313,432161,Not applicable,Not applicable,432161
2018,3,South Dakota,August Employment,434351,434466,434323,Not applicable,Not applicable,434323
2018,3,South Dakota,September Employment,431493,431672,431534,Not applicable,Not applicable,431534
2018,3,South Dakota,Total Quarterly Wages,4653459251,4653812523,4653043385,Not applicable,Not applicable,4653043385
2018,3,Tennessee,Quarterly Establishments,163091,162538,162478,Not applicable,Not applicable,162478
2018,3,Tennessee,July Employment,2933173,2930397,2930484,Not applicable,Not applicable,2930484
2018,3,Tennessee,August Employment,2986740,2984121,2984245,Not applicable,Not applicable,2984245
2018,3,Tennessee,September Employment,3005606,3004028,3003898,Not applicable,Not applicable,3003898
2018,3,Tennessee,Total Quarterly Wages,36261513264,36309847762,36309474357,Not applicable,Not applicable,36309474357
2018,3,Texas,Quarterly Establishments,693654,697144,697325,Not applicable,Not applicable,697325
2018,3,Texas,July Employment,12254571,12265047,12260092,Not applicable,Not applicable,12260092
2018,3,Texas,August Employment,12320797,12331661,12325831,Not applicable,Not applicable,12325831
2018,3,Texas,September Employment,12326987,12339832,12339461,Not applicable,Not applicable,12339461
2018,3,Texas,Total Quarterly Wages,170176971374,170335989369,170341609620,Not applicable,Not applicable,170341609620
2018,3,Utah,Quarterly Establishments,104696,104358,104346,Not applicable,Not applicable,104346
2018,3,Utah,July Employment,1472632,1472962,1472720,Not applicable,Not applicable,1472720
2018,3,Utah,August Employment,1485245,1485002,1484756,Not applicable,Not applicable,1484756
2018,3,Utah,September Employment,1494400,1494167,1493919,Not applicable,Not applicable,1493919
2018,3,Utah,Total Quarterly Wages,17570011340,17562756003,17561366389,Not applicable,Not applicable,17561366389
2018,3,Vermont,Quarterly Establishments,25807,25817,25813,Not applicable,Not applicable,25813
2018,3,Vermont,July Employment,310865,311720,311703,Not applicable,Not applicable,311703
2018,3,Vermont,August Employment,311934,312133,312158,Not applicable,Not applicable,312158
2018,3,Vermont,September Employment,310864,311053,311078,Not applicable,Not applicable,311078
2018,3,Vermont,Total Quarterly Wages,3610473615,3602906637,3602849256,Not applicable,Not applicable,3602849256
2018,3,Virginia,Quarterly Establishments,280543,279611,279595,Not applicable,Not applicable,279595
2018,3,Virginia,July Employment,3897501,3898962,3899333,Not applicable,Not applicable,3899333
2018,3,Virginia,August Employment,3904975,3906774,3907461,Not applicable,Not applicable,3907461
2018,3,Virginia,September Employment,3889597,3890950,3891771,Not applicable,Not applicable,3891771
2018,3,Virginia,Total Quarterly Wages,54816757361,54840700588,54837052644,Not applicable,Not applicable,54837052644
2018,3,Washington,Quarterly Establishments,249040,250173,250073,Not applicable,Not applicable,250073
2018,3,Washington,July Employment,3451080,3447384,3443468,Not applicable,Not applicable,3443468
2018,3,Washington,August Employment,3434615,3429699,3425526,Not applicable,Not applicable,3425526
2018,3,Washington,September Employment,3425553,3422296,3418713,Not applicable,Not applicable,3418713
2018,3,Washington,Total Quarterly Wages,57182058514,57066340571,57055302911,Not applicable,Not applicable,57055302911
2018,3,West Virginia,Quarterly Establishments,51208,51307,51290,Not applicable,Not applicable,51290
2018,3,West Virginia,July Employment,671430,671672,671740,Not applicable,Not applicable,671740
2018,3,West Virginia,August Employment,681651,682692,682774,Not applicable,Not applicable,682774
2018,3,West Virginia,September Employment,706024,706866,706930,Not applicable,Not applicable,706930
2018,3,West Virginia,Total Quarterly Wages,7976981108,7985379251,7985069969,Not applicable,Not applicable,7985069969
2018,3,Wisconsin,Quarterly Establishments,176560,176118,176085,Not applicable,Not applicable,176085
2018,3,Wisconsin,July Employment,2884436,2887054,2887146,Not applicable,Not applicable,2887146
2018,3,Wisconsin,August Employment,2895894,2898498,2898600,Not applicable,Not applicable,2898600
2018,3,Wisconsin,September Employment,2888858,2891744,2891783,Not applicable,Not applicable,2891783
2018,3,Wisconsin,Total Quarterly Wages,33848406726,33862212172,33863254548,Not applicable,Not applicable,33863254548
2018,3,Wyoming,Quarterly Establishments,26318,26344,26398,Not applicable,Not applicable,26398
2018,3,Wyoming,July Employment,277974,278322,278279,Not applicable,Not applicable,278279
2018,3,Wyoming,August Employment,278936,279373,279347,Not applicable,Not applicable,279347
2018,3,Wyoming,September Employment,278211,278800,278811,Not applicable,Not applicable,278811
2018,3,Wyoming,Total Quarterly Wages,3273361036,3278121473,3277948127,Not applicable,Not applicable,3277948127
2018,3,Puerto Rico,Quarterly Establishments,45425,44805,44882,Not applicable,Not applicable,44882
2018,3,Puerto Rico,July Employment,840678,842140,842046,Not applicable,Not applicable,842046
2018,3,Puerto Rico,August Employment,853511,854805,854705,Not applicable,Not applicable,854705
2018,3,Puerto Rico,September Employment,862488,862494,862396,Not applicable,Not applicable,862396
2018,3,Puerto Rico,Total Quarterly Wages,5913366623,5899610699,5898164218,Not applicable,Not applicable,5898164218
2018,3,Virgin Islands,Quarterly Establishments,3460,3593,3575,Not applicable,Not applicable,3575
2018,3,Virgin Islands,July Employment,33215,33512,33880,Not applicable,Not applicable,33880
2018,3,Virgin Islands,August Employment,33528,33878,34360,Not applicable,Not applicable,34360
2018,3,Virgin Islands,September Employment,33362,33826,34474,Not applicable,Not applicable,34474
2018,3,Virgin Islands,Total Quarterly Wages,385156329,392461620,399170993,Not applicable,Not applicable,399170993
2018,4,United States,Quarterly Establishments,10169140,10137226,Not applicable,Not applicable,Not applicable,10137226
2018,4,United States,October Employment,147719788,147761602,Not applicable,Not applicable,Not applicable,147761602
2018,4,United States,November Employment,148329370,148370379,Not applicable,Not applicable,Not applicable,148370379
2018,4,United States,December Employment,148061773,148129195,Not applicable,Not applicable,Not applicable,148129195
2018,4,United States,Total Quarterly Wages,2202342149976,2203404177426,Not applicable,Not applicable,Not applicable,2203404177426
2018,4,Alabama,Quarterly Establishments,128645,129532,Not applicable,Not applicable,Not applicable,129532
2018,4,Alabama,October Employment,1976836,1977256,Not applicable,Not applicable,Not applicable,1977256
2018,4,Alabama,November Employment,1988988,1989715,Not applicable,Not applicable,Not applicable,1989715
2018,4,Alabama,December Employment,1986563,1987509,Not applicable,Not applicable,Not applicable,1987509
2018,4,Alabama,Total Quarterly Wages,24675099218,24771719046,Not applicable,Not applicable,Not applicable,24771719046
2018,4,Alaska,Quarterly Establishments,22150,22033,Not applicable,Not applicable,Not applicable,22033
2018,4,Alaska,October Employment,321256,321007,Not applicable,Not applicable,Not applicable,321007
2018,4,Alaska,November Employment,310767,310595,Not applicable,Not applicable,Not applicable,310595
2018,4,Alaska,December Employment,308315,308164,Not applicable,Not applicable,Not applicable,308164
2018,4,Alaska,Total Quarterly Wages,4494516865,4495157102,Not applicable,Not applicable,Not applicable,4495157102
2018,4,Arizona,Quarterly Establishments,164376,162795,Not applicable,Not applicable,Not applicable,162795
2018,4,Arizona,October Employment,2872075,2872793,Not applicable,Not applicable,Not applicable,2872793
2018,4,Arizona,November Employment,2914754,2915415,Not applicable,Not applicable,Not applicable,2915415
2018,4,Arizona,December Employment,2921104,2921867,Not applicable,Not applicable,Not applicable,2921867
2018,4,Arizona,Total Quarterly Wages,38363105890,38377486972,Not applicable,Not applicable,Not applicable,38377486972
2018,4,Arkansas,Quarterly Establishments,91580,91248,Not applicable,Not applicable,Not applicable,91248
2018,4,Arkansas,October Employment,1225391,1225264,Not applicable,Not applicable,Not applicable,1225264
2018,4,Arkansas,November Employment,1229063,1228890,Not applicable,Not applicable,Not applicable,1228890
2018,4,Arkansas,December Employment,1226959,1227216,Not applicable,Not applicable,Not applicable,1227216
2018,4,Arkansas,Total Quarterly Wages,13865203260,13871358666,Not applicable,Not applicable,Not applicable,13871358666
2018,4,California,Quarterly Establishments,1591718,1584694,Not applicable,Not applicable,Not applicable,1584694
2018,4,California,October Employment,17580906,17590283,Not applicable,Not applicable,Not applicable,17590283
2018,4,California,November Employment,17645570,17654931,Not applicable,Not applicable,Not applicable,17654931
2018,4,California,December Employment,17556654,17573378,Not applicable,Not applicable,Not applicable,17573378
2018,4,California,Total Quarterly Wages,318394490223,318585020481,Not applicable,Not applicable,Not applicable,318585020481
2018,4,Colorado,Quarterly Establishments,205525,206332,Not applicable,Not applicable,Not applicable,206332
2018,4,Colorado,October Employment,2691186,2691562,Not applicable,Not applicable,Not applicable,2691562
2018,4,Colorado,November Employment,2700418,2700806,Not applicable,Not applicable,Not applicable,2700806
2018,4,Colorado,December Employment,2713706,2714162,Not applicable,Not applicable,Not applicable,2714162
2018,4,Colorado,Total Quarterly Wages,41450419541,41454391385,Not applicable,Not applicable,Not applicable,41454391385
2018,4,Connecticut,Quarterly Establishments,121499,122068,Not applicable,Not applicable,Not applicable,122068
2018,4,Connecticut,October Employment,1688501,1689232,Not applicable,Not applicable,Not applicable,1689232
2018,4,Connecticut,November Employment,1697039,1697865,Not applicable,Not applicable,Not applicable,1697865
2018,4,Connecticut,December Employment,1697896,1698754,Not applicable,Not applicable,Not applicable,1698754
2018,4,Connecticut,Total Quarterly Wages,29375042447,29387450237,Not applicable,Not applicable,Not applicable,29387450237
2018,4,Delaware,Quarterly Establishments,33519,33841,Not applicable,Not applicable,Not applicable,33841
2018,4,Delaware,October Employment,449899,449827,Not applicable,Not applicable,Not applicable,449827
2018,4,Delaware,November Employment,451167,451441,Not applicable,Not applicable,Not applicable,451441
2018,4,Delaware,December Employment,451248,451595,Not applicable,Not applicable,Not applicable,451595
2018,4,Delaware,Total Quarterly Wages,6489852524,6489441166,Not applicable,Not applicable,Not applicable,6489441166
2018,4,District of Columbia,Quarterly Establishments,40332,40224,Not applicable,Not applicable,Not applicable,40224
2018,4,District of Columbia,October Employment,776768,777614,Not applicable,Not applicable,Not applicable,777614
2018,4,District of Columbia,November Employment,776716,777677,Not applicable,Not applicable,Not applicable,777677
2018,4,District of Columbia,December Employment,775116,775979,Not applicable,Not applicable,Not applicable,775979
2018,4,District of Columbia,Total Quarterly Wages,19610427370,19626380893,Not applicable,Not applicable,Not applicable,19626380893
2018,4,Florida,Quarterly Establishments,707274,702423,Not applicable,Not applicable,Not applicable,702423
2018,4,Florida,October Employment,8774396,8777226,Not applicable,Not applicable,Not applicable,8777226
2018,4,Florida,November Employment,8884888,8889200,Not applicable,Not applicable,Not applicable,8889200
2018,4,Florida,December Employment,8902749,8907904,Not applicable,Not applicable,Not applicable,8907904
2018,4,Florida,Total Quarterly Wages,115792853394,116113515028,Not applicable,Not applicable,Not applicable,116113515028
2018,4,Georgia,Quarterly Establishments,285327,283877,Not applicable,Not applicable,Not applicable,283877
2018,4,Georgia,October Employment,4472967,4472186,Not applicable,Not applicable,Not applicable,4472186
2018,4,Georgia,November Employment,4505759,4505824,Not applicable,Not applicable,Not applicable,4505824
2018,4,Georgia,December Employment,4499757,4500351,Not applicable,Not applicable,Not applicable,4500351
2018,4,Georgia,Total Quarterly Wages,61530022154,61464843826,Not applicable,Not applicable,Not applicable,61464843826
2018,4,Hawaii,Quarterly Establishments,43298,43056,Not applicable,Not applicable,Not applicable,43056
2018,4,Hawaii,October Employment,658528,659640,Not applicable,Not applicable,Not applicable,659640
2018,4,Hawaii,November Employment,663303,664409,Not applicable,Not applicable,Not applicable,664409
2018,4,Hawaii,December Employment,669349,670409,Not applicable,Not applicable,Not applicable,670409
2018,4,Hawaii,Total Quarterly Wages,8769765966,8785401208,Not applicable,Not applicable,Not applicable,8785401208
2018,4,Idaho,Quarterly Establishments,65244,65695,Not applicable,Not applicable,Not applicable,65695
2018,4,Idaho,October Employment,744669,744544,Not applicable,Not applicable,Not applicable,744544
2018,4,Idaho,November Employment,738621,738507,Not applicable,Not applicable,Not applicable,738507
2018,4,Idaho,December Employment,734444,734321,Not applicable,Not applicable,Not applicable,734321
2018,4,Idaho,Total Quarterly Wages,8549798950,8551739959,Not applicable,Not applicable,Not applicable,8551739959
2018,4,Illinois,Quarterly Establishments,372580,369037,Not applicable,Not applicable,Not applicable,369037
2018,4,Illinois,October Employment,6027554,6031699,Not applicable,Not applicable,Not applicable,6031699
2018,4,Illinois,November Employment,6047442,6051806,Not applicable,Not applicable,Not applicable,6051806
2018,4,Illinois,December Employment,6026009,6031405,Not applicable,Not applicable,Not applicable,6031405
2018,4,Illinois,Total Quarterly Wages,93293057895,93373057163,Not applicable,Not applicable,Not applicable,93373057163
2018,4,Indiana,Quarterly Establishments,168364,166361,Not applicable,Not applicable,Not applicable,166361
2018,4,Indiana,October Employment,3080279,3079883,Not applicable,Not applicable,Not applicable,3079883
2018,4,Indiana,November Employment,3088304,3088070,Not applicable,Not applicable,Not applicable,3088070
2018,4,Indiana,December Employment,3086233,3086390,Not applicable,Not applicable,Not applicable,3086390
2018,4,Indiana,Total Quarterly Wages,37732845103,37730488847,Not applicable,Not applicable,Not applicable,37730488847
2018,4,Iowa,Quarterly Establishments,103488,103325,Not applicable,Not applicable,Not applicable,103325
2018,4,Iowa,October Employment,1560804,1561170,Not applicable,Not applicable,Not applicable,1561170
2018,4,Iowa,November Employment,1566000,1566205,Not applicable,Not applicable,Not applicable,1566205
2018,4,Iowa,December Employment,1558355,1558704,Not applicable,Not applicable,Not applicable,1558704
2018,4,Iowa,Total Quarterly Wages,19607390707,19615365248,Not applicable,Not applicable,Not applicable,19615365248
2018,4,Kansas,Quarterly Establishments,89773,89593,Not applicable,Not applicable,Not applicable,89593
2018,4,Kansas,October Employment,1399099,1399036,Not applicable,Not applicable,Not applicable,1399036
2018,4,Kansas,November Employment,1404759,1404471,Not applicable,Not applicable,Not applicable,1404471
2018,4,Kansas,December Employment,1402248,1402087,Not applicable,Not applicable,Not applicable,1402087
2018,4,Kansas,Total Quarterly Wages,16893890969,16888652773,Not applicable,Not applicable,Not applicable,16888652773
2018,4,Kentucky,Quarterly Establishments,121251,121516,Not applicable,Not applicable,Not applicable,121516
2018,4,Kentucky,October Employment,1901331,1900944,Not applicable,Not applicable,Not applicable,1900944
2018,4,Kentucky,November Employment,1919804,1919555,Not applicable,Not applicable,Not applicable,1919555
2018,4,Kentucky,December Employment,1914022,1913783,Not applicable,Not applicable,Not applicable,1913783
2018,4,Kentucky,Total Quarterly Wages,22968313621,22972706854,Not applicable,Not applicable,Not applicable,22972706854
2018,4,Louisiana,Quarterly Establishments,134231,133791,Not applicable,Not applicable,Not applicable,133791
2018,4,Louisiana,October Employment,1938271,1941324,Not applicable,Not applicable,Not applicable,1941324
2018,4,Louisiana,November Employment,1944788,1947340,Not applicable,Not applicable,Not applicable,1947340
2018,4,Louisiana,December Employment,1934132,1937943,Not applicable,Not applicable,Not applicable,1937943
2018,4,Louisiana,Total Quarterly Wages,24413705328,24463728603,Not applicable,Not applicable,Not applicable,24463728603
2018,4,Maine,Quarterly Establishments,53290,53194,Not applicable,Not applicable,Not applicable,53194
2018,4,Maine,October Employment,626646,625462,Not applicable,Not applicable,Not applicable,625462
2018,4,Maine,November Employment,618808,616489,Not applicable,Not applicable,Not applicable,616489
2018,4,Maine,December Employment,618409,615832,Not applicable,Not applicable,Not applicable,615832
2018,4,Maine,Total Quarterly Wages,7314242421,7299022077,Not applicable,Not applicable,Not applicable,7299022077
2018,4,Maryland,Quarterly Establishments,172947,174848,Not applicable,Not applicable,Not applicable,174848
2018,4,Maryland,October Employment,2698657,2699029,Not applicable,Not applicable,Not applicable,2699029
2018,4,Maryland,November Employment,2710514,2710864,Not applicable,Not applicable,Not applicable,2710864
2018,4,Maryland,December Employment,2702462,2703042,Not applicable,Not applicable,Not applicable,2703042
2018,4,Maryland,Total Quarterly Wages,43169101871,43184306433,Not applicable,Not applicable,Not applicable,43184306433
2018,4,Massachusetts,Quarterly Establishments,262075,260277,Not applicable,Not applicable,Not applicable,260277
2018,4,Massachusetts,October Employment,3621233,3627036,Not applicable,Not applicable,Not applicable,3627036
2018,4,Massachusetts,November Employment,3621282,3627609,Not applicable,Not applicable,Not applicable,3627609
2018,4,Massachusetts,December Employment,3620304,3627974,Not applicable,Not applicable,Not applicable,3627974
2018,4,Massachusetts,Total Quarterly Wages,68576132126,68661584891,Not applicable,Not applicable,Not applicable,68661584891
2018,4,Michigan,Quarterly Establishments,250402,250363,Not applicable,Not applicable,Not applicable,250363
2018,4,Michigan,October Employment,4394834,4394243,Not applicable,Not applicable,Not applicable,4394243
2018,4,Michigan,November Employment,4390741,4390039,Not applicable,Not applicable,Not applicable,4390039
2018,4,Michigan,December Employment,4366461,4366147,Not applicable,Not applicable,Not applicable,4366147
2018,4,Michigan,Total Quarterly Wages,61402068781,61418481605,Not applicable,Not applicable,Not applicable,61418481605
2018,4,Minnesota,Quarterly Establishments,179194,179023,Not applicable,Not applicable,Not applicable,179023
2018,4,Minnesota,October Employment,2919237,2918603,Not applicable,Not applicable,Not applicable,2918603
2018,4,Minnesota,November Employment,2914783,2914311,Not applicable,Not applicable,Not applicable,2914311
2018,4,Minnesota,December Employment,2902307,2902300,Not applicable,Not applicable,Not applicable,2902300
2018,4,Minnesota,Total Quarterly Wages,43140268702,43151517385,Not applicable,Not applicable,Not applicable,43151517385
2018,4,Mississippi,Quarterly Establishments,75090,74636,Not applicable,Not applicable,Not applicable,74636
2018,4,Mississippi,October Employment,1137522,1137826,Not applicable,Not applicable,Not applicable,1137826
2018,4,Mississippi,November Employment,1145035,1145646,Not applicable,Not applicable,Not applicable,1145646
2018,4,Mississippi,December Employment,1144285,1144891,Not applicable,Not applicable,Not applicable,1144891
2018,4,Mississippi,Total Quarterly Wages,11770837273,11785701002,Not applicable,Not applicable,Not applicable,11785701002
2018,4,Missouri,Quarterly Establishments,207373,204839,Not applicable,Not applicable,Not applicable,204839
2018,4,Missouri,October Employment,2827687,2826923,Not applicable,Not applicable,Not applicable,2826923
2018,4,Missouri,November Employment,2828110,2827144,Not applicable,Not applicable,Not applicable,2827144
2018,4,Missouri,December Employment,2821343,2820470,Not applicable,Not applicable,Not applicable,2820470
2018,4,Missouri,Total Quarterly Wages,36017663846,36012365612,Not applicable,Not applicable,Not applicable,36012365612
2018,4,Montana,Quarterly Establishments,51622,51648,Not applicable,Not applicable,Not applicable,51648
2018,4,Montana,October Employment,470393,470165,Not applicable,Not applicable,Not applicable,470165
2018,4,Montana,November Employment,467405,467153,Not applicable,Not applicable,Not applicable,467153
2018,4,Montana,December Employment,468803,468738,Not applicable,Not applicable,Not applicable,468738
2018,4,Montana,Total Quarterly Wages,5411257936,5408004711,Not applicable,Not applicable,Not applicable,5408004711
2018,4,Nebraska,Quarterly Establishments,71559,71404,Not applicable,Not applicable,Not applicable,71404
2018,4,Nebraska,October Employment,982219,983902,Not applicable,Not applicable,Not applicable,983902
2018,4,Nebraska,November Employment,987056,987272,Not applicable,Not applicable,Not applicable,987272
2018,4,Nebraska,December Employment,982981,983663,Not applicable,Not applicable,Not applicable,983663
2018,4,Nebraska,Total Quarterly Wages,11897473808,11906362494,Not applicable,Not applicable,Not applicable,11906362494
2018,4,Nevada,Quarterly Establishments,82800,82701,Not applicable,Not applicable,Not applicable,82701
2018,4,Nevada,October Employment,1393559,1393889,Not applicable,Not applicable,Not applicable,1393889
2018,4,Nevada,November Employment,1400861,1400985,Not applicable,Not applicable,Not applicable,1400985
2018,4,Nevada,December Employment,1397368,1397112,Not applicable,Not applicable,Not applicable,1397112
2018,4,Nevada,Total Quarterly Wages,18268145712,18274070949,Not applicable,Not applicable,Not applicable,18274070949
2018,4,New Hampshire,Quarterly Establishments,53613,53396,Not applicable,Not applicable,Not applicable,53396
2018,4,New Hampshire,October Employment,663948,664018,Not applicable,Not applicable,Not applicable,664018
2018,4,New Hampshire,November Employment,662718,662779,Not applicable,Not applicable,Not applicable,662779
2018,4,New Hampshire,December Employment,666016,665996,Not applicable,Not applicable,Not applicable,665996
2018,4,New Hampshire,Total Quarterly Wages,9998988279,10000047693,Not applicable,Not applicable,Not applicable,10000047693
2018,4,New Jersey,Quarterly Establishments,275273,273567,Not applicable,Not applicable,Not applicable,273567
2018,4,New Jersey,October Employment,4095651,4097082,Not applicable,Not applicable,Not applicable,4097082
2018,4,New Jersey,November Employment,4125814,4125228,Not applicable,Not applicable,Not applicable,4125228
2018,4,New Jersey,December Employment,4125620,4124488,Not applicable,Not applicable,Not applicable,4124488
2018,4,New Jersey,Total Quarterly Wages,69465194845,69522432399,Not applicable,Not applicable,Not applicable,69522432399
2018,4,New Mexico,Quarterly Establishments,60640,61086,Not applicable,Not applicable,Not applicable,61086
2018,4,New Mexico,October Employment,829819,831055,Not applicable,Not applicable,Not applicable,831055
2018,4,New Mexico,November Employment,830343,831734,Not applicable,Not applicable,Not applicable,831734
2018,4,New Mexico,December Employment,830234,831511,Not applicable,Not applicable,Not applicable,831511
2018,4,New Mexico,Total Quarterly Wages,9768077904,9794572743,Not applicable,Not applicable,Not applicable,9794572743
2018,4,New York,Quarterly Establishments,648800,644184,Not applicable,Not applicable,Not applicable,644184
2018,4,New York,October Employment,9580138,9582302,Not applicable,Not applicable,Not applicable,9582302
2018,4,New York,November Employment,9619168,9619230,Not applicable,Not applicable,Not applicable,9619230
2018,4,New York,December Employment,9613217,9616158,Not applicable,Not applicable,Not applicable,9616158
2018,4,New York,Total Quarterly Wages,180447296685,180502038463,Not applicable,Not applicable,Not applicable,180502038463
2018,4,North Carolina,Quarterly Establishments,277041,278312,Not applicable,Not applicable,Not applicable,278312
2018,4,North Carolina,October Employment,4462082,4466138,Not applicable,Not applicable,Not applicable,4466138
2018,4,North Carolina,November Employment,4481384,4484376,Not applicable,Not applicable,Not applicable,4484376
2018,4,North Carolina,December Employment,4458862,4462517,Not applicable,Not applicable,Not applicable,4462517
2018,4,North Carolina,Total Quarterly Wages,58844209939,58839611836,Not applicable,Not applicable,Not applicable,58839611836
2018,4,North Dakota,Quarterly Establishments,32020,32009,Not applicable,Not applicable,Not applicable,32009
2018,4,North Dakota,October Employment,426924,426926,Not applicable,Not applicable,Not applicable,426926
2018,4,North Dakota,November Employment,424481,424483,Not applicable,Not applicable,Not applicable,424483
2018,4,North Dakota,December Employment,422322,422324,Not applicable,Not applicable,Not applicable,422324
2018,4,North Dakota,Total Quarterly Wages,5835661368,5835698418,Not applicable,Not applicable,Not applicable,5835698418
2018,4,Ohio,Quarterly Establishments,298410,299030,Not applicable,Not applicable,Not applicable,299030
2018,4,Ohio,October Employment,5457008,5459137,Not applicable,Not applicable,Not applicable,5459137
2018,4,Ohio,November Employment,5463356,5467434,Not applicable,Not applicable,Not applicable,5467434
2018,4,Ohio,December Employment,5442930,5448607,Not applicable,Not applicable,Not applicable,5448607
2018,4,Ohio,Total Quarterly Wages,71344862539,71406630136,Not applicable,Not applicable,Not applicable,71406630136
2018,4,Oklahoma,Quarterly Establishments,111140,111218,Not applicable,Not applicable,Not applicable,111218
2018,4,Oklahoma,October Employment,1626292,1627025,Not applicable,Not applicable,Not applicable,1627025
2018,4,Oklahoma,November Employment,1631282,1633071,Not applicable,Not applicable,Not applicable,1633071
2018,4,Oklahoma,December Employment,1632291,1634025,Not applicable,Not applicable,Not applicable,1634025
2018,4,Oklahoma,Total Quarterly Wages,19750386296,19771552679,Not applicable,Not applicable,Not applicable,19771552679
2018,4,Oregon,Quarterly Establishments,158524,157617,Not applicable,Not applicable,Not applicable,157617
2018,4,Oregon,October Employment,1945207,1947146,Not applicable,Not applicable,Not applicable,1947146
2018,4,Oregon,November Employment,1945166,1947342,Not applicable,Not applicable,Not applicable,1947342
2018,4,Oregon,December Employment,1935786,1938445,Not applicable,Not applicable,Not applicable,1938445
2018,4,Oregon,Total Quarterly Wages,26553574044,26589966768,Not applicable,Not applicable,Not applicable,26589966768
2018,4,Pennsylvania,Quarterly Establishments,359260,356086,Not applicable,Not applicable,Not applicable,356086
2018,4,Pennsylvania,October Employment,5928891,5930461,Not applicable,Not applicable,Not applicable,5930461
2018,4,Pennsylvania,November Employment,5941853,5943408,Not applicable,Not applicable,Not applicable,5943408
2018,4,Pennsylvania,December Employment,5932545,5935443,Not applicable,Not applicable,Not applicable,5935443
2018,4,Pennsylvania,Total Quarterly Wages,85115180795,85141234529,Not applicable,Not applicable,Not applicable,85141234529
2018,4,Rhode Island,Quarterly Establishments,38330,38339,Not applicable,Not applicable,Not applicable,38339
2018,4,Rhode Island,October Employment,488190,487702,Not applicable,Not applicable,Not applicable,487702
2018,4,Rhode Island,November Employment,487739,487307,Not applicable,Not applicable,Not applicable,487307
2018,4,Rhode Island,December Employment,487189,486723,Not applicable,Not applicable,Not applicable,486723
2018,4,Rhode Island,Total Quarterly Wages,6878820600,6884722822,Not applicable,Not applicable,Not applicable,6884722822
2018,4,South Carolina,Quarterly Establishments,140012,135446,Not applicable,Not applicable,Not applicable,135446
2018,4,South Carolina,October Employment,2105335,2104289,Not applicable,Not applicable,Not applicable,2104289
2018,4,South Carolina,November Employment,2123173,2121145,Not applicable,Not applicable,Not applicable,2121145
2018,4,South Carolina,December Employment,2119632,2118556,Not applicable,Not applicable,Not applicable,2118556
2018,4,South Carolina,Total Quarterly Wages,24577822062,24604496202,Not applicable,Not applicable,Not applicable,24604496202
2018,4,South Dakota,Quarterly Establishments,33996,33997,Not applicable,Not applicable,Not applicable,33997
2018,4,South Dakota,October Employment,430143,430074,Not applicable,Not applicable,Not applicable,430074
2018,4,South Dakota,November Employment,428721,428710,Not applicable,Not applicable,Not applicable,428710
2018,4,South Dakota,December Employment,428378,428358,Not applicable,Not applicable,Not applicable,428358
2018,4,South Dakota,Total Quarterly Wages,4935881579,4935586273,Not applicable,Not applicable,Not applicable,4935586273
2018,4,Tennessee,Quarterly Establishments,164210,163910,Not applicable,Not applicable,Not applicable,163910
2018,4,Tennessee,October Employment,3012640,3009314,Not applicable,Not applicable,Not applicable,3009314
2018,4,Tennessee,November Employment,3042102,3038623,Not applicable,Not applicable,Not applicable,3038623
2018,4,Tennessee,December Employment,3039811,3036328,Not applicable,Not applicable,Not applicable,3036328
2018,4,Tennessee,Total Quarterly Wages,40573111209,40566962709,Not applicable,Not applicable,Not applicable,40566962709
2018,4,Texas,Quarterly Establishments,700287,703795,Not applicable,Not applicable,Not applicable,703795
2018,4,Texas,October Employment,12432844,12436493,Not applicable,Not applicable,Not applicable,12436493
2018,4,Texas,November Employment,12523978,12529057,Not applicable,Not applicable,Not applicable,12529057
2018,4,Texas,December Employment,12531731,12539711,Not applicable,Not applicable,Not applicable,12539711
2018,4,Texas,Total Quarterly Wages,186472363480,186547715350,Not applicable,Not applicable,Not applicable,186547715350
2018,4,Utah,Quarterly Establishments,107153,106806,Not applicable,Not applicable,Not applicable,106806
2018,4,Utah,October Employment,1503120,1502067,Not applicable,Not applicable,Not applicable,1502067
2018,4,Utah,November Employment,1509733,1508847,Not applicable,Not applicable,Not applicable,1508847
2018,4,Utah,December Employment,1511472,1510695,Not applicable,Not applicable,Not applicable,1510695
2018,4,Utah,Total Quarterly Wages,19064483928,19062020595,Not applicable,Not applicable,Not applicable,19062020595
2018,4,Vermont,Quarterly Establishments,25905,25804,Not applicable,Not applicable,Not applicable,25804
2018,4,Vermont,October Employment,312264,312950,Not applicable,Not applicable,Not applicable,312950
2018,4,Vermont,November Employment,311046,311688,Not applicable,Not applicable,Not applicable,311688
2018,4,Vermont,December Employment,314233,315161,Not applicable,Not applicable,Not applicable,315161
2018,4,Vermont,Total Quarterly Wages,3876088348,3885532034,Not applicable,Not applicable,Not applicable,3885532034
2018,4,Virginia,Quarterly Establishments,283268,282940,Not applicable,Not applicable,Not applicable,282940
2018,4,Virginia,October Employment,3915390,3917900,Not applicable,Not applicable,Not applicable,3917900
2018,4,Virginia,November Employment,3938441,3941109,Not applicable,Not applicable,Not applicable,3941109
2018,4,Virginia,December Employment,3927156,3930371,Not applicable,Not applicable,Not applicable,3930371
2018,4,Virginia,Total Quarterly Wages,59429505178,59448816880,Not applicable,Not applicable,Not applicable,59448816880
2018,4,Washington,Quarterly Establishments,249266,250293,Not applicable,Not applicable,Not applicable,250293
2018,4,Washington,October Employment,3409748,3407096,Not applicable,Not applicable,Not applicable,3407096
2018,4,Washington,November Employment,3395310,3392451,Not applicable,Not applicable,Not applicable,3392451
2018,4,Washington,December Employment,3384194,3381838,Not applicable,Not applicable,Not applicable,3381838
2018,4,Washington,Total Quarterly Wages,57028941754,56780628700,Not applicable,Not applicable,Not applicable,56780628700
2018,4,West Virginia,Quarterly Establishments,51258,51332,Not applicable,Not applicable,Not applicable,51332
2018,4,West Virginia,October Employment,709965,710287,Not applicable,Not applicable,Not applicable,710287
2018,4,West Virginia,November Employment,709169,709411,Not applicable,Not applicable,Not applicable,709411
2018,4,West Virginia,December Employment,704176,704523,Not applicable,Not applicable,Not applicable,704523
2018,4,West Virginia,Total Quarterly Wages,8439867023,8441723098,Not applicable,Not applicable,Not applicable,8441723098
2018,4,Wisconsin,Quarterly Establishments,177788,177147,Not applicable,Not applicable,Not applicable,177147
2018,4,Wisconsin,October Employment,2895674,2896548,Not applicable,Not applicable,Not applicable,2896548
2018,4,Wisconsin,November Employment,2900356,2901213,Not applicable,Not applicable,Not applicable,2901213
2018,4,Wisconsin,December Employment,2892274,2892928,Not applicable,Not applicable,Not applicable,2892928
2018,4,Wisconsin,Total Quarterly Wages,37231368017,37247596255,Not applicable,Not applicable,Not applicable,37247596255
2018,4,Wyoming,Quarterly Establishments,26420,26538,Not applicable,Not applicable,Not applicable,26538
2018,4,Wyoming,October Employment,275812,276024,Not applicable,Not applicable,Not applicable,276024
2018,4,Wyoming,November Employment,271292,271499,Not applicable,Not applicable,Not applicable,271499
2018,4,Wyoming,December Employment,272122,272399,Not applicable,Not applicable,Not applicable,272399
2018,4,Wyoming,Total Quarterly Wages,3473470203,3475268228,Not applicable,Not applicable,Not applicable,3475268228
2018,4,Puerto Rico,Quarterly Establishments,44651,45080,Not applicable,Not applicable,Not applicable,45080
2018,4,Puerto Rico,October Employment,866016,866804,Not applicable,Not applicable,Not applicable,866804
2018,4,Puerto Rico,November Employment,880214,881157,Not applicable,Not applicable,Not applicable,881157
2018,4,Puerto Rico,December Employment,896431,897494,Not applicable,Not applicable,Not applicable,897494
2018,4,Puerto Rico,Total Quarterly Wages,6600059973,6598167566,Not applicable,Not applicable,Not applicable,6598167566
2018,4,Virgin Islands,Quarterly Establishments,3404,3448,Not applicable,Not applicable,Not applicable,3448
2018,4,Virgin Islands,October Employment,33831,34497,Not applicable,Not applicable,Not applicable,34497
2018,4,Virgin Islands,November Employment,34277,35053,Not applicable,Not applicable,Not applicable,35053
2018,4,Virgin Islands,December Employment,34542,35408,Not applicable,Not applicable,Not applicable,35408
2018,4,Virgin Islands,Total Quarterly Wages,411292859,426649888,Not applicable,Not applicable,Not applicable,426649888
2019,1,United States,Quarterly Establishments,10202975,10154874,10128767,10111984,10106053,10106053
2019,1,United States,January Employment,145328396,145308900,145300240,145312731,145328097,145328097
2019,1,United States,February Employment,145916313,145908864,145904676,145916906,145941645,145941645
2019,1,United States,March Employment,146497599,146513849,146514210,146527125,146553073,146553073
2019,1,United States,Total Quarterly Wages,2246038755675,2244987557046,2244801047986,2245096998948,2245179277103,2245179277103
2019,1,Alabama,Quarterly Establishments,129355,127992,127988,127988,127988,127988
2019,1,Alabama,January Employment,1957318,1955921,1956476,1956476,1956476,1956476
2019,1,Alabama,February Employment,1970080,1968951,1969122,1969122,1969122,1969122
2019,1,Alabama,March Employment,1977980,1976648,1977658,1977659,1977659,1977659
2019,1,Alabama,Total Quarterly Wages,24158780930,24159623069,24160364990,24160364990,24160364990,24160364990
2019,1,Alaska,Quarterly Establishments,22106,21931,21777,21741,21685,21685
2019,1,Alaska,January Employment,304408,304695,304560,304625,304742,304742
2019,1,Alaska,February Employment,310862,311437,311375,311443,311554,311554
2019,1,Alaska,March Employment,312364,312929,312960,313041,313143,313143
2019,1,Alaska,Total Quarterly Wages,4453861770,4457251026,4456419088,4456773693,4458127129,4458127129
2019,1,Arizona,Quarterly Establishments,164524,164522,163374,162037,161786,161786
2019,1,Arizona,January Employment,2871214,2874694,2875401,2875988,2877874,2877874
2019,1,Arizona,February Employment,2890365,2893321,2894156,2894783,2896755,2896755
2019,1,Arizona,March Employment,2895124,2898668,2899457,2900139,2902286,2902286
2019,1,Arizona,Total Quarterly Wages,39599701023,39532773211,39546778767,39550586240,39572034559,39572034559
2019,1,Arkansas,Quarterly Establishments,91958,91248,91253,91253,91253,91253
2019,1,Arkansas,January Employment,1207098,1207031,1207037,1207001,1206963,1206963
2019,1,Arkansas,February Employment,1214680,1214736,1214742,1214703,1214670,1214670
2019,1,Arkansas,March Employment,1218543,1218372,1218378,1218338,1218303,1218303
2019,1,Arkansas,Total Quarterly Wages,14138853634,14117689414,14117756242,14117677224,14117452809,14117452809
2019,1,California,Quarterly Establishments,1586424,1575810,1567684,1564105,1562759,1562759
2019,1,California,January Employment,17285105,17268564,17265956,17268434,17261467,17261467
2019,1,California,February Employment,17408187,17393130,17391602,17394358,17389706,17389706
2019,1,California,March Employment,17436367,17426249,17426365,17430114,17425558,17425558
2019,1,California,Total Quarterly Wages,316494982174,316032058718,315930987352,315881600337,315857594896,315857594896
2019,1,Colorado,Quarterly Establishments,207605,208464,208398,208398,208398,208398
2019,1,Colorado,January Employment,2672490,2674588,2674591,2674659,2674634,2674634
2019,1,Colorado,February Employment,2684539,2686717,2686740,2686811,2686786,2686786
2019,1,Colorado,March Employment,2690274,2693190,2693258,2693322,2693297,2693297
2019,1,Colorado,Total Quarterly Wages,42921640554,42965328014,42964167315,42965065885,42964623837,42964623837
2019,1,Connecticut,Quarterly Establishments,122411,121794,121786,121786,121786,121786
2019,1,Connecticut,January Employment,1644985,1644889,1644993,1645066,1645107,1645107
2019,1,Connecticut,February Employment,1645069,1645007,1645053,1645124,1645166,1645166
2019,1,Connecticut,March Employment,1650584,1650811,1650870,1650888,1650932,1650932
2019,1,Connecticut,Total Quarterly Wages,31843158792,31854370339,31856887938,31856089310,31836390794,31836390794
2019,1,Delaware,Quarterly Establishments,33237,33787,33775,33775,33775,33775
2019,1,Delaware,January Employment,440987,441695,441300,441249,441249,441249
2019,1,Delaware,February Employment,441058,442726,442285,441990,441990,441990
2019,1,Delaware,March Employment,444087,446045,445604,445045,445045,445045
2019,1,Delaware,Total Quarterly Wages,6888510393,7085933808,7080013761,7078288494,7078288494,7078288494
2019,1,District of Columbia,Quarterly Establishments,40453,40413,40276,40051,40051,40051
2019,1,District of Columbia,January Employment,762098,762676,762515,761979,761979,761979
2019,1,District of Columbia,February Employment,770559,771181,771050,770519,770519,770519
2019,1,District of Columbia,March Employment,773535,774308,774193,773668,773668,773668
2019,1,District of Columbia,Total Quarterly Wages,19197998413,19211505960,19207933688,19197566005,19197566005,19197566005
2019,1,Florida,Quarterly Establishments,717635,709086,708975,708960,709087,709087
2019,1,Florida,January Employment,8797183,8796287,8794343,8794679,8799713,8799713
2019,1,Florida,February Employment,8869657,8871322,8869223,8869058,8874128,8874128
2019,1,Florida,March Employment,8894284,8897435,8895773,8895619,8900744,8900744
2019,1,Florida,Total Quarterly Wages,116861530060,116775522570,116751637096,116752097950,116786724110,116786724110
2019,1,Georgia,Quarterly Establishments,283844,281061,281054,281082,282169,282169
2019,1,Georgia,January Employment,4448395,4441249,4439306,4439617,4441860,4441860
2019,1,Georgia,February Employment,4472117,4466731,4464197,4464499,4466792,4466792
2019,1,Georgia,March Employment,4488589,4483638,4480932,4481295,4483569,4483569
2019,1,Georgia,Total Quarterly Wages,65113263177,65026912660,65010833825,65014563692,65042598150,65042598150
2019,1,Hawaii,Quarterly Establishments,44547,44199,43716,43348,43267,43267
2019,1,Hawaii,January Employment,652580,654155,654384,654532,656337,656337
2019,1,Hawaii,February Employment,657210,658807,659020,659141,660981,660981
2019,1,Hawaii,March Employment,658103,659641,659833,659964,661808,661808
2019,1,Hawaii,Total Quarterly Wages,8577408670,8591561861,8592730459,8593632362,8602138415,8602138415
2019,1,Idaho,Quarterly Establishments,66244,66515,66349,61161,61156,61156
2019,1,Idaho,January Employment,721687,721450,721937,721957,721973,721973
2019,1,Idaho,February Employment,727136,726896,727356,727411,727423,727423
2019,1,Idaho,March Employment,732325,732144,732737,732789,732798,732798
2019,1,Idaho,Total Quarterly Wages,7829322541,7831701399,7835395738,7835825122,7835967869,7835967869
2019,1,Illinois,Quarterly Establishments,375125,371965,371846,371738,371705,371705
2019,1,Illinois,January Employment,5869657,5871399,5872592,5872350,5871087,5871087
2019,1,Illinois,February Employment,5871617,5873496,5875312,5875116,5874020,5874020
2019,1,Illinois,March Employment,5912008,5915497,5917804,5917595,5916482,5916482
2019,1,Illinois,Total Quarterly Wages,97571039931,97396620862,97444370001,97449311852,97408542581,97408542581
2019,1,Indiana,Quarterly Establishments,169730,168536,168576,168560,168562,168562
2019,1,Indiana,January Employment,3036777,3032972,3031554,3032662,3033886,3033886
2019,1,Indiana,February Employment,3047717,3043309,3044152,3044716,3045657,3045657
2019,1,Indiana,March Employment,3059080,3056520,3057559,3058081,3059011,3059011
2019,1,Indiana,Total Quarterly Wages,38172328073,38145414906,38144309174,38147220741,38151111077,38151111077
2019,1,Iowa,Quarterly Establishments,103565,103580,103581,103583,103584,103584
2019,1,Iowa,January Employment,1525475,1524875,1524875,1524876,1524876,1524876
2019,1,Iowa,February Employment,1520325,1519623,1519623,1519624,1519624,1519624
2019,1,Iowa,March Employment,1527120,1526507,1526507,1526507,1526507,1526507
2019,1,Iowa,Total Quarterly Wages,18666121994,18675841573,18675841573,18675848098,18675848098,18675848098
2019,1,Kansas,Quarterly Establishments,88839,86956,87404,87271,87157,87157
2019,1,Kansas,January Employment,1373261,1373026,1374436,1374480,1374546,1374546
2019,1,Kansas,February Employment,1377397,1377006,1378390,1378434,1378470,1378470
2019,1,Kansas,March Employment,1379319,1379236,1380630,1380694,1380805,1380805
2019,1,Kansas,Total Quarterly Wages,16816851529,16803646995,16816980603,16817881100,16817324457,16817324457
2019,1,Kentucky,Quarterly Establishments,122812,123068,123199,123313,123641,123641
2019,1,Kentucky,January Employment,1868974,1870774,1870057,1870100,1870060,1870060
2019,1,Kentucky,February Employment,1871797,1873303,1872788,1872837,1872785,1872785
2019,1,Kentucky,March Employment,1882613,1884117,1883700,1883729,1883708,1883708
2019,1,Kentucky,Total Quarterly Wages,22425368991,22445264590,22441962538,22441544382,22441323127,22441323127
2019,1,Louisiana,Quarterly Establishments,134758,134202,133769,133224,133039,133039
2019,1,Louisiana,January Employment,1907741,1911248,1909782,1909074,1909808,1909808
2019,1,Louisiana,February Employment,1917002,1921460,1920267,1919637,1920212,1920212
2019,1,Louisiana,March Employment,1916817,1923381,1922258,1921669,1922692,1922692
2019,1,Louisiana,Total Quarterly Wages,23745148799,23774798740,23761794329,23755109122,23763854694,23763854694
2019,1,Maine,Quarterly Establishments,54115,53940,53354,53022,53023,53023
2019,1,Maine,January Employment,599160,598624,598613,598582,599135,599135
2019,1,Maine,February Employment,598493,597983,597976,597965,598579,598579
2019,1,Maine,March Employment,599818,599594,599694,599688,600425,600425
2019,1,Maine,Total Quarterly Wages,7155379443,7156395171,7155691718,7154725398,7156032552,7156032552
2019,1,Maryland,Quarterly Establishments,174139,175556,175427,175337,175268,175268
2019,1,Maryland,January Employment,2647812,2650096,2650043,2649044,2646344,2646344
2019,1,Maryland,February Employment,2654666,2655810,2655651,2654660,2653915,2653915
2019,1,Maryland,March Employment,2670275,2672610,2672380,2671478,2671016,2671016
2019,1,Maryland,Total Quarterly Wages,42439343504,42451217220,42436883582,42414030219,42385519801,42385519801
2019,1,Massachusetts,Quarterly Establishments,262955,262361,261830,261855,260515,260515
2019,1,Massachusetts,January Employment,3536081,3536256,3538105,3541473,3546079,3546079
2019,1,Massachusetts,February Employment,3539295,3543334,3545174,3549192,3556726,3556726
2019,1,Massachusetts,March Employment,3558071,3558622,3560503,3564218,3571812,3571812
2019,1,Massachusetts,Total Quarterly Wages,71917108802,71977374322,72017352850,72054911751,72099669444,72099669444
2019,1,Michigan,Quarterly Establishments,249679,249631,249633,249639,249643,249643
2019,1,Michigan,January Employment,4278678,4279375,4279512,4279351,4279565,4279565
2019,1,Michigan,February Employment,4283519,4284001,4284120,4284010,4284219,4284219
2019,1,Michigan,March Employment,4307366,4307362,4307559,4307454,4307635,4307635
2019,1,Michigan,Total Quarterly Wages,60126157915,60132416922,60129590608,60129288561,60132130150,60132130150
2019,1,Minnesota,Quarterly Establishments,180531,179457,174773,174349,174233,174233
2019,1,Minnesota,January Employment,2849047,2847449,2847233,2848233,2848664,2848664
2019,1,Minnesota,February Employment,2842140,2841077,2840915,2841934,2842422,2842422
2019,1,Minnesota,March Employment,2840840,2840828,2840785,2841849,2842331,2842331
2019,1,Minnesota,Total Quarterly Wages,44461413524,44453678422,44458327659,44467931667,44471173082,44471173082
2019,1,Mississippi,Quarterly Establishments,74405,73546,73333,73057,72947,72947
2019,1,Mississippi,January Employment,1123332,1124148,1124022,1123964,1124160,1124160
2019,1,Mississippi,February Employment,1127721,1128428,1128364,1128260,1128252,1128252
2019,1,Mississippi,March Employment,1129766,1130293,1129869,1130089,1130078,1130078
2019,1,Mississippi,Total Quarterly Wages,11413195283,11415798852,11417156159,11415704663,11415620918,11415620918
2019,1,Missouri,Quarterly Establishments,206655,206432,206001,205958,205966,205966
2019,1,Missouri,January Employment,2763119,2762901,2762313,2762373,2762366,2762366
2019,1,Missouri,February Employment,2772661,2772500,2771937,2771974,2771965,2771965
2019,1,Missouri,March Employment,2788377,2788949,2788374,2788421,2788255,2788255
2019,1,Missouri,Total Quarterly Wages,35575788898,35574375634,35570623775,35571950694,35570890929,35570890929
2019,1,Montana,Quarterly Establishments,48692,48658,48618,48616,48615,48615
2019,1,Montana,January Employment,457023,456926,456930,456950,456799,456799
2019,1,Montana,February Employment,457165,456962,456977,456998,456834,456834
2019,1,Montana,March Employment,458751,458606,458597,458617,458441,458441
2019,1,Montana,Total Quarterly Wages,5019333405,5017750299,5016158617,5016275303,5014866821,5014866821
2019,1,Nebraska,Quarterly Establishments,72222,71632,71630,71630,71630,71630
2019,1,Nebraska,January Employment,963637,962794,962794,962794,962794,962794
2019,1,Nebraska,February Employment,963970,962885,962885,962885,962885,962885
2019,1,Nebraska,March Employment,965628,964890,964889,964889,964889,964889
2019,1,Nebraska,Total Quarterly Wages,11500395504,11494451318,11494443958,11494443958,11494443958,11494443958
2019,1,Nevada,Quarterly Establishments,83243,82330,81543,80653,80513,80513
2019,1,Nevada,January Employment,1378625,1378954,1378631,1378766,1378948,1378948
2019,1,Nevada,February Employment,1384173,1384539,1384270,1384380,1384509,1384509
2019,1,Nevada,March Employment,1392199,1393100,1392896,1392992,1393266,1393266
2019,1,Nevada,Total Quarterly Wages,17855239765,17857608597,17855618334,17856778992,17857697309,17857697309
2019,1,New Hampshire,Quarterly Establishments,53027,52718,52670,52670,52671,52671
2019,1,New Hampshire,January Employment,655723,655371,655275,655273,655272,655272
2019,1,New Hampshire,February Employment,655131,654865,654767,654766,654765,654765
2019,1,New Hampshire,March Employment,656185,656050,655949,655948,655947,655947
2019,1,New Hampshire,Total Quarterly Wages,9849931168,9869698370,9868759542,9868633952,9847039045,9847039045
2019,1,New Jersey,Quarterly Establishments,276705,273742,272228,273101,273058,273058
2019,1,New Jersey,January Employment,4006902,4002317,3999076,4002865,4003303,4003303
2019,1,New Jersey,February Employment,4015538,4009358,4006644,4010212,4010724,4010724
2019,1,New Jersey,March Employment,4040184,4033800,4031359,4034638,4035180,4035180
2019,1,New Jersey,Total Quarterly Wages,73141325102,73085536358,73057862889,73061675534,73084116537,73084116537
2019,1,New Mexico,Quarterly Establishments,61346,61697,61650,61651,61656,61656
2019,1,New Mexico,January Employment,819314,820475,820523,820546,820696,820696
2019,1,New Mexico,February Employment,824096,825652,825783,825878,826048,826048
2019,1,New Mexico,March Employment,825421,827315,827505,827630,827806,827806
2019,1,New Mexico,Total Quarterly Wages,9526734012,9536480410,9542141897,9542378823,9542978044,9542978044
2019,1,New York,Quarterly Establishments,648865,643168,638073,634805,634391,634391
2019,1,New York,January Employment,9352579,9345180,9341120,9340171,9338445,9338445
2019,1,New York,February Employment,9401689,9396164,9392898,9391916,9391489,9391489
2019,1,New York,March Employment,9453472,9449875,9446814,9445990,9445498,9445498
2019,1,New York,Total Quarterly Wages,200294818891,200165549343,200078946557,200070494617,200087543580,200087543580
2019,1,North Carolina,Quarterly Establishments,282386,283643,283627,283635,283635,283635
2019,1,North Carolina,January Employment,4413568,4416774,4416276,4416219,4416180,4416180
2019,1,North Carolina,February Employment,4439324,4442740,4442176,4442110,4442070,4442070
2019,1,North Carolina,March Employment,4458451,4462507,4461911,4461825,4461782,4461782
2019,1,North Carolina,Total Quarterly Wages,60806009079,60669229536,60660898119,60659320455,60657340363,60657340363
2019,1,North Dakota,Quarterly Establishments,31650,31668,31672,31672,31672,31672
2019,1,North Dakota,January Employment,412375,412540,412531,412531,412531,412531
2019,1,North Dakota,February Employment,413008,413164,413157,413157,413157,413157
2019,1,North Dakota,March Employment,414293,414429,414422,414422,414422,414422
2019,1,North Dakota,Total Quarterly Wages,5486219719,5488552631,5487882512,5487882512,5487882512,5487882512
2019,1,Ohio,Quarterly Establishments,300193,300159,300158,300140,300126,300126
2019,1,Ohio,January Employment,5333141,5333297,5333438,5333220,5332426,5332426
2019,1,Ohio,February Employment,5341257,5341130,5341011,5340787,5341000,5341000
2019,1,Ohio,March Employment,5363248,5363146,5363111,5362901,5363096,5363096
2019,1,Ohio,Total Quarterly Wages,71896400633,71816948371,71810546894,71806389233,71802548235,71802548235
2019,1,Oklahoma,Quarterly Establishments,111322,110594,110598,110597,110597,110597
2019,1,Oklahoma,January Employment,1600541,1601464,1601698,1601705,1601684,1601684
2019,1,Oklahoma,February Employment,1610237,1611412,1611652,1611658,1611638,1611638
2019,1,Oklahoma,March Employment,1616992,1618809,1619085,1619090,1619070,1619070
2019,1,Oklahoma,Total Quarterly Wages,19932106451,19975836977,19977581196,19977617045,19976715721,19976715721
2019,1,Oregon,Quarterly Establishments,160584,158589,157509,156941,156144,156144
2019,1,Oregon,January Employment,1910203,1910591,1911281,1912211,1912956,1912956
2019,1,Oregon,February Employment,1910944,1911687,1912690,1913663,1914379,1914379
2019,1,Oregon,March Employment,1921887,1923264,1924120,1925260,1925899,1925899
2019,1,Oregon,Total Quarterly Wages,26383400210,26386432277,26395671104,26406336226,26410957324,26410957324
2019,1,Pennsylvania,Quarterly Establishments,359860,357632,357631,357631,357632,357632
2019,1,Pennsylvania,January Employment,5820103,5819334,5819321,5819321,5819321,5819321
2019,1,Pennsylvania,February Employment,5818026,5817885,5817872,5817872,5817872,5817872
2019,1,Pennsylvania,March Employment,5850255,5850858,5850844,5850844,5850844,5850844
2019,1,Pennsylvania,Total Quarterly Wages,86836080840,86838636703,86838291751,86838291751,86838291751,86838291751
2019,1,Rhode Island,Quarterly Establishments,38687,38671,38682,38664,38673,38673
2019,1,Rhode Island,January Employment,473231,473293,473297,473283,473281,473281
2019,1,Rhode Island,February Employment,475083,475173,475200,475186,475184,475184
2019,1,Rhode Island,March Employment,474730,474896,474899,474885,474883,474883
2019,1,Rhode Island,Total Quarterly Wages,6805662955,6799524857,6799815436,6799313792,6799284502,6799284502
2019,1,South Carolina,Quarterly Establishments,138167,138126,138118,138144,138693,138693
2019,1,South Carolina,January Employment,2085575,2083359,2082957,2082902,2085280,2085280
2019,1,South Carolina,February Employment,2096685,2095012,2094202,2094155,2096719,2096719
2019,1,South Carolina,March Employment,2109953,2108861,2108023,2107965,2110295,2110295
2019,1,South Carolina,Total Quarterly Wages,24569135403,24550207224,24550446398,24561257701,24589413867,24589413867
2019,1,South Dakota,Quarterly Establishments,33984,33957,33959,33974,33981,33981
2019,1,South Dakota,January Employment,417472,417518,417503,417518,417508,417508
2019,1,South Dakota,February Employment,417660,417747,417740,417754,417754,417754
2019,1,South Dakota,March Employment,418978,419056,419046,419059,419059,419059
2019,1,South Dakota,Total Quarterly Wages,4699154441,4699497184,4699382135,4699497184,4699497184,4699497184
2019,1,Tennessee,Quarterly Establishments,166151,164876,164846,164796,164787,164787
2019,1,Tennessee,January Employment,2975384,2974988,2974984,2974848,2974864,2974864
2019,1,Tennessee,February Employment,2991026,2990853,2990846,2990736,2990770,2990770
2019,1,Tennessee,March Employment,3004216,3004562,3004505,3004395,3004433,3004433
2019,1,Tennessee,Total Quarterly Wages,38715604780,38732090715,38731934262,38733025866,38732807609,38732807609
2019,1,Texas,Quarterly Establishments,705288,708532,708779,708789,708796,708796
2019,1,Texas,January Employment,12327097,12335624,12340797,12341241,12344003,12344003
2019,1,Texas,February Employment,12433122,12440682,12446072,12446622,12449267,12449267
2019,1,Texas,March Employment,12455649,12465545,12470310,12470833,12473575,12473575
2019,1,Texas,Total Quarterly Wages,194247830422,194338589639,194347010702,194350959128,194337762327,194337762327
2019,1,Utah,Quarterly Establishments,105954,105417,105424,105428,105428,105428
2019,1,Utah,January Employment,1484772,1483591,1483515,1483471,1483464,1483464
2019,1,Utah,February Employment,1494117,1492897,1492805,1492756,1492749,1492749
2019,1,Utah,March Employment,1501447,1500309,1500214,1500164,1500157,1500157
2019,1,Utah,Total Quarterly Wages,18989356195,18991791761,18975977286,19275704520,19275187188,19275187188
2019,1,Vermont,Quarterly Establishments,25877,25763,25760,25760,25760,25760
2019,1,Vermont,January Employment,308743,309139,308883,308883,308883,308883
2019,1,Vermont,February Employment,309379,309866,309671,309671,309671,309671
2019,1,Vermont,March Employment,309117,309670,309409,309409,309409,309409
2019,1,Vermont,Total Quarterly Wages,3816071403,3821927415,3817797665,3817797665,3817797665,3817797665
2019,1,Virginia,Quarterly Establishments,284621,279349,279268,279272,279269,279269
2019,1,Virginia,January Employment,3860889,3861984,3861954,3862275,3862364,3862364
2019,1,Virginia,February Employment,3877187,3878226,3878110,3878505,3878608,3878608
2019,1,Virginia,March Employment,3896867,3898462,3899043,3899196,3899326,3899326
2019,1,Virginia,Total Quarterly Wages,59799123406,59784010932,59791258521,59797817286,59799351044,59799351044
2019,1,Washington,Quarterly Establishments,250436,251386,251473,252087,252141,252141
2019,1,Washington,January Employment,3344222,3338972,3339384,3340773,3341379,3341379
2019,1,Washington,February Employment,3324653,3320081,3320328,3321605,3322220,3322220
2019,1,Washington,March Employment,3371118,3366097,3366607,3367817,3368555,3368555
2019,1,Washington,Total Quarterly Wages,59508952999,59216387772,59220253088,59219913326,59228503582,59228503582
2019,1,West Virginia,Quarterly Establishments,51279,51531,51501,50962,50867,50867
2019,1,West Virginia,January Employment,684017,684021,684050,683822,683817,683817
2019,1,West Virginia,February Employment,682143,682160,682192,681952,681946,681946
2019,1,West Virginia,March Employment,687057,687191,687236,686993,686987,686987
2019,1,West Virginia,Total Quarterly Wages,7967958734,7968684192,7969047919,7967190437,7967910121,7967910121
2019,1,Wisconsin,Quarterly Establishments,178065,178386,177708,177287,174390,174390
2019,1,Wisconsin,January Employment,2831390,2831728,2830580,2830584,2833150,2833150
2019,1,Wisconsin,February Employment,2826921,2826999,2825820,2825799,2828345,2828345
2019,1,Wisconsin,March Employment,2838886,2839342,2838288,2838258,2840883,2840883
2019,1,Wisconsin,Total Quarterly Wages,36524692430,36522658623,36518835108,36518921043,36516433701,36516433701
2019,1,Wyoming,Quarterly Establishments,26720,26598,26511,26488,26485,26485
2019,1,Wyoming,January Employment,267208,267629,267506,267735,267799,267799
2019,1,Wyoming,February Employment,267910,268433,268318,268562,268604,268604
2019,1,Wyoming,March Employment,268986,269615,269488,269752,269804,269804
2019,1,Wyoming,Total Quarterly Wages,3302958911,3314399284,3311695268,3313493047,3313994146,3313994146
2019,1,Puerto Rico,Quarterly Establishments,45948,46334,46320,46331,46174,46174
2019,1,Puerto Rico,January Employment,863836,865729,865375,865363,865472,865472
2019,1,Puerto Rico,February Employment,867300,869080,868766,868754,868878,868878
2019,1,Puerto Rico,March Employment,875818,878088,877789,877760,877776,877776
2019,1,Puerto Rico,Total Quarterly Wages,6243376164,6243664749,6241565918,6241445173,6241208692,6241208692
2019,1,Virgin Islands,Quarterly Establishments,3364,3521,3501,3497,3488,3488
2019,1,Virgin Islands,January Employment,35191,35506,35607,36087,36325,36325
2019,1,Virgin Islands,February Employment,36258,36522,36673,37259,37501,37501
2019,1,Virgin Islands,March Employment,36582,36898,37076,37692,37908,37908
2019,1,Virgin Islands,Total Quarterly Wages,452141601,452655824,457717800,474110217,476518503,476518503
2019,2,United States,Quarterly Establishments,10252043,10224644,10197956,10189894,Not applicable,10189894
2019,2,United States,April Employment,147522541,147536295,147543057,147574087,Not applicable,147574087
2019,2,United States,May Employment,148607380,148633086,148646236,148673869,Not applicable,148673869
2019,2,United States,June Employment,149089158,149133921,149157402,149191158,Not applicable,149191158
2019,2,United States,Total Quarterly Wages,2111761785894,2112045195311,2112070934580,2112260791432,Not applicable,2112260791432
2019,2,Alabama,Quarterly Establishments,129579,129541,129512,129510,Not applicable,129510
2019,2,Alabama,April Employment,1986566,1988655,1988730,1988720,Not applicable,1988720
2019,2,Alabama,May Employment,1992107,1994384,1994178,1994135,Not applicable,1994135
2019,2,Alabama,June Employment,1993680,1996581,1997444,1997399,Not applicable,1997399
2019,2,Alabama,Total Quarterly Wages,23571886418,23576562606,23575667821,23575590252,Not applicable,23575590252
2019,2,Alaska,Quarterly Establishments,22306,22144,22101,22036,Not applicable,22036
2019,2,Alaska,April Employment,317852,317594,317592,317716,Not applicable,317716
2019,2,Alaska,May Employment,330745,330654,330791,330921,Not applicable,330921
2019,2,Alaska,June Employment,338874,339001,339146,339288,Not applicable,339288
2019,2,Alaska,Total Quarterly Wages,4612121119,4600060782,4600705396,4602801809,Not applicable,4602801809
2019,2,Arizona,Quarterly Establishments,166467,165952,163963,163521,Not applicable,163521
2019,2,Arizona,April Employment,2894682,2899670,2900002,2902562,Not applicable,2902562
2019,2,Arizona,May Employment,2884768,2890405,2891124,2893959,Not applicable,2893959
2019,2,Arizona,June Employment,2843296,2849006,2849595,2852485,Not applicable,2852485
2019,2,Arizona,Total Quarterly Wages,37753860981,37817923584,37821234823,37846791261,Not applicable,37846791261
2019,2,Arkansas,Quarterly Establishments,91924,91425,91441,91440,Not applicable,91440
2019,2,Arkansas,April Employment,1224243,1224812,1224817,1224805,Not applicable,1224805
2019,2,Arkansas,May Employment,1226596,1227155,1227169,1227176,Not applicable,1227176
2019,2,Arkansas,June Employment,1222534,1223100,1223160,1223147,Not applicable,1223147
2019,2,Arkansas,Total Quarterly Wages,13723644098,13719159322,13719659979,13719712571,Not applicable,13719712571
2019,2,California,Quarterly Establishments,1595344,1586465,1577664,1575720,Not applicable,1575720
2019,2,California,April Employment,17525372,17525106,17527758,17523398,Not applicable,17523398
2019,2,California,May Employment,17675487,17672684,17676299,17671342,Not applicable,17671342
2019,2,California,June Employment,17717372,17716329,17721266,17718241,Not applicable,17718241
2019,2,California,Total Quarterly Wages,303754207965,303703057851,303665137721,303636887160,Not applicable,303636887160
2019,2,Colorado,Quarterly Establishments,210232,210492,210485,210480,Not applicable,210480
2019,2,Colorado,April Employment,2710167,2710444,2710628,2710554,Not applicable,2710554
2019,2,Colorado,May Employment,2721338,2721513,2721715,2721650,Not applicable,2721650
2019,2,Colorado,June Employment,2765723,2766036,2766273,2766234,Not applicable,2766234
2019,2,Colorado,Total Quarterly Wages,40059596253,40072989881,40076652782,40075784659,Not applicable,40075784659
2019,2,Connecticut,Quarterly Establishments,123044,122944,122943,122944,Not applicable,122944
2019,2,Connecticut,April Employment,1664845,1665827,1665960,1666046,Not applicable,1666046
2019,2,Connecticut,May Employment,1681170,1682104,1682292,1682381,Not applicable,1682381
2019,2,Connecticut,June Employment,1690752,1692626,1692748,1692332,Not applicable,1692332
2019,2,Connecticut,Total Quarterly Wages,27639528635,27606559308,27607543814,27608390264,Not applicable,27608390264
2019,2,Delaware,Quarterly Establishments,33767,34313,34307,34307,Not applicable,34307
2019,2,Delaware,April Employment,450394,450264,450220,450519,Not applicable,450519
2019,2,Delaware,May Employment,453243,453451,453372,453671,Not applicable,453671
2019,2,Delaware,June Employment,458000,458463,458405,458704,Not applicable,458704
2019,2,Delaware,Total Quarterly Wages,6235687170,6266521360,6265038364,6265022086,Not applicable,6265022086
2019,2,District of Columbia,Quarterly Establishments,40289,40157,39880,39881,Not applicable,39881
2019,2,District of Columbia,April Employment,775821,775289,774668,774668,Not applicable,774668
2019,2,District of Columbia,May Employment,774979,774567,773940,773940,Not applicable,773940
2019,2,District of Columbia,June Employment,780355,780031,779381,779381,Not applicable,779381
2019,2,District of Columbia,Total Quarterly Wages,17964609622,17955496241,17944517898,17944517898,Not applicable,17944517898
2019,2,Florida,Quarterly Establishments,716451,711817,711814,712147,Not applicable,712147
2019,2,Florida,April Employment,8899853,8900323,8900825,8905905,Not applicable,8905905
2019,2,Florida,May Employment,8888322,8889400,8890362,8895601,Not applicable,8895601
2019,2,Florida,June Employment,8722875,8725649,8727669,8732867,Not applicable,8732867
2019,2,Florida,Total Quarterly Wages,111254091596,111285301999,111291542915,111313057287,Not applicable,111313057287
2019,2,Georgia,Quarterly Establishments,285092,283765,283863,285054,Not applicable,285054
2019,2,Georgia,April Employment,4490915,4485624,4486087,4491543,Not applicable,4491543
2019,2,Georgia,May Employment,4508471,4503082,4503515,4508819,Not applicable,4508819
2019,2,Georgia,June Employment,4507116,4503280,4504010,4510257,Not applicable,4510257
2019,2,Georgia,Total Quarterly Wages,59489009270,59449062871,59453523861,59520023085,Not applicable,59520023085
2019,2,Hawaii,Quarterly Establishments,44739,44329,43859,43743,Not applicable,43743
2019,2,Hawaii,April Employment,652154,654327,654600,656561,Not applicable,656561
2019,2,Hawaii,May Employment,655150,657228,657477,659447,Not applicable,659447
2019,2,Hawaii,June Employment,652241,654478,654740,656723,Not applicable,656723
2019,2,Hawaii,Total Quarterly Wages,8423410628,8440777816,8442800333,8452751643,Not applicable,8452751643
2019,2,Idaho,Quarterly Establishments,67520,67681,62484,62423,Not applicable,62423
2019,2,Idaho,April Employment,743107,743330,743355,743316,Not applicable,743316
2019,2,Idaho,May Employment,754839,755187,755226,755190,Not applicable,755190
2019,2,Idaho,June Employment,765137,765958,766033,765990,Not applicable,765990
2019,2,Idaho,Total Quarterly Wages,8040419426,8043226036,8043643464,8043340966,Not applicable,8043340966
2019,2,Illinois,Quarterly Establishments,378252,375057,374780,374736,Not applicable,374736
2019,2,Illinois,April Employment,5969984,5976183,5975739,5974440,Not applicable,5974440
2019,2,Illinois,May Employment,6032014,6037751,6036773,6035469,Not applicable,6035469
2019,2,Illinois,June Employment,6074730,6084391,6083308,6082111,Not applicable,6082111
2019,2,Illinois,Total Quarterly Wages,87899267409,88021240889,88019473416,87966633863,Not applicable,87966633863
2019,2,Indiana,Quarterly Establishments,167705,169073,169067,169070,Not applicable,169070
2019,2,Indiana,April Employment,3068128,3065527,3065880,3067150,Not applicable,3067150
2019,2,Indiana,May Employment,3093752,3092175,3094002,3095292,Not applicable,3095292
2019,2,Indiana,June Employment,3089802,3088740,3091105,3092706,Not applicable,3092706
2019,2,Indiana,Total Quarterly Wages,36472680841,36464128031,36465897542,36467063288,Not applicable,36467063288
2019,2,Iowa,Quarterly Establishments,104220,104239,104240,104244,Not applicable,104244
2019,2,Iowa,April Employment,1551492,1551473,1551474,1551476,Not applicable,1551476
2019,2,Iowa,May Employment,1567447,1567814,1567815,1567817,Not applicable,1567817
2019,2,Iowa,June Employment,1584673,1584914,1584915,1584917,Not applicable,1584917
2019,2,Iowa,Total Quarterly Wages,18387863384,18395225708,18395232233,18395241130,Not applicable,18395241130
2019,2,Kansas,Quarterly Establishments,87869,88757,86788,86659,Not applicable,86659
2019,2,Kansas,April Employment,1399013,1401766,1398710,1399282,Not applicable,1399282
2019,2,Kansas,May Employment,1401730,1404580,1401820,1402397,Not applicable,1402397
2019,2,Kansas,June Employment,1402978,1405955,1403459,1404035,Not applicable,1404035
2019,2,Kansas,Total Quarterly Wages,16480026306,16511779616,16481465264,16486591727,Not applicable,16486591727
2019,2,Kentucky,Quarterly Establishments,121271,121672,121810,122186,Not applicable,122186
2019,2,Kentucky,April Employment,1894663,1896284,1896597,1896676,Not applicable,1896676
2019,2,Kentucky,May Employment,1908720,1910444,1910764,1910814,Not applicable,1910814
2019,2,Kentucky,June Employment,1909661,1910407,1910780,1910781,Not applicable,1910781
2019,2,Kentucky,Total Quarterly Wages,22547098335,22579656678,22590130433,22589880660,Not applicable,22589880660
2019,2,Louisiana,Quarterly Establishments,135041,135003,134332,134043,Not applicable,134043
2019,2,Louisiana,April Employment,1931687,1932202,1931926,1932622,Not applicable,1932622
2019,2,Louisiana,May Employment,1935020,1935944,1935431,1936216,Not applicable,1936216
2019,2,Louisiana,June Employment,1920193,1921417,1921074,1922507,Not applicable,1922507
2019,2,Louisiana,Total Quarterly Wages,23146219566,23152410784,23149414795,23157550515,Not applicable,23157550515
2019,2,Maine,Quarterly Establishments,54273,53916,53559,53507,Not applicable,53507
2019,2,Maine,April Employment,606134,606403,606805,607503,Not applicable,607503
2019,2,Maine,May Employment,622283,622827,623643,624490,Not applicable,624490
2019,2,Maine,June Employment,639554,640179,641052,641976,Not applicable,641976
2019,2,Maine,Total Quarterly Wages,7077513004,7081558830,7081464212,7085283593,Not applicable,7085283593
2019,2,Maryland,Quarterly Establishments,174337,176707,176507,176430,Not applicable,176430
2019,2,Maryland,April Employment,2692294,2694409,2692742,2692008,Not applicable,2692008
2019,2,Maryland,May Employment,2713316,2715337,2713692,2713199,Not applicable,2713199
2019,2,Maryland,June Employment,2733588,2736593,2735541,2735847,Not applicable,2735847
2019,2,Maryland,Total Quarterly Wages,41553482118,41611044642,41576300805,41575922645,Not applicable,41575922645
2019,2,Massachusetts,Quarterly Establishments,262925,263296,263477,261866,Not applicable,261866
2019,2,Massachusetts,April Employment,3600207,3601889,3607159,3616040,Not applicable,3616040
2019,2,Massachusetts,May Employment,3644017,3646464,3652194,3657430,Not applicable,3657430
2019,2,Massachusetts,June Employment,3690103,3695164,3701285,3708411,Not applicable,3708411
2019,2,Massachusetts,Total Quarterly Wages,65236406746,65434074004,65485398914,65537292198,Not applicable,65537292198
2019,2,Michigan,Quarterly Establishments,261907,261873,261871,261876,Not applicable,261876
2019,2,Michigan,April Employment,4327036,4326698,4327415,4327665,Not applicable,4327665
2019,2,Michigan,May Employment,4395806,4395551,4396512,4396783,Not applicable,4396783
2019,2,Michigan,June Employment,4419729,4419704,4420839,4421075,Not applicable,4421075
2019,2,Michigan,Total Quarterly Wages,57962609381,57924294451,57933038988,57935795971,Not applicable,57935795971
2019,2,Minnesota,Quarterly Establishments,182448,177996,177595,177387,Not applicable,177387
2019,2,Minnesota,April Employment,2875432,2875592,2876792,2877229,Not applicable,2877229
2019,2,Minnesota,May Employment,2928603,2929075,2930450,2930906,Not applicable,2930906
2019,2,Minnesota,June Employment,2952576,2953900,2955441,2955939,Not applicable,2955939
2019,2,Minnesota,Total Quarterly Wages,41781534655,41796801599,41812766774,41816538165,Not applicable,41816538165
2019,2,Mississippi,Quarterly Establishments,73727,73679,73336,73153,Not applicable,73153
2019,2,Mississippi,April Employment,1134424,1134321,1134460,1134462,Not applicable,1134462
2019,2,Mississippi,May Employment,1138863,1139035,1139151,1139113,Not applicable,1139113
2019,2,Mississippi,June Employment,1135850,1136178,1136300,1136297,Not applicable,1136297
2019,2,Mississippi,Total Quarterly Wages,11332850220,11332788375,11331616492,11331644038,Not applicable,11331644038
2019,2,Missouri,Quarterly Establishments,208288,207666,207585,207579,Not applicable,207579
2019,2,Missouri,April Employment,2828500,2827691,2827675,2827597,Not applicable,2827597
2019,2,Missouri,May Employment,2840139,2839356,2839348,2839308,Not applicable,2839308
2019,2,Missouri,June Employment,2836735,2836094,2836205,2836167,Not applicable,2836167
2019,2,Missouri,Total Quarterly Wages,34937070595,34927082221,34930612410,34930216480,Not applicable,34930216480
2019,2,Montana,Quarterly Establishments,49474,49488,49483,49481,Not applicable,49481
2019,2,Montana,April Employment,466427,466690,466607,466437,Not applicable,466437
2019,2,Montana,May Employment,475819,475927,475875,475686,Not applicable,475686
2019,2,Montana,June Employment,483140,483362,483433,483257,Not applicable,483257
2019,2,Montana,Total Quarterly Wages,5203914239,5200674957,5200984315,5199116282,Not applicable,5199116282
2019,2,Nebraska,Quarterly Establishments,72567,72665,72661,72661,Not applicable,72661
2019,2,Nebraska,April Employment,977565,977502,977512,977512,Not applicable,977512
2019,2,Nebraska,May Employment,989731,989752,989763,989763,Not applicable,989763
2019,2,Nebraska,June Employment,991517,991700,991718,991718,Not applicable,991718
2019,2,Nebraska,Total Quarterly Wages,11397941827,11400012479,11400053439,11400053439,Not applicable,11400053439
2019,2,Nevada,Quarterly Establishments,83689,83385,82311,81728,Not applicable,81728
2019,2,Nevada,April Employment,1398538,1398268,1398153,1398076,Not applicable,1398076
2019,2,Nevada,May Employment,1408529,1408678,1408902,1408845,Not applicable,1408845
2019,2,Nevada,June Employment,1408787,1409078,1409053,1408933,Not applicable,1408933
2019,2,Nevada,Total Quarterly Wages,17559942434,17559487361,17562263164,17565233325,Not applicable,17565233325
2019,2,New Hampshire,Quarterly Establishments,53725,53459,53426,53427,Not applicable,53427
2019,2,New Hampshire,April Employment,658163,658067,658074,658084,Not applicable,658084
2019,2,New Hampshire,May Employment,667401,667318,667393,667402,Not applicable,667402
2019,2,New Hampshire,June Employment,676143,676142,676196,676205,Not applicable,676205
2019,2,New Hampshire,Total Quarterly Wages,9451530969,9454114930,9454432682,9454442126,Not applicable,9454442126
2019,2,New Jersey,Quarterly Establishments,276851,275243,275973,275917,Not applicable,275917
2019,2,New Jersey,April Employment,4072260,4069133,4072324,4072801,Not applicable,4072801
2019,2,New Jersey,May Employment,4105931,4103956,4107035,4107514,Not applicable,4107514
2019,2,New Jersey,June Employment,4182531,4178553,4181519,4182102,Not applicable,4182102
2019,2,New Jersey,Total Quarterly Wages,66180622945,66159161172,66165149907,66190536929,Not applicable,66190536929
2019,2,New Mexico,Quarterly Establishments,61729,62122,62123,62132,Not applicable,62132
2019,2,New Mexico,April Employment,832739,833673,833757,833960,Not applicable,833960
2019,2,New Mexico,May Employment,837901,839334,839487,839692,Not applicable,839692
2019,2,New Mexico,June Employment,833961,835353,835486,835725,Not applicable,835725
2019,2,New Mexico,Total Quarterly Wages,9634277366,9660093499,9660874066,9661950980,Not applicable,9661950980
2019,2,New York,Quarterly Establishments,651923,648616,644365,643776,Not applicable,643776
2019,2,New York,April Employment,9538317,9534604,9532654,9532727,Not applicable,9532727
2019,2,New York,May Employment,9601395,9599324,9597383,9597378,Not applicable,9597378
2019,2,New York,June Employment,9682791,9682812,9681110,9680656,Not applicable,9680656
2019,2,New York,Total Quarterly Wages,168236636775,168163868595,168142210833,168147780165,Not applicable,168147780165
2019,2,North Carolina,Quarterly Establishments,284702,284219,284231,284230,Not applicable,284230
2019,2,North Carolina,April Employment,4485564,4477859,4476850,4476800,Not applicable,4476800
2019,2,North Carolina,May Employment,4522834,4515646,4514619,4514569,Not applicable,4514569
2019,2,North Carolina,June Employment,4527289,4517800,4516787,4516723,Not applicable,4516723
2019,2,North Carolina,Total Quarterly Wages,56900779827,56842147349,56836711056,56835620613,Not applicable,56835620613
2019,2,North Dakota,Quarterly Establishments,31934,31923,31923,31923,Not applicable,31923
2019,2,North Dakota,April Employment,419658,419667,419667,419667,Not applicable,419667
2019,2,North Dakota,May Employment,428727,428709,428709,428709,Not applicable,428709
2019,2,North Dakota,June Employment,431800,431784,431784,431784,Not applicable,431784
2019,2,North Dakota,Total Quarterly Wages,5693267062,5696315200,5696315200,5696315200,Not applicable,5696315200
2019,2,Ohio,Quarterly Establishments,300707,300885,300852,300839,Not applicable,300839
2019,2,Ohio,April Employment,5423748,5422604,5421447,5421679,Not applicable,5421679
2019,2,Ohio,May Employment,5480830,5479951,5480040,5480130,Not applicable,5480130
2019,2,Ohio,June Employment,5486670,5486483,5487021,5487292,Not applicable,5487292
2019,2,Ohio,Total Quarterly Wages,68540198350,68503829595,68496814298,68488195592,Not applicable,68488195592
2019,2,Oklahoma,Quarterly Establishments,111220,111107,111102,111103,Not applicable,111103
2019,2,Oklahoma,April Employment,1624864,1627128,1627134,1627134,Not applicable,1627134
2019,2,Oklahoma,May Employment,1628144,1630853,1630876,1630876,Not applicable,1630876
2019,2,Oklahoma,June Employment,1618477,1622874,1622912,1622912,Not applicable,1622912
2019,2,Oklahoma,Total Quarterly Wages,19008057413,19027642882,19027675940,19027675940,Not applicable,19027675940
2019,2,Oregon,Quarterly Establishments,160211,159027,158372,157522,Not applicable,157522
2019,2,Oregon,April Employment,1940112,1940298,1940973,1942043,Not applicable,1942043
2019,2,Oregon,May Employment,1958780,1959311,1960512,1961724,Not applicable,1961724
2019,2,Oregon,June Employment,1976450,1977490,1979014,1980358,Not applicable,1980358
2019,2,Oregon,Total Quarterly Wages,26365750956,26394307677,26408433443,26419879424,Not applicable,26419879424
2019,2,Pennsylvania,Quarterly Establishments,362126,358445,358486,358487,Not applicable,358487
2019,2,Pennsylvania,April Employment,5912125,5912238,5912302,5912302,Not applicable,5912302
2019,2,Pennsylvania,May Employment,5958919,5959963,5960112,5960112,Not applicable,5960112
2019,2,Pennsylvania,June Employment,5972128,5973643,5976484,5976484,Not applicable,5976484
2019,2,Pennsylvania,Total Quarterly Wages,82755086799,82809836260,82811407363,82811407363,Not applicable,82811407363
2019,2,Rhode Island,Quarterly Establishments,38786,38835,38820,38830,Not applicable,38830
2019,2,Rhode Island,April Employment,481962,482212,482124,482129,Not applicable,482129
2019,2,Rhode Island,May Employment,488589,489013,488932,488936,Not applicable,488936
2019,2,Rhode Island,June Employment,494452,494834,494757,494762,Not applicable,494762
2019,2,Rhode Island,Total Quarterly Wages,6566633381,6578928726,6577860947,6577858788,Not applicable,6577858788
2019,2,South Carolina,Quarterly Establishments,139013,139113,139123,139688,Not applicable,139688
2019,2,South Carolina,April Employment,2127709,2129005,2129014,2130899,Not applicable,2130899
2019,2,South Carolina,May Employment,2141097,2142054,2142043,2144199,Not applicable,2144199
2019,2,South Carolina,June Employment,2144185,2143970,2144298,2146132,Not applicable,2146132
2019,2,South Carolina,Total Quarterly Wages,24101340749,24110492493,24135311800,24152462150,Not applicable,24152462150
2019,2,South Dakota,Quarterly Establishments,34098,34097,34107,34112,Not applicable,34112
2019,2,South Dakota,April Employment,423382,423548,423552,423548,Not applicable,423548
2019,2,South Dakota,May Employment,434867,435062,435066,435066,Not applicable,435066
2019,2,South Dakota,June Employment,441808,442128,442137,442136,Not applicable,442136
2019,2,South Dakota,Total Quarterly Wages,4718818710,4719163306,4719184143,4719177897,Not applicable,4719177897
2019,2,Tennessee,Quarterly Establishments,166404,165783,165722,165708,Not applicable,165708
2019,2,Tennessee,April Employment,3026447,3025349,3025501,3025534,Not applicable,3025534
2019,2,Tennessee,May Employment,3040366,3038891,3039012,3039061,Not applicable,3039061
2019,2,Tennessee,June Employment,3047777,3048572,3048574,3048612,Not applicable,3048612
2019,2,Tennessee,Total Quarterly Wages,38092621327,38094206301,38098556708,38098738546,Not applicable,38098738546
2019,2,Texas,Quarterly Establishments,707750,711550,711713,711721,Not applicable,711721
2019,2,Texas,April Employment,12504998,12518886,12519447,12521656,Not applicable,12521656
2019,2,Texas,May Employment,12561380,12577388,12577932,12580356,Not applicable,12580356
2019,2,Texas,June Employment,12585557,12600097,12600848,12603624,Not applicable,12603624
2019,2,Texas,Total Quarterly Wages,179814943411,179923793543,179924910880,179932868192,Not applicable,179932868192
2019,2,Utah,Quarterly Establishments,107456,106898,106908,106908,Not applicable,106908
2019,2,Utah,April Employment,1515792,1512014,1511960,1511958,Not applicable,1511958
2019,2,Utah,May Employment,1525679,1522020,1521974,1521972,Not applicable,1521972
2019,2,Utah,June Employment,1526072,1521072,1520993,1520991,Not applicable,1520991
2019,2,Utah,Total Quarterly Wages,18516132610,18400643066,18400641411,18400629648,Not applicable,18400629648
2019,2,Vermont,Quarterly Establishments,26065,25948,25952,25952,Not applicable,25952
2019,2,Vermont,April Employment,305762,306155,306158,306158,Not applicable,306158
2019,2,Vermont,May Employment,308216,308716,308668,308668,Not applicable,308668
2019,2,Vermont,June Employment,314005,314687,314629,314629,Not applicable,314629
2019,2,Vermont,Total Quarterly Wages,3736774986,3743420545,3743046680,3743046680,Not applicable,3743046680
2019,2,Virginia,Quarterly Establishments,281944,281032,281024,281033,Not applicable,281033
2019,2,Virginia,April Employment,3929106,3929349,3930013,3930136,Not applicable,3930136
2019,2,Virginia,May Employment,3951892,3952312,3953094,3953209,Not applicable,3953209
2019,2,Virginia,June Employment,3981613,3983357,3983909,3984085,Not applicable,3984085
2019,2,Virginia,Total Quarterly Wages,57225556070,57208623865,57215254190,57216515735,Not applicable,57216515735
2019,2,Washington,Quarterly Establishments,251318,252045,252752,252816,Not applicable,252816
2019,2,Washington,April Employment,3407924,3406587,3405562,3406088,Not applicable,3406088
2019,2,Washington,May Employment,3441503,3441040,3440102,3440333,Not applicable,3440333
2019,2,Washington,June Employment,3500599,3500908,3500523,3500633,Not applicable,3500633
2019,2,Washington,Total Quarterly Wages,57777957055,57687287845,57693095671,57702005183,Not applicable,57702005183
2019,2,West Virginia,Quarterly Establishments,51466,51596,51001,50890,Not applicable,50890
2019,2,West Virginia,April Employment,693290,693333,693235,693247,Not applicable,693247
2019,2,West Virginia,May Employment,698081,698469,698393,698402,Not applicable,698402
2019,2,West Virginia,June Employment,700370,700618,700552,700556,Not applicable,700556
2019,2,West Virginia,Total Quarterly Wages,8054356254,8060018886,8059675373,8060363361,Not applicable,8060363361
2019,2,Wisconsin,Quarterly Establishments,180953,180448,179594,176402,Not applicable,176402
2019,2,Wisconsin,April Employment,2870749,2870175,2869932,2872559,Not applicable,2872559
2019,2,Wisconsin,May Employment,2903264,2902751,2902511,2905041,Not applicable,2905041
2019,2,Wisconsin,June Employment,2945308,2944520,2944314,2946821,Not applicable,2946821
2019,2,Wisconsin,Total Quarterly Wages,35512196361,35501866163,35500645594,35498869364,Not applicable,35498869364
2019,2,Wyoming,Quarterly Establishments,26915,26756,26669,26666,Not applicable,26666
2019,2,Wyoming,April Employment,270375,270248,270489,270490,Not applicable,270490
2019,2,Wyoming,May Employment,278580,278481,278748,278760,Not applicable,278760
2019,2,Wyoming,June Employment,287601,287910,288177,288211,Not applicable,288211
2019,2,Wyoming,Total Quarterly Wages,3379752277,3376473131,3378944028,3379723296,Not applicable,3379723296
2019,2,Puerto Rico,Quarterly Establishments,47024,47261,47227,46830,Not applicable,46830
2019,2,Puerto Rico,April Employment,874475,874541,874677,874543,Not applicable,874543
2019,2,Puerto Rico,May Employment,876054,876171,876302,876185,Not applicable,876185
2019,2,Puerto Rico,June Employment,867728,867500,867646,867481,Not applicable,867481
2019,2,Puerto Rico,Total Quarterly Wages,6029347021,6031043296,6029274279,6028777948,Not applicable,6028777948
2019,2,Virgin Islands,Quarterly Establishments,3368,3436,3428,3422,Not applicable,3422
2019,2,Virgin Islands,April Employment,36897,37082,37572,37866,Not applicable,37866
2019,2,Virgin Islands,May Employment,37101,37231,37813,38088,Not applicable,38088
2019,2,Virgin Islands,June Employment,37015,37211,37781,38008,Not applicable,38008
2019,2,Virgin Islands,Total Quarterly Wages,442143752,447514397,466173360,469177264,Not applicable,469177264
2019,3,United States,Quarterly Establishments,10325274,10287714,10275524,Not applicable,Not applicable,10275524
2019,3,United States,July Employment,147155758,147226202,147253522,Not applicable,Not applicable,147253522
2019,3,United States,August Employment,148144375,148213933,148250867,Not applicable,Not applicable,148250867
2019,3,United States,September Employment,148556525,148655575,148701484,Not applicable,Not applicable,148701484
2019,3,United States,Total Quarterly Wages,2101499510734,2102040320705,2102341703328,Not applicable,Not applicable,2102341703328
2019,3,Alabama,Quarterly Establishments,130945,129703,129709,Not applicable,Not applicable,129709
2019,3,Alabama,July Employment,1985355,1986146,1985905,Not applicable,Not applicable,1985905
2019,3,Alabama,August Employment,1992827,1993020,1992731,Not applicable,Not applicable,1992731
2019,3,Alabama,September Employment,1989525,1991332,1991119,Not applicable,Not applicable,1991119
2019,3,Alabama,Total Quarterly Wages,23766427185,23771644856,23768113015,Not applicable,Not applicable,23768113015
2019,3,Alaska,Quarterly Establishments,22423,22382,22291,Not applicable,Not applicable,22291
2019,3,Alaska,July Employment,339918,340135,340307,Not applicable,Not applicable,340307
2019,3,Alaska,August Employment,341718,342275,342446,Not applicable,Not applicable,342446
2019,3,Alaska,September Employment,338048,338770,338868,Not applicable,Not applicable,338868
2019,3,Alaska,Total Quarterly Wages,4882099828,4888819545,4891639119,Not applicable,Not applicable,4891639119
2019,3,Arizona,Quarterly Establishments,167952,166235,165402,Not applicable,Not applicable,165402
2019,3,Arizona,July Employment,2797095,2797493,2800234,Not applicable,Not applicable,2800234
2019,3,Arizona,August Employment,2899706,2900468,2903559,Not applicable,Not applicable,2903559
2019,3,Arizona,September Employment,2913448,2914551,2918332,Not applicable,Not applicable,2918332
2019,3,Arizona,Total Quarterly Wages,37964886362,37977108336,38002216085,Not applicable,Not applicable,38002216085
2019,3,Arkansas,Quarterly Establishments,92286,92101,92100,Not applicable,Not applicable,92100
2019,3,Arkansas,July Employment,1175681,1175507,1175546,Not applicable,Not applicable,1175546
2019,3,Arkansas,August Employment,1205796,1205869,1205919,Not applicable,Not applicable,1205919
2019,3,Arkansas,September Employment,1222788,1221710,1221762,Not applicable,Not applicable,1221762
2019,3,Arkansas,Total Quarterly Wages,13128530345,13137092576,13137382774,Not applicable,Not applicable,13137382774
2019,3,California,Quarterly Establishments,1608774,1599182,1596489,Not applicable,Not applicable,1596489
2019,3,California,July Employment,17508244,17517701,17510693,Not applicable,Not applicable,17510693
2019,3,California,August Employment,17665820,17672020,17670620,Not applicable,Not applicable,17670620
2019,3,California,September Employment,17713110,17726410,17726715,Not applicable,Not applicable,17726715
2019,3,California,Total Quarterly Wages,300048040351,300027013703,300005588340,Not applicable,Not applicable,300005588340
2019,3,Colorado,Quarterly Establishments,212053,212810,212767,Not applicable,Not applicable,212767
2019,3,Colorado,July Employment,2764167,2764448,2764536,Not applicable,Not applicable,2764536
2019,3,Colorado,August Employment,2771882,2772966,2772997,Not applicable,Not applicable,2772997
2019,3,Colorado,September Employment,2748976,2750604,2750742,Not applicable,Not applicable,2750742
2019,3,Colorado,Total Quarterly Wages,41992336141,42019843731,42019946375,Not applicable,Not applicable,42019946375
2019,3,Connecticut,Quarterly Establishments,123569,123456,123482,Not applicable,Not applicable,123482
2019,3,Connecticut,July Employment,1662195,1662082,1662470,Not applicable,Not applicable,1662470
2019,3,Connecticut,August Employment,1656754,1657330,1657714,Not applicable,Not applicable,1657714
2019,3,Connecticut,September Employment,1676589,1677099,1677518,Not applicable,Not applicable,1677518
2019,3,Connecticut,Total Quarterly Wages,26760083868,26770484031,26773922334,Not applicable,Not applicable,26773922334
2019,3,Delaware,Quarterly Establishments,34384,34708,34707,Not applicable,Not applicable,34707
2019,3,Delaware,July Employment,459810,460534,460524,Not applicable,Not applicable,460524
2019,3,Delaware,August Employment,457598,458561,458547,Not applicable,Not applicable,458547
2019,3,Delaware,September Employment,453232,454221,454244,Not applicable,Not applicable,454244
2019,3,Delaware,Total Quarterly Wages,6401892624,6409841251,6409902560,Not applicable,Not applicable,6409902560
2019,3,District of Columbia,Quarterly Establishments,41606,41317,41316,Not applicable,Not applicable,41316
2019,3,District of Columbia,July Employment,778103,778040,778140,Not applicable,Not applicable,778140
2019,3,District of Columbia,August Employment,773430,773288,773435,Not applicable,Not applicable,773435
2019,3,District of Columbia,September Employment,776375,776760,776919,Not applicable,Not applicable,776919
2019,3,District of Columbia,Total Quarterly Wages,18674646869,18669530695,18671197634,Not applicable,Not applicable,18671197634
2019,3,Florida,Quarterly Establishments,724786,720730,721057,Not applicable,Not applicable,721057
2019,3,Florida,July Employment,8669448,8672257,8677253,Not applicable,Not applicable,8677253
2019,3,Florida,August Employment,8842571,8845916,8851068,Not applicable,Not applicable,8851068
2019,3,Florida,September Employment,8838211,8841550,8846596,Not applicable,Not applicable,8846596
2019,3,Florida,Total Quarterly Wages,108993690302,108902421910,108923784256,Not applicable,Not applicable,108923784256
2019,3,Georgia,Quarterly Establishments,289766,288401,290127,Not applicable,Not applicable,290127
2019,3,Georgia,July Employment,4480034,4478841,4486680,Not applicable,Not applicable,4486680
2019,3,Georgia,August Employment,4520245,4519087,4527986,Not applicable,Not applicable,4527986
2019,3,Georgia,September Employment,4509747,4509532,4518822,Not applicable,Not applicable,4518822
2019,3,Georgia,Total Quarterly Wages,60066264154,60050505263,60115085806,Not applicable,Not applicable,60115085806
2019,3,Hawaii,Quarterly Establishments,44907,44469,44294,Not applicable,Not applicable,44294
2019,3,Hawaii,July Employment,646950,648777,651094,Not applicable,Not applicable,651094
2019,3,Hawaii,August Employment,647520,649365,651615,Not applicable,Not applicable,651615
2019,3,Hawaii,September Employment,654125,656021,658325,Not applicable,Not applicable,658325
2019,3,Hawaii,Total Quarterly Wages,8541099123,8569460410,8581013869,Not applicable,Not applicable,8581013869
2019,3,Idaho,Quarterly Establishments,68302,63995,63882,Not applicable,Not applicable,63882
2019,3,Idaho,July Employment,764128,764212,764188,Not applicable,Not applicable,764188
2019,3,Idaho,August Employment,766778,766991,766966,Not applicable,Not applicable,766966
2019,3,Idaho,September Employment,765221,765462,765472,Not applicable,Not applicable,765472
2019,3,Idaho,Total Quarterly Wages,8336870097,8339023415,8338944074,Not applicable,Not applicable,8338944074
2019,3,Illinois,Quarterly Establishments,380586,374791,374704,Not applicable,Not applicable,374704
2019,3,Illinois,July Employment,5990485,5997863,5996137,Not applicable,Not applicable,5996137
2019,3,Illinois,August Employment,6011872,6018507,6018764,Not applicable,Not applicable,6018764
2019,3,Illinois,September Employment,6023136,6031857,6029382,Not applicable,Not applicable,6029382
2019,3,Illinois,Total Quarterly Wages,87837447410,87871437278,87824105235,Not applicable,Not applicable,87824105235
2019,3,Indiana,Quarterly Establishments,168548,169474,169471,Not applicable,Not applicable,169471
2019,3,Indiana,July Employment,3039003,3041370,3044086,Not applicable,Not applicable,3044086
2019,3,Indiana,August Employment,3089375,3089655,3092380,Not applicable,Not applicable,3092380
2019,3,Indiana,September Employment,3083498,3083937,3086612,Not applicable,Not applicable,3086612
2019,3,Indiana,Total Quarterly Wages,36466988587,36469306144,36474996406,Not applicable,Not applicable,36474996406
2019,3,Iowa,Quarterly Establishments,104483,104620,104631,Not applicable,Not applicable,104631
2019,3,Iowa,July Employment,1559279,1559201,1559201,Not applicable,Not applicable,1559201
2019,3,Iowa,August Employment,1555904,1555700,1555700,Not applicable,Not applicable,1555700
2019,3,Iowa,September Employment,1556866,1556719,1556719,Not applicable,Not applicable,1556719
2019,3,Iowa,Total Quarterly Wages,18497739989,18502925592,18502925592,Not applicable,Not applicable,18502925592
2019,3,Kansas,Quarterly Establishments,89825,87814,87587,Not applicable,Not applicable,87587
2019,3,Kansas,July Employment,1375151,1372673,1373102,Not applicable,Not applicable,1373102
2019,3,Kansas,August Employment,1383588,1381507,1381947,Not applicable,Not applicable,1381947
2019,3,Kansas,September Employment,1395918,1394075,1394472,Not applicable,Not applicable,1394472
2019,3,Kansas,Total Quarterly Wages,16078183770,16061061425,16062148276,Not applicable,Not applicable,16062148276
2019,3,Kentucky,Quarterly Establishments,122930,123385,123748,Not applicable,Not applicable,123748
2019,3,Kentucky,July Employment,1837416,1838234,1837981,Not applicable,Not applicable,1837981
2019,3,Kentucky,August Employment,1898117,1899185,1898922,Not applicable,Not applicable,1898922
2019,3,Kentucky,September Employment,1910810,1911686,1911336,Not applicable,Not applicable,1911336
2019,3,Kentucky,Total Quarterly Wages,21638208787,21635515691,21633003466,Not applicable,Not applicable,21633003466
2019,3,Louisiana,Quarterly Establishments,135984,135747,135364,Not applicable,Not applicable,135364
2019,3,Louisiana,July Employment,1888987,1891613,1893026,Not applicable,Not applicable,1893026
2019,3,Louisiana,August Employment,1914200,1916743,1918200,Not applicable,Not applicable,1918200
2019,3,Louisiana,September Employment,1913503,1916294,1918292,Not applicable,Not applicable,1918292
2019,3,Louisiana,Total Quarterly Wages,22867583708,22878870587,22894868993,Not applicable,Not applicable,22894868993
2019,3,Maine,Quarterly Establishments,54342,53928,53811,Not applicable,Not applicable,53811
2019,3,Maine,July Employment,638223,639481,640518,Not applicable,Not applicable,640518
2019,3,Maine,August Employment,638597,639621,640536,Not applicable,Not applicable,640536
2019,3,Maine,September Employment,632610,633683,634547,Not applicable,Not applicable,634547
2019,3,Maine,Total Quarterly Wages,7338566849,7349510342,7352450528,Not applicable,Not applicable,7352450528
2019,3,Maryland,Quarterly Establishments,173637,175998,175842,Not applicable,Not applicable,175842
2019,3,Maryland,July Employment,2693586,2695180,2696005,Not applicable,Not applicable,2696005
2019,3,Maryland,August Employment,2677937,2679354,2680242,Not applicable,Not applicable,2680242
2019,3,Maryland,September Employment,2696895,2700076,2702288,Not applicable,Not applicable,2702288
2019,3,Maryland,Total Quarterly Wages,40858784153,40865021626,40829816091,Not applicable,Not applicable,40829816091
2019,3,Massachusetts,Quarterly Establishments,264146,261780,261367,Not applicable,Not applicable,261367
2019,3,Massachusetts,July Employment,3648825,3655078,3661414,Not applicable,Not applicable,3661414
2019,3,Massachusetts,August Employment,3636235,3643717,3648915,Not applicable,Not applicable,3648915
2019,3,Massachusetts,September Employment,3642465,3651009,3659504,Not applicable,Not applicable,3659504
2019,3,Massachusetts,Total Quarterly Wages,64359056319,64439892254,64518421997,Not applicable,Not applicable,64518421997
2019,3,Michigan,Quarterly Establishments,268150,268110,268113,Not applicable,Not applicable,268113
2019,3,Michigan,July Employment,4350483,4357001,4357367,Not applicable,Not applicable,4357367
2019,3,Michigan,August Employment,4373966,4380176,4380486,Not applicable,Not applicable,4380486
2019,3,Michigan,September Employment,4375754,4381912,4382604,Not applicable,Not applicable,4382604
2019,3,Michigan,Total Quarterly Wages,57943716584,57975732954,57978918572,Not applicable,Not applicable,57978918572
2019,3,Minnesota,Quarterly Establishments,180557,180124,179808,Not applicable,Not applicable,179808
2019,3,Minnesota,July Employment,2908794,2908244,2909512,Not applicable,Not applicable,2909512
2019,3,Minnesota,August Employment,2921055,2920985,2922438,Not applicable,Not applicable,2922438
2019,3,Minnesota,September Employment,2917769,2918268,2920072,Not applicable,Not applicable,2920072
2019,3,Minnesota,Total Quarterly Wages,41957474489,41979448990,41997997471,Not applicable,Not applicable,41997997471
2019,3,Mississippi,Quarterly Establishments,74552,74417,74114,Not applicable,Not applicable,74114
2019,3,Mississippi,July Employment,1124383,1125839,1125732,Not applicable,Not applicable,1125732
2019,3,Mississippi,August Employment,1137566,1138973,1138896,Not applicable,Not applicable,1138896
2019,3,Mississippi,September Employment,1135814,1137999,1137869,Not applicable,Not applicable,1137869
2019,3,Mississippi,Total Quarterly Wages,11309917907,11313854976,11312652062,Not applicable,Not applicable,11312652062
2019,3,Missouri,Quarterly Establishments,209804,209447,209406,Not applicable,Not applicable,209406
2019,3,Missouri,July Employment,2762770,2761818,2761746,Not applicable,Not applicable,2761746
2019,3,Missouri,August Employment,2796058,2795058,2794979,Not applicable,Not applicable,2794979
2019,3,Missouri,September Employment,2826539,2825886,2825790,Not applicable,Not applicable,2825790
2019,3,Missouri,Total Quarterly Wages,34222721412,34226479324,34227743273,Not applicable,Not applicable,34227743273
2019,3,Montana,Quarterly Establishments,50621,50729,50725,Not applicable,Not applicable,50725
2019,3,Montana,July Employment,471471,471598,471420,Not applicable,Not applicable,471420
2019,3,Montana,August Employment,475018,475280,475090,Not applicable,Not applicable,475090
2019,3,Montana,September Employment,478910,479156,478946,Not applicable,Not applicable,478946
2019,3,Montana,Total Quarterly Wages,5239928154,5241648726,5239794462,Not applicable,Not applicable,5239794462
2019,3,Nebraska,Quarterly Establishments,73266,70572,70132,Not applicable,Not applicable,70132
2019,3,Nebraska,July Employment,985006,987888,987822,Not applicable,Not applicable,987822
2019,3,Nebraska,August Employment,988026,991071,990889,Not applicable,Not applicable,990889
2019,3,Nebraska,September Employment,984671,988070,987927,Not applicable,Not applicable,987927
2019,3,Nebraska,Total Quarterly Wages,11631997457,11643541698,11643188716,Not applicable,Not applicable,11643188716
2019,3,Nevada,Quarterly Establishments,84604,83911,83243,Not applicable,Not applicable,83243
2019,3,Nevada,July Employment,1402665,1404015,1404430,Not applicable,Not applicable,1404430
2019,3,Nevada,August Employment,1411342,1412623,1413292,Not applicable,Not applicable,1413292
2019,3,Nevada,September Employment,1412241,1414100,1414757,Not applicable,Not applicable,1414757
2019,3,Nevada,Total Quarterly Wages,17813169635,17828045292,17835184890,Not applicable,Not applicable,17835184890
2019,3,New Hampshire,Quarterly Establishments,54222,53994,54002,Not applicable,Not applicable,54002
2019,3,New Hampshire,July Employment,665897,665987,666230,Not applicable,Not applicable,666230
2019,3,New Hampshire,August Employment,671262,671328,671585,Not applicable,Not applicable,671585
2019,3,New Hampshire,September Employment,667909,668561,668828,Not applicable,Not applicable,668828
2019,3,New Hampshire,Total Quarterly Wages,9339277948,9344337672,9348937835,Not applicable,Not applicable,9348937835
2019,3,New Jersey,Quarterly Establishments,278098,279076,278921,Not applicable,Not applicable,278921
2019,3,New Jersey,July Employment,4015632,4021303,4021377,Not applicable,Not applicable,4021377
2019,3,New Jersey,August Employment,4000676,4006390,4005742,Not applicable,Not applicable,4005742
2019,3,New Jersey,September Employment,4103998,4108642,4107940,Not applicable,Not applicable,4107940
2019,3,New Jersey,Total Quarterly Wages,63898027059,63926264614,63919790301,Not applicable,Not applicable,63919790301
2019,3,New Mexico,Quarterly Establishments,62834,63235,63247,Not applicable,Not applicable,63247
2019,3,New Mexico,July Employment,820117,821043,821659,Not applicable,Not applicable,821659
2019,3,New Mexico,August Employment,844433,845839,846526,Not applicable,Not applicable,846526
2019,3,New Mexico,September Employment,842145,843591,844319,Not applicable,Not applicable,844319
2019,3,New Mexico,Total Quarterly Wages,9764431261,9774504728,9779028988,Not applicable,Not applicable,9779028988
2019,3,New York,Quarterly Establishments,650973,646114,645312,Not applicable,Not applicable,645312
2019,3,New York,July Employment,9470531,9467645,9466360,Not applicable,Not applicable,9466360
2019,3,New York,August Employment,9427350,9425797,9424542,Not applicable,Not applicable,9424542
2019,3,New York,September Employment,9575356,9577809,9577565,Not applicable,Not applicable,9577565
2019,3,New York,Total Quarterly Wages,162156430543,162181681941,162183858435,Not applicable,Not applicable,162183858435
2019,3,North Carolina,Quarterly Establishments,287747,287413,287408,Not applicable,Not applicable,287408
2019,3,North Carolina,July Employment,4456456,4459681,4459744,Not applicable,Not applicable,4459744
2019,3,North Carolina,August Employment,4513451,4516755,4516782,Not applicable,Not applicable,4516782
2019,3,North Carolina,September Employment,4501302,4506992,4506956,Not applicable,Not applicable,4506956
2019,3,North Carolina,Total Quarterly Wages,56736032357,56762318700,56767408578,Not applicable,Not applicable,56767408578
2019,3,North Dakota,Quarterly Establishments,31942,31929,31929,Not applicable,Not applicable,31929
2019,3,North Dakota,July Employment,420402,420378,420378,Not applicable,Not applicable,420378
2019,3,North Dakota,August Employment,422499,422562,422562,Not applicable,Not applicable,422562
2019,3,North Dakota,September Employment,428359,428239,428239,Not applicable,Not applicable,428239
2019,3,North Dakota,Total Quarterly Wages,5660371961,5660772540,5660772540,Not applicable,Not applicable,5660772540
2019,3,Ohio,Quarterly Establishments,302146,302648,302596,Not applicable,Not applicable,302596
2019,3,Ohio,July Employment,5461700,5463242,5463820,Not applicable,Not applicable,5463820
2019,3,Ohio,August Employment,5477503,5477799,5477734,Not applicable,Not applicable,5477734
2019,3,Ohio,September Employment,5443327,5444085,5444138,Not applicable,Not applicable,5444138
2019,3,Ohio,Total Quarterly Wages,69301845696,69297873858,69292972362,Not applicable,Not applicable,69292972362
2019,3,Oklahoma,Quarterly Establishments,111757,112042,112040,Not applicable,Not applicable,112040
2019,3,Oklahoma,July Employment,1585098,1587805,1587736,Not applicable,Not applicable,1587736
2019,3,Oklahoma,August Employment,1606023,1608764,1608711,Not applicable,Not applicable,1608711
2019,3,Oklahoma,September Employment,1628836,1632182,1632127,Not applicable,Not applicable,1632127
2019,3,Oklahoma,Total Quarterly Wages,18736419992,18753604760,18753279032,Not applicable,Not applicable,18753279032
2019,3,Oregon,Quarterly Establishments,160670,159982,159021,Not applicable,Not applicable,159021
2019,3,Oregon,July Employment,1942234,1944044,1945555,Not applicable,Not applicable,1945555
2019,3,Oregon,August Employment,1947932,1950087,1951846,Not applicable,Not applicable,1951846
2019,3,Oregon,September Employment,1970702,1973146,1975137,Not applicable,Not applicable,1975137
2019,3,Oregon,Total Quarterly Wages,26330117744,26357493472,26374029670,Not applicable,Not applicable,26374029670
2019,3,Pennsylvania,Quarterly Establishments,363399,359709,359687,Not applicable,Not applicable,359687
2019,3,Pennsylvania,July Employment,5917691,5918558,5918445,Not applicable,Not applicable,5918445
2019,3,Pennsylvania,August Employment,5931442,5932374,5932254,Not applicable,Not applicable,5932254
2019,3,Pennsylvania,September Employment,5947879,5952894,5952794,Not applicable,Not applicable,5952794
2019,3,Pennsylvania,Total Quarterly Wages,82060011231,82086749640,82086201657,Not applicable,Not applicable,82086201657
2019,3,Rhode Island,Quarterly Establishments,38861,38858,38898,Not applicable,Not applicable,38898
2019,3,Rhode Island,July Employment,485619,486000,486162,Not applicable,Not applicable,486162
2019,3,Rhode Island,August Employment,486942,487342,487524,Not applicable,Not applicable,487524
2019,3,Rhode Island,September Employment,491335,491685,491827,Not applicable,Not applicable,491827
2019,3,Rhode Island,Total Quarterly Wages,6284497865,6281462330,6282062637,Not applicable,Not applicable,6282062637
2019,3,South Carolina,Quarterly Establishments,141115,141732,142304,Not applicable,Not applicable,142304
2019,3,South Carolina,July Employment,2119259,2118685,2121053,Not applicable,Not applicable,2121053
2019,3,South Carolina,August Employment,2136678,2136017,2138345,Not applicable,Not applicable,2138345
2019,3,South Carolina,September Employment,2132383,2132146,2134741,Not applicable,Not applicable,2134741
2019,3,South Carolina,Total Quarterly Wages,23960936760,23987081520,24008564808,Not applicable,Not applicable,24008564808
2019,3,South Dakota,Quarterly Establishments,34284,34277,34285,Not applicable,Not applicable,34285
2019,3,South Dakota,July Employment,437384,437048,437043,Not applicable,Not applicable,437043
2019,3,South Dakota,August Employment,439905,439662,439659,Not applicable,Not applicable,439659
2019,3,South Dakota,September Employment,433446,433503,433501,Not applicable,Not applicable,433501
2019,3,South Dakota,Total Quarterly Wages,4857162133,4857291906,4857260004,Not applicable,Not applicable,4857260004
2019,3,Tennessee,Quarterly Establishments,167794,167265,166419,Not applicable,Not applicable,166419
2019,3,Tennessee,July Employment,2992243,2990753,2987446,Not applicable,Not applicable,2987446
2019,3,Tennessee,August Employment,3044987,3043753,3041853,Not applicable,Not applicable,3041853
2019,3,Tennessee,September Employment,3060789,3059240,3058574,Not applicable,Not applicable,3058574
2019,3,Tennessee,Total Quarterly Wages,38095841135,38092220722,38058364746,Not applicable,Not applicable,38058364746
2019,3,Texas,Quarterly Establishments,713453,717557,717688,Not applicable,Not applicable,717688
2019,3,Texas,July Employment,12531594,12541812,12544058,Not applicable,Not applicable,12544058
2019,3,Texas,August Employment,12599751,12611095,12613163,Not applicable,Not applicable,12613163
2019,3,Texas,September Employment,12603160,12615828,12617541,Not applicable,Not applicable,12617541
2019,3,Texas,Total Quarterly Wages,181302269639,181391653180,181373118353,Not applicable,Not applicable,181373118353
2019,3,Utah,Quarterly Establishments,109051,108677,108676,Not applicable,Not applicable,108676
2019,3,Utah,July Employment,1514766,1513921,1513907,Not applicable,Not applicable,1513907
2019,3,Utah,August Employment,1529468,1528567,1528548,Not applicable,Not applicable,1528548
2019,3,Utah,September Employment,1535227,1533942,1533917,Not applicable,Not applicable,1533917
2019,3,Utah,Total Quarterly Wages,18932842131,18974518604,18974266297,Not applicable,Not applicable,18974266297
2019,3,Vermont,Quarterly Establishments,26132,25996,25998,Not applicable,Not applicable,25998
2019,3,Vermont,July Employment,310669,310705,310734,Not applicable,Not applicable,310734
2019,3,Vermont,August Employment,311132,311104,311104,Not applicable,Not applicable,311104
2019,3,Vermont,September Employment,311033,310571,310534,Not applicable,Not applicable,310534
2019,3,Vermont,Total Quarterly Wages,3745857639,3749852178,3749852166,Not applicable,Not applicable,3749852166
2019,3,Virginia,Quarterly Establishments,279643,279346,279365,Not applicable,Not applicable,279365
2019,3,Virginia,July Employment,3932781,3934840,3935689,Not applicable,Not applicable,3935689
2019,3,Virginia,August Employment,3942739,3943490,3945800,Not applicable,Not applicable,3945800
2019,3,Virginia,September Employment,3931376,3930419,3934450,Not applicable,Not applicable,3934450
2019,3,Virginia,Total Quarterly Wages,57558757382,57649142302,57795283691,Not applicable,Not applicable,57795283691
2019,3,Washington,Quarterly Establishments,252627,253808,253895,Not applicable,Not applicable,253895
2019,3,Washington,July Employment,3520250,3519543,3517036,Not applicable,Not applicable,3517036
2019,3,Washington,August Employment,3496180,3495043,3492540,Not applicable,Not applicable,3492540
2019,3,Washington,September Employment,3489774,3488552,3485840,Not applicable,Not applicable,3485840
2019,3,Washington,Total Quarterly Wages,60782166434,60702369345,60711807585,Not applicable,Not applicable,60711807585
2019,3,West Virginia,Quarterly Establishments,51551,51136,51021,Not applicable,Not applicable,51021
2019,3,West Virginia,July Employment,666090,666824,667049,Not applicable,Not applicable,667049
2019,3,West Virginia,August Employment,675461,676158,676329,Not applicable,Not applicable,676329
2019,3,West Virginia,September Employment,694441,695533,695762,Not applicable,Not applicable,695762
2019,3,West Virginia,Total Quarterly Wages,7915835392,7924081653,7926234815,Not applicable,Not applicable,7926234815
2019,3,Wisconsin,Quarterly Establishments,182166,181816,176360,Not applicable,Not applicable,176360
2019,3,Wisconsin,July Employment,2897413,2898424,2900638,Not applicable,Not applicable,2900638
2019,3,Wisconsin,August Employment,2902502,2903663,2905750,Not applicable,Not applicable,2905750
2019,3,Wisconsin,September Employment,2893841,2894991,2897049,Not applicable,Not applicable,2897049
2019,3,Wisconsin,Total Quarterly Wages,34982786049,34989345666,34989079678,Not applicable,Not applicable,34989079678
2019,3,Wyoming,Quarterly Establishments,27021,26768,26763,Not applicable,Not applicable,26763
2019,3,Wyoming,July Employment,284277,284692,284334,Not applicable,Not applicable,284334
2019,3,Wyoming,August Employment,284558,285033,284689,Not applicable,Not applicable,284689
2019,3,Wyoming,September Employment,283113,284275,283154,Not applicable,Not applicable,283154
2019,3,Wyoming,Total Quarterly Wages,3479239924,3480616753,3482576879,Not applicable,Not applicable,3482576879
2019,3,Puerto Rico,Quarterly Establishments,47881,47979,47156,Not applicable,Not applicable,47156
2019,3,Puerto Rico,July Employment,857161,856217,854956,Not applicable,Not applicable,854956
2019,3,Puerto Rico,August Employment,867352,866789,865658,Not applicable,Not applicable,865658
2019,3,Puerto Rico,September Employment,878885,878947,877738,Not applicable,Not applicable,877738
2019,3,Puerto Rico,Total Quarterly Wages,5955211081,5964776786,5952307192,Not applicable,Not applicable,5952307192
2019,3,Virgin Islands,Quarterly Establishments,3333,3432,3415,Not applicable,Not applicable,3415
2019,3,Virgin Islands,July Employment,37781,38417,38763,Not applicable,Not applicable,38763
2019,3,Virgin Islands,August Employment,37887,38560,38949,Not applicable,Not applicable,38949
2019,3,Virgin Islands,September Employment,37794,38463,38912,Not applicable,Not applicable,38912
2019,3,Virgin Islands,Total Quarterly Wages,497540631,513916978,517261149,Not applicable,Not applicable,517261149
2019,4,United States,Quarterly Establishments,10384120,10363818,Not applicable,Not applicable,Not applicable,10363818
2019,4,United States,October Employment,149422580,149527674,Not applicable,Not applicable,Not applicable,149527674
2019,4,United States,November Employment,150153562,150260321,Not applicable,Not applicable,Not applicable,150260321
2019,4,United States,December Employment,149857130,150005303,Not applicable,Not applicable,Not applicable,150005303
2019,4,United States,Total Quarterly Wages,2308325348597,2309327107052,Not applicable,Not applicable,Not applicable,2309327107052
2019,4,Alabama,Quarterly Establishments,131283,130654,Not applicable,Not applicable,Not applicable,130654
2019,4,Alabama,October Employment,1997023,1998468,Not applicable,Not applicable,Not applicable,1998468
2019,4,Alabama,November Employment,2012665,2012921,Not applicable,Not applicable,Not applicable,2012921
2019,4,Alabama,December Employment,2007928,2010005,Not applicable,Not applicable,Not applicable,2010005
2019,4,Alabama,Total Quarterly Wages,25676047022,25664621576,Not applicable,Not applicable,Not applicable,25664621576
2019,4,Alaska,Quarterly Establishments,22550,22454,Not applicable,Not applicable,Not applicable,22454
2019,4,Alaska,October Employment,322979,323047,Not applicable,Not applicable,Not applicable,323047
2019,4,Alaska,November Employment,312375,312373,Not applicable,Not applicable,Not applicable,312373
2019,4,Alaska,December Employment,309924,309940,Not applicable,Not applicable,Not applicable,309940
2019,4,Alaska,Total Quarterly Wages,4663660909,4665879571,Not applicable,Not applicable,Not applicable,4665879571
2019,4,Arizona,Quarterly Establishments,168757,168522,Not applicable,Not applicable,Not applicable,168522
2019,4,Arizona,October Employment,2949210,2955035,Not applicable,Not applicable,Not applicable,2955035
2019,4,Arizona,November Employment,2990323,2996193,Not applicable,Not applicable,Not applicable,2996193
2019,4,Arizona,December Employment,2999837,3006641,Not applicable,Not applicable,Not applicable,3006641
2019,4,Arizona,Total Quarterly Wages,41040877450,41093146393,Not applicable,Not applicable,Not applicable,41093146393
2019,4,Arkansas,Quarterly Establishments,92815,92828,Not applicable,Not applicable,Not applicable,92828
2019,4,Arkansas,October Employment,1229013,1229803,Not applicable,Not applicable,Not applicable,1229803
2019,4,Arkansas,November Employment,1233992,1234977,Not applicable,Not applicable,Not applicable,1234977
2019,4,Arkansas,December Employment,1232878,1234200,Not applicable,Not applicable,Not applicable,1234200
2019,4,Arkansas,Total Quarterly Wages,14373972841,14385443650,Not applicable,Not applicable,Not applicable,14385443650
2019,4,California,Quarterly Establishments,1625302,1622698,Not applicable,Not applicable,Not applicable,1622698
2019,4,California,October Employment,17847454,17858286,Not applicable,Not applicable,Not applicable,17858286
2019,4,California,November Employment,17953079,17964119,Not applicable,Not applicable,Not applicable,17964119
2019,4,California,December Employment,17836312,17857719,Not applicable,Not applicable,Not applicable,17857719
2019,4,California,Total Quarterly Wages,338591640647,338522671601,Not applicable,Not applicable,Not applicable,338522671601
2019,4,Colorado,Quarterly Establishments,211714,212214,Not applicable,Not applicable,Not applicable,212214
2019,4,Colorado,October Employment,2756147,2756313,Not applicable,Not applicable,Not applicable,2756313
2019,4,Colorado,November Employment,2762604,2762751,Not applicable,Not applicable,Not applicable,2762751
2019,4,Colorado,December Employment,2772620,2772764,Not applicable,Not applicable,Not applicable,2772764
2019,4,Colorado,Total Quarterly Wages,44078615299,44084892277,Not applicable,Not applicable,Not applicable,44084892277
2019,4,Connecticut,Quarterly Establishments,123674,123767,Not applicable,Not applicable,Not applicable,123767
2019,4,Connecticut,October Employment,1684756,1685468,Not applicable,Not applicable,Not applicable,1685468
2019,4,Connecticut,November Employment,1694078,1694862,Not applicable,Not applicable,Not applicable,1694862
2019,4,Connecticut,December Employment,1687350,1688446,Not applicable,Not applicable,Not applicable,1688446
2019,4,Connecticut,Total Quarterly Wages,30364537344,30348037145,Not applicable,Not applicable,Not applicable,30348037145
2019,4,Delaware,Quarterly Establishments,34553,34875,Not applicable,Not applicable,Not applicable,34875
2019,4,Delaware,October Employment,453972,454626,Not applicable,Not applicable,Not applicable,454626
2019,4,Delaware,November Employment,456620,457754,Not applicable,Not applicable,Not applicable,457754
2019,4,Delaware,December Employment,455290,456443,Not applicable,Not applicable,Not applicable,456443
2019,4,Delaware,Total Quarterly Wages,6723779454,6724865164,Not applicable,Not applicable,Not applicable,6724865164
2019,4,District of Columbia,Quarterly Establishments,41602,41602,Not applicable,Not applicable,Not applicable,41602
2019,4,District of Columbia,October Employment,782774,782981,Not applicable,Not applicable,Not applicable,782981
2019,4,District of Columbia,November Employment,783669,783939,Not applicable,Not applicable,Not applicable,783939
2019,4,District of Columbia,December Employment,782466,782927,Not applicable,Not applicable,Not applicable,782927
2019,4,District of Columbia,Total Quarterly Wages,20274043239,20278229081,Not applicable,Not applicable,Not applicable,20278229081
2019,4,Florida,Quarterly Establishments,735608,729127,Not applicable,Not applicable,Not applicable,729127
2019,4,Florida,October Employment,8953394,8958726,Not applicable,Not applicable,Not applicable,8958726
2019,4,Florida,November Employment,9064812,9071450,Not applicable,Not applicable,Not applicable,9071450
2019,4,Florida,December Employment,9085472,9094742,Not applicable,Not applicable,Not applicable,9094742
2019,4,Florida,Total Quarterly Wages,122575042487,122646216474,Not applicable,Not applicable,Not applicable,122646216474
2019,4,Georgia,Quarterly Establishments,296018,296967,Not applicable,Not applicable,Not applicable,296967
2019,4,Georgia,October Employment,4541288,4548341,Not applicable,Not applicable,Not applicable,4548341
2019,4,Georgia,November Employment,4575363,4584206,Not applicable,Not applicable,Not applicable,4584206
2019,4,Georgia,December Employment,4576090,4587466,Not applicable,Not applicable,Not applicable,4587466
2019,4,Georgia,Total Quarterly Wages,64655182217,64725050210,Not applicable,Not applicable,Not applicable,64725050210
2019,4,Hawaii,Quarterly Establishments,44932,44889,Not applicable,Not applicable,Not applicable,44889
2019,4,Hawaii,October Employment,656270,659977,Not applicable,Not applicable,Not applicable,659977
2019,4,Hawaii,November Employment,662681,666784,Not applicable,Not applicable,Not applicable,666784
2019,4,Hawaii,December Employment,665078,668884,Not applicable,Not applicable,Not applicable,668884
2019,4,Hawaii,Total Quarterly Wages,9055131392,9086245031,Not applicable,Not applicable,Not applicable,9086245031
2019,4,Idaho,Quarterly Establishments,65292,66234,Not applicable,Not applicable,Not applicable,66234
2019,4,Idaho,October Employment,766543,766591,Not applicable,Not applicable,Not applicable,766591
2019,4,Idaho,November Employment,761085,761184,Not applicable,Not applicable,Not applicable,761184
2019,4,Idaho,December Employment,756899,757116,Not applicable,Not applicable,Not applicable,757116
2019,4,Idaho,Total Quarterly Wages,9083099206,9083907404,Not applicable,Not applicable,Not applicable,9083907404
2019,4,Illinois,Quarterly Establishments,380060,376667,Not applicable,Not applicable,Not applicable,376667
2019,4,Illinois,October Employment,6044587,6047473,Not applicable,Not applicable,Not applicable,6047473
2019,4,Illinois,November Employment,6055093,6058328,Not applicable,Not applicable,Not applicable,6058328
2019,4,Illinois,December Employment,6043515,6047168,Not applicable,Not applicable,Not applicable,6047168
2019,4,Illinois,Total Quarterly Wages,95982823386,95979325296,Not applicable,Not applicable,Not applicable,95979325296
2019,4,Indiana,Quarterly Establishments,169468,168559,Not applicable,Not applicable,Not applicable,168559
2019,4,Indiana,October Employment,3088327,3097012,Not applicable,Not applicable,Not applicable,3097012
2019,4,Indiana,November Employment,3107301,3110550,Not applicable,Not applicable,Not applicable,3110550
2019,4,Indiana,December Employment,3105983,3108859,Not applicable,Not applicable,Not applicable,3108859
2019,4,Indiana,Total Quarterly Wages,39075181173,39079986993,Not applicable,Not applicable,Not applicable,39079986993
2019,4,Iowa,Quarterly Establishments,104617,104571,Not applicable,Not applicable,Not applicable,104571
2019,4,Iowa,October Employment,1564398,1565068,Not applicable,Not applicable,Not applicable,1565068
2019,4,Iowa,November Employment,1566369,1567132,Not applicable,Not applicable,Not applicable,1567132
2019,4,Iowa,December Employment,1560399,1561168,Not applicable,Not applicable,Not applicable,1561168
2019,4,Iowa,Total Quarterly Wages,20006916153,20029926417,Not applicable,Not applicable,Not applicable,20029926417
2019,4,Kansas,Quarterly Establishments,88723,88656,Not applicable,Not applicable,Not applicable,88656
2019,4,Kansas,October Employment,1406120,1406594,Not applicable,Not applicable,Not applicable,1406594
2019,4,Kansas,November Employment,1411433,1411734,Not applicable,Not applicable,Not applicable,1411734
2019,4,Kansas,December Employment,1410741,1410823,Not applicable,Not applicable,Not applicable,1410823
2019,4,Kansas,Total Quarterly Wages,17572245594,17590687306,Not applicable,Not applicable,Not applicable,17590687306
2019,4,Kentucky,Quarterly Establishments,121477,122056,Not applicable,Not applicable,Not applicable,122056
2019,4,Kentucky,October Employment,1911874,1913153,Not applicable,Not applicable,Not applicable,1913153
2019,4,Kentucky,November Employment,1934489,1935793,Not applicable,Not applicable,Not applicable,1935793
2019,4,Kentucky,December Employment,1928337,1932743,Not applicable,Not applicable,Not applicable,1932743
2019,4,Kentucky,Total Quarterly Wages,23891738438,23908148607,Not applicable,Not applicable,Not applicable,23908148607
2019,4,Louisiana,Quarterly Establishments,136400,136529,Not applicable,Not applicable,Not applicable,136529
2019,4,Louisiana,October Employment,1929667,1933970,Not applicable,Not applicable,Not applicable,1933970
2019,4,Louisiana,November Employment,1940799,1945323,Not applicable,Not applicable,Not applicable,1945323
2019,4,Louisiana,December Employment,1927656,1933032,Not applicable,Not applicable,Not applicable,1933032
2019,4,Louisiana,Total Quarterly Wages,24955821365,25000746180,Not applicable,Not applicable,Not applicable,25000746180
2019,4,Maine,Quarterly Establishments,54209,53810,Not applicable,Not applicable,Not applicable,53810
2019,4,Maine,October Employment,629107,630198,Not applicable,Not applicable,Not applicable,630198
2019,4,Maine,November Employment,620101,621054,Not applicable,Not applicable,Not applicable,621054
2019,4,Maine,December Employment,620215,621333,Not applicable,Not applicable,Not applicable,621333
2019,4,Maine,Total Quarterly Wages,7738333173,7742547740,Not applicable,Not applicable,Not applicable,7742547740
2019,4,Maryland,Quarterly Establishments,175343,177099,Not applicable,Not applicable,Not applicable,177099
2019,4,Maryland,October Employment,2725361,2721943,Not applicable,Not applicable,Not applicable,2721943
2019,4,Maryland,November Employment,2740041,2735430,Not applicable,Not applicable,Not applicable,2735430
2019,4,Maryland,December Employment,2728073,2729124,Not applicable,Not applicable,Not applicable,2729124
2019,4,Maryland,Total Quarterly Wages,45138633325,45124439018,Not applicable,Not applicable,Not applicable,45124439018
2019,4,Massachusetts,Quarterly Establishments,262144,261203,Not applicable,Not applicable,Not applicable,261203
2019,4,Massachusetts,October Employment,3661671,3670851,Not applicable,Not applicable,Not applicable,3670851
2019,4,Massachusetts,November Employment,3664642,3673367,Not applicable,Not applicable,Not applicable,3673367
2019,4,Massachusetts,December Employment,3660763,3668851,Not applicable,Not applicable,Not applicable,3668851
2019,4,Massachusetts,Total Quarterly Wages,71939845769,72058297337,Not applicable,Not applicable,Not applicable,72058297337
2019,4,Michigan,Quarterly Establishments,266415,266410,Not applicable,Not applicable,Not applicable,266410
2019,4,Michigan,October Employment,4374713,4376012,Not applicable,Not applicable,Not applicable,4376012
2019,4,Michigan,November Employment,4395034,4396883,Not applicable,Not applicable,Not applicable,4396883
2019,4,Michigan,December Employment,4385295,4387708,Not applicable,Not applicable,Not applicable,4387708
2019,4,Michigan,Total Quarterly Wages,63535167064,63531253485,Not applicable,Not applicable,Not applicable,63531253485
2019,4,Minnesota,Quarterly Establishments,182258,181822,Not applicable,Not applicable,Not applicable,181822
2019,4,Minnesota,October Employment,2935320,2936692,Not applicable,Not applicable,Not applicable,2936692
2019,4,Minnesota,November Employment,2923831,2925491,Not applicable,Not applicable,Not applicable,2925491
2019,4,Minnesota,December Employment,2912791,2915009,Not applicable,Not applicable,Not applicable,2915009
2019,4,Minnesota,Total Quarterly Wages,44750421419,44772956322,Not applicable,Not applicable,Not applicable,44772956322
2019,4,Mississippi,Quarterly Establishments,75071,74824,Not applicable,Not applicable,Not applicable,74824
2019,4,Mississippi,October Employment,1138474,1139290,Not applicable,Not applicable,Not applicable,1139290
2019,4,Mississippi,November Employment,1145874,1146863,Not applicable,Not applicable,Not applicable,1146863
2019,4,Mississippi,December Employment,1144963,1146158,Not applicable,Not applicable,Not applicable,1146158
2019,4,Mississippi,Total Quarterly Wages,12148709477,12144002671,Not applicable,Not applicable,Not applicable,12144002671
2019,4,Missouri,Quarterly Establishments,212107,212702,Not applicable,Not applicable,Not applicable,212702
2019,4,Missouri,October Employment,2846086,2846846,Not applicable,Not applicable,Not applicable,2846846
2019,4,Missouri,November Employment,2850358,2851523,Not applicable,Not applicable,Not applicable,2851523
2019,4,Missouri,December Employment,2846209,2848113,Not applicable,Not applicable,Not applicable,2848113
2019,4,Missouri,Total Quarterly Wages,37393039360,37423576990,Not applicable,Not applicable,Not applicable,37423576990
2019,4,Montana,Quarterly Establishments,51635,51743,Not applicable,Not applicable,Not applicable,51743
2019,4,Montana,October Employment,476923,476795,Not applicable,Not applicable,Not applicable,476795
2019,4,Montana,November Employment,472949,472731,Not applicable,Not applicable,Not applicable,472731
2019,4,Montana,December Employment,474091,473862,Not applicable,Not applicable,Not applicable,473862
2019,4,Montana,Total Quarterly Wages,5664212673,5664638212,Not applicable,Not applicable,Not applicable,5664638212
2019,4,Nebraska,Quarterly Establishments,71357,71171,Not applicable,Not applicable,Not applicable,71171
2019,4,Nebraska,October Employment,988397,989211,Not applicable,Not applicable,Not applicable,989211
2019,4,Nebraska,November Employment,992428,992888,Not applicable,Not applicable,Not applicable,992888
2019,4,Nebraska,December Employment,990927,991748,Not applicable,Not applicable,Not applicable,991748
2019,4,Nebraska,Total Quarterly Wages,12479510080,12479058003,Not applicable,Not applicable,Not applicable,12479058003
2019,4,Nevada,Quarterly Establishments,85170,85063,Not applicable,Not applicable,Not applicable,85063
2019,4,Nevada,October Employment,1422380,1423725,Not applicable,Not applicable,Not applicable,1423725
2019,4,Nevada,November Employment,1436853,1438740,Not applicable,Not applicable,Not applicable,1438740
2019,4,Nevada,December Employment,1435466,1437516,Not applicable,Not applicable,Not applicable,1437516
2019,4,Nevada,Total Quarterly Wages,19167928765,19183092632,Not applicable,Not applicable,Not applicable,19183092632
2019,4,New Hampshire,Quarterly Establishments,54625,54589,Not applicable,Not applicable,Not applicable,54589
2019,4,New Hampshire,October Employment,668733,669147,Not applicable,Not applicable,Not applicable,669147
2019,4,New Hampshire,November Employment,668008,668440,Not applicable,Not applicable,Not applicable,668440
2019,4,New Hampshire,December Employment,671341,671930,Not applicable,Not applicable,Not applicable,671930
2019,4,New Hampshire,Total Quarterly Wages,10374713217,10384594087,Not applicable,Not applicable,Not applicable,10384594087
2019,4,New Jersey,Quarterly Establishments,281593,280278,Not applicable,Not applicable,Not applicable,280278
2019,4,New Jersey,October Employment,4126550,4128707,Not applicable,Not applicable,Not applicable,4128707
2019,4,New Jersey,November Employment,4159288,4161170,Not applicable,Not applicable,Not applicable,4161170
2019,4,New Jersey,December Employment,4157410,4159610,Not applicable,Not applicable,Not applicable,4159610
2019,4,New Jersey,Total Quarterly Wages,71828241493,71853881228,Not applicable,Not applicable,Not applicable,71853881228
2019,4,New Mexico,Quarterly Establishments,63919,64425,Not applicable,Not applicable,Not applicable,64425
2019,4,New Mexico,October Employment,845568,848635,Not applicable,Not applicable,Not applicable,848635
2019,4,New Mexico,November Employment,844900,847510,Not applicable,Not applicable,Not applicable,847510
2019,4,New Mexico,December Employment,844005,847517,Not applicable,Not applicable,Not applicable,847517
2019,4,New Mexico,Total Quarterly Wages,10346906777,10376000006,Not applicable,Not applicable,Not applicable,10376000006
2019,4,New York,Quarterly Establishments,650316,649373,Not applicable,Not applicable,Not applicable,649373
2019,4,New York,October Employment,9658189,9657891,Not applicable,Not applicable,Not applicable,9657891
2019,4,New York,November Employment,9710133,9709562,Not applicable,Not applicable,Not applicable,9709562
2019,4,New York,December Employment,9691038,9692679,Not applicable,Not applicable,Not applicable,9692679
2019,4,New York,Total Quarterly Wages,188734258563,188781774995,Not applicable,Not applicable,Not applicable,188781774995
2019,4,North Carolina,Quarterly Establishments,290102,291702,Not applicable,Not applicable,Not applicable,291702
2019,4,North Carolina,October Employment,4541730,4547493,Not applicable,Not applicable,Not applicable,4547493
2019,4,North Carolina,November Employment,4562738,4569208,Not applicable,Not applicable,Not applicable,4569208
2019,4,North Carolina,December Employment,4546869,4554559,Not applicable,Not applicable,Not applicable,4554559
2019,4,North Carolina,Total Quarterly Wages,61308129769,61371044935,Not applicable,Not applicable,Not applicable,61371044935
2019,4,North Dakota,Quarterly Establishments,32068,32063,Not applicable,Not applicable,Not applicable,32063
2019,4,North Dakota,October Employment,430721,430721,Not applicable,Not applicable,Not applicable,430721
2019,4,North Dakota,November Employment,427288,427288,Not applicable,Not applicable,Not applicable,427288
2019,4,North Dakota,December Employment,424584,424584,Not applicable,Not applicable,Not applicable,424584
2019,4,North Dakota,Total Quarterly Wages,6031288157,6031288157,Not applicable,Not applicable,Not applicable,6031288157
2019,4,Ohio,Quarterly Establishments,302702,303691,Not applicable,Not applicable,Not applicable,303691
2019,4,Ohio,October Employment,5475829,5479803,Not applicable,Not applicable,Not applicable,5479803
2019,4,Ohio,November Employment,5495477,5499500,Not applicable,Not applicable,Not applicable,5499500
2019,4,Ohio,December Employment,5477192,5481600,Not applicable,Not applicable,Not applicable,5481600
2019,4,Ohio,Total Quarterly Wages,73909793029,73942074438,Not applicable,Not applicable,Not applicable,73942074438
2019,4,Oklahoma,Quarterly Establishments,112384,112693,Not applicable,Not applicable,Not applicable,112693
2019,4,Oklahoma,October Employment,1635317,1637283,Not applicable,Not applicable,Not applicable,1637283
2019,4,Oklahoma,November Employment,1640932,1643365,Not applicable,Not applicable,Not applicable,1643365
2019,4,Oklahoma,December Employment,1639447,1642160,Not applicable,Not applicable,Not applicable,1642160
2019,4,Oklahoma,Total Quarterly Wages,20122522053,20139221895,Not applicable,Not applicable,Not applicable,20139221895
2019,4,Oregon,Quarterly Establishments,161527,160442,Not applicable,Not applicable,Not applicable,160442
2019,4,Oregon,October Employment,1977586,1979853,Not applicable,Not applicable,Not applicable,1979853
2019,4,Oregon,November Employment,1978086,1980336,Not applicable,Not applicable,Not applicable,1980336
2019,4,Oregon,December Employment,1969283,1971522,Not applicable,Not applicable,Not applicable,1971522
2019,4,Oregon,Total Quarterly Wages,28247008318,28281270024,Not applicable,Not applicable,Not applicable,28281270024
2019,4,Pennsylvania,Quarterly Establishments,364582,360662,Not applicable,Not applicable,Not applicable,360662
2019,4,Pennsylvania,October Employment,5977073,5978507,Not applicable,Not applicable,Not applicable,5978507
2019,4,Pennsylvania,November Employment,5996487,5998309,Not applicable,Not applicable,Not applicable,5998309
2019,4,Pennsylvania,December Employment,5985893,5989815,Not applicable,Not applicable,Not applicable,5989815
2019,4,Pennsylvania,Total Quarterly Wages,88945356830,88969541470,Not applicable,Not applicable,Not applicable,88969541470
2019,4,Rhode Island,Quarterly Establishments,39028,39081,Not applicable,Not applicable,Not applicable,39081
2019,4,Rhode Island,October Employment,490926,491154,Not applicable,Not applicable,Not applicable,491154
2019,4,Rhode Island,November Employment,491095,491559,Not applicable,Not applicable,Not applicable,491559
2019,4,Rhode Island,December Employment,489761,490250,Not applicable,Not applicable,Not applicable,490250
2019,4,Rhode Island,Total Quarterly Wages,7007367633,7010850471,Not applicable,Not applicable,Not applicable,7010850471
2019,4,South Carolina,Quarterly Establishments,140795,141493,Not applicable,Not applicable,Not applicable,141493
2019,4,South Carolina,October Employment,2135059,2139606,Not applicable,Not applicable,Not applicable,2139606
2019,4,South Carolina,November Employment,2148119,2153296,Not applicable,Not applicable,Not applicable,2153296
2019,4,South Carolina,December Employment,2144773,2150692,Not applicable,Not applicable,Not applicable,2150692
2019,4,South Carolina,Total Quarterly Wages,25920893309,26011311598,Not applicable,Not applicable,Not applicable,26011311598
2019,4,South Dakota,Quarterly Establishments,34541,34549,Not applicable,Not applicable,Not applicable,34549
2019,4,South Dakota,October Employment,433218,433221,Not applicable,Not applicable,Not applicable,433221
2019,4,South Dakota,November Employment,432182,432181,Not applicable,Not applicable,Not applicable,432181
2019,4,South Dakota,December Employment,430731,430730,Not applicable,Not applicable,Not applicable,430730
2019,4,South Dakota,Total Quarterly Wages,5143779482,5143692091,Not applicable,Not applicable,Not applicable,5143692091
2019,4,Tennessee,Quarterly Establishments,168899,168556,Not applicable,Not applicable,Not applicable,168556
2019,4,Tennessee,October Employment,3050148,3049697,Not applicable,Not applicable,Not applicable,3049697
2019,4,Tennessee,November Employment,3087510,3087904,Not applicable,Not applicable,Not applicable,3087904
2019,4,Tennessee,December Employment,3085417,3085963,Not applicable,Not applicable,Not applicable,3085963
2019,4,Tennessee,Total Quarterly Wages,41861074832,41916781345,Not applicable,Not applicable,Not applicable,41916781345
2019,4,Texas,Quarterly Establishments,718519,721723,Not applicable,Not applicable,Not applicable,721723
2019,4,Texas,October Employment,12710424,12716837,Not applicable,Not applicable,Not applicable,12716837
2019,4,Texas,November Employment,12809298,12817873,Not applicable,Not applicable,Not applicable,12817873
2019,4,Texas,December Employment,12793020,12802919,Not applicable,Not applicable,Not applicable,12802919
2019,4,Texas,Total Quarterly Wages,197040069338,197183800834,Not applicable,Not applicable,Not applicable,197183800834
2019,4,Utah,Quarterly Establishments,111251,111266,Not applicable,Not applicable,Not applicable,111266
2019,4,Utah,October Employment,1543202,1543554,Not applicable,Not applicable,Not applicable,1543554
2019,4,Utah,November Employment,1549273,1549145,Not applicable,Not applicable,Not applicable,1549145
2019,4,Utah,December Employment,1547765,1547895,Not applicable,Not applicable,Not applicable,1547895
2019,4,Utah,Total Quarterly Wages,20545925839,20549004678,Not applicable,Not applicable,Not applicable,20549004678
2019,4,Vermont,Quarterly Establishments,26128,26168,Not applicable,Not applicable,Not applicable,26168
2019,4,Vermont,October Employment,312371,312553,Not applicable,Not applicable,Not applicable,312553
2019,4,Vermont,November Employment,310807,310960,Not applicable,Not applicable,Not applicable,310960
2019,4,Vermont,December Employment,313995,314032,Not applicable,Not applicable,Not applicable,314032
2019,4,Vermont,Total Quarterly Wages,4009753125,4013786873,Not applicable,Not applicable,Not applicable,4013786873
2019,4,Virginia,Quarterly Establishments,285486,280595,Not applicable,Not applicable,Not applicable,280595
2019,4,Virginia,October Employment,3965107,3968536,Not applicable,Not applicable,Not applicable,3968536
2019,4,Virginia,November Employment,3987259,3991062,Not applicable,Not applicable,Not applicable,3991062
2019,4,Virginia,December Employment,3978705,3982829,Not applicable,Not applicable,Not applicable,3982829
2019,4,Virginia,Total Quarterly Wages,62271556738,62308126663,Not applicable,Not applicable,Not applicable,62308126663
2019,4,Washington,Quarterly Establishments,253676,254865,Not applicable,Not applicable,Not applicable,254865
2019,4,Washington,October Employment,3479925,3477735,Not applicable,Not applicable,Not applicable,3477735
2019,4,Washington,November Employment,3464337,3461748,Not applicable,Not applicable,Not applicable,3461748
2019,4,Washington,December Employment,3457742,3455788,Not applicable,Not applicable,Not applicable,3455788
2019,4,Washington,Total Quarterly Wages,61771353528,61699096262,Not applicable,Not applicable,Not applicable,61699096262
2019,4,West Virginia,Quarterly Establishments,51183,51215,Not applicable,Not applicable,Not applicable,51215
2019,4,West Virginia,October Employment,694880,695662,Not applicable,Not applicable,Not applicable,695662
2019,4,West Virginia,November Employment,693892,694524,Not applicable,Not applicable,Not applicable,694524
2019,4,West Virginia,December Employment,690312,690846,Not applicable,Not applicable,Not applicable,690846
2019,4,West Virginia,Total Quarterly Wages,8146613224,8154358596,Not applicable,Not applicable,Not applicable,8154358596
2019,4,Wisconsin,Quarterly Establishments,183190,177667,Not applicable,Not applicable,Not applicable,177667
2019,4,Wisconsin,October Employment,2904125,2907895,Not applicable,Not applicable,Not applicable,2907895
2019,4,Wisconsin,November Employment,2900112,2904086,Not applicable,Not applicable,Not applicable,2904086
2019,4,Wisconsin,December Employment,2898007,2901995,Not applicable,Not applicable,Not applicable,2901995
2019,4,Wisconsin,Total Quarterly Wages,38524974526,38537452797,Not applicable,Not applicable,Not applicable,38537452797
2019,4,Wyoming,Quarterly Establishments,27052,27006,Not applicable,Not applicable,Not applicable,27006
2019,4,Wyoming,October Employment,281671,280689,Not applicable,Not applicable,Not applicable,280689
2019,4,Wyoming,November Employment,275400,273952,Not applicable,Not applicable,Not applicable,273952
2019,4,Wyoming,December Employment,276272,274880,Not applicable,Not applicable,Not applicable,274880
2019,4,Wyoming,Total Quarterly Wages,3637612096,3646264823,Not applicable,Not applicable,Not applicable,3646264823
2019,4,Puerto Rico,Quarterly Establishments,48364,47535,Not applicable,Not applicable,Not applicable,47535
2019,4,Puerto Rico,October Employment,883387,882509,Not applicable,Not applicable,Not applicable,882509
2019,4,Puerto Rico,November Employment,893725,892997,Not applicable,Not applicable,Not applicable,892997
2019,4,Puerto Rico,December Employment,910722,910327,Not applicable,Not applicable,Not applicable,910327
2019,4,Puerto Rico,Total Quarterly Wages,6692539318,6691400186,Not applicable,Not applicable,Not applicable,6691400186
2019,4,Virgin Islands,Quarterly Establishments,3306,3365,Not applicable,Not applicable,Not applicable,3365
2019,4,Virgin Islands,October Employment,38460,39153,Not applicable,Not applicable,Not applicable,39153
2019,4,Virgin Islands,November Employment,39089,39689,Not applicable,Not applicable,Not applicable,39689
2019,4,Virgin Islands,December Employment,39248,39906,Not applicable,Not applicable,Not applicable,39906
2019,4,Virgin Islands,Total Quarterly Wages,538972793,551189743,Not applicable,Not applicable,Not applicable,551189743
2020,1,United States,Quarterly Establishments,10447240,10412612,10383788,10362825,10355102,10355102
2020,1,United States,January Employment,147279523,147262808,147252004,147238040,147231429,147231429
2020,1,United States,February Employment,147858938,147847807,147830717,147835263,147811747,147811747
2020,1,United States,March Employment,147088945,147081145,147081109,147089751,147065115,147065115
2020,1,United States,Total Quarterly Wages,2341897353925,2340373745134,2340031136083,2339887625741,2339427644605,2339427644605
2020,1,Alabama,Quarterly Establishments,132569,129610,129631,129572,129525,129525
2020,1,Alabama,January Employment,1976243,1975835,1975828,1975371,1975812,1975812
2020,1,Alabama,February Employment,1986963,1986596,1986835,1986665,1986981,1986981
2020,1,Alabama,March Employment,1983835,1983480,1983829,1983484,1983902,1983902
2020,1,Alabama,Total Quarterly Wages,25095139892,25085570031,25057417158,25053739215,25058375072,25058375072
2020,1,Alaska,Quarterly Establishments,22550,22442,22303,22215,22171,22171
2020,1,Alaska,January Employment,307050,306480,306417,306445,306487,306487
2020,1,Alaska,February Employment,313154,312758,312696,312763,312795,312795
2020,1,Alaska,March Employment,312793,312269,312195,312235,312279,312279
2020,1,Alaska,Total Quarterly Wages,4566622656,4568829701,4568374087,4568104528,4571358757,4571358757
2020,1,Arizona,Quarterly Establishments,170357,169591,168752,166242,166351,166351
2020,1,Arizona,January Employment,2961840,2963554,2964309,2965275,2965780,2965780
2020,1,Arizona,February Employment,2977975,2977620,2979519,2980059,2980328,2980328
2020,1,Arizona,March Employment,2957235,2958262,2959517,2961333,2961508,2961508
2020,1,Arizona,Total Quarterly Wages,42337414222,42317898868,42327801557,42324509716,42330473117,42330473117
2020,1,Arkansas,Quarterly Establishments,93620,92955,92966,92727,92724,92724
2020,1,Arkansas,January Employment,1216320,1214710,1214763,1214503,1214487,1214487
2020,1,Arkansas,February Employment,1221010,1219244,1219295,1219145,1219039,1219039
2020,1,Arkansas,March Employment,1220452,1219110,1219170,1219014,1218904,1218904
2020,1,Arkansas,Total Quarterly Wages,14610370247,14604505333,14605496626,14603429896,14603331240,14603331240
2020,1,California,Quarterly Establishments,1631137,1621428,1609361,1606562,1604765,1604765
2020,1,California,January Employment,17636748,17627998,17618737,17610617,17609773,17609773
2020,1,California,February Employment,17781619,17771172,17762814,17759267,17756208,17756208
2020,1,California,March Employment,17570503,17559610,17551441,17548556,17545678,17545678
2020,1,California,Total Quarterly Wages,334912566629,334532286012,334419697884,334352071596,334298837696,334298837696
2020,1,Colorado,Quarterly Establishments,214508,215048,215142,215115,215090,215090
2020,1,Colorado,January Employment,2732504,2733877,2734087,2734302,2734962,2734962
2020,1,Colorado,February Employment,2735386,2736534,2736786,2737433,2737783,2737783
2020,1,Colorado,March Employment,2725217,2727289,2727562,2728230,2729096,2729096
2020,1,Colorado,Total Quarterly Wages,45581208357,45577774295,45579786381,45585962904,45588767969,45588767969
2020,1,Connecticut,Quarterly Establishments,124089,123937,123964,123960,123929,123929
2020,1,Connecticut,January Employment,1651580,1651966,1651883,1651721,1651755,1651755
2020,1,Connecticut,February Employment,1647269,1647707,1647628,1647961,1647829,1647829
2020,1,Connecticut,March Employment,1639400,1639405,1639291,1639607,1639430,1639430
2020,1,Connecticut,Total Quarterly Wages,32308995014,32323797203,32320803625,32323004660,32202880408,32202880408
2020,1,Delaware,Quarterly Establishments,34618,35076,35060,35050,35040,35040
2020,1,Delaware,January Employment,444610,444387,446400,444608,444516,444516
2020,1,Delaware,February Employment,444930,444850,446708,445170,444837,444837
2020,1,Delaware,March Employment,443728,443743,445644,444116,443810,443810
2020,1,Delaware,Total Quarterly Wages,7225915810,7217605053,7224127449,7201386306,7185976252,7185976252
2020,1,District of Columbia,Quarterly Establishments,42274,42244,42131,42133,41906,41906
2020,1,District of Columbia,January Employment,776110,775766,775396,775435,775586,775586
2020,1,District of Columbia,February Employment,781098,780652,780331,780461,780312,780312
2020,1,District of Columbia,March Employment,778112,778040,777673,777756,777788,777788
2020,1,District of Columbia,Total Quarterly Wages,20183684273,20167531271,20164699267,20165351764,20157888218,20157888218
2020,1,Florida,Quarterly Establishments,740515,735059,734938,734919,735093,735093
2020,1,Florida,January Employment,8976979,8979159,8979438,8979003,8979669,8979669
2020,1,Florida,February Employment,9038400,9040644,9040719,9041694,9040914,9040914
2020,1,Florida,March Employment,8975148,8977590,8979699,8980062,8979549,8979549
2020,1,Florida,Total Quarterly Wages,122934765033,122860340682,122847228390,122838851245,122843726667,122843726667
2020,1,Georgia,Quarterly Establishments,301520,302830,303060,303126,302744,302744
2020,1,Georgia,January Employment,4520481,4519593,4517184,4517246,4514547,4514547
2020,1,Georgia,February Employment,4538102,4537303,4534618,4535914,4532986,4532986
2020,1,Georgia,March Employment,4522214,4519507,4516965,4518080,4512823,4512823
2020,1,Georgia,Total Quarterly Wages,68183786329,67995234671,67963803005,67964861249,67928097876,67928097876
2020,1,Hawaii,Quarterly Establishments,45386,45481,44772,44730,44611,44611
2020,1,Hawaii,January Employment,658520,659681,660076,660124,660189,660189
2020,1,Hawaii,February Employment,662017,663149,663554,663626,663664,663664
2020,1,Hawaii,March Employment,655471,656659,657017,657099,657124,657124
2020,1,Hawaii,Total Quarterly Wages,8847727071,8858179754,8860037708,8858787320,8860013252,8860013252
2020,1,Idaho,Quarterly Establishments,66757,66657,66289,66686,66639,66639
2020,1,Idaho,January Employment,745375,745069,745055,744776,744609,744609
2020,1,Idaho,February Employment,750543,750121,750078,749868,749633,749633
2020,1,Idaho,March Employment,755176,754830,754817,754610,754376,754376
2020,1,Idaho,Total Quarterly Wages,8429290959,8425759085,8425844913,8421968016,8421044703,8421044703
2020,1,Illinois,Quarterly Establishments,381532,375834,375837,375546,373694,373694
2020,1,Illinois,January Employment,5894680,5901490,5900861,5901493,5902493,5902493
2020,1,Illinois,February Employment,5899815,5908570,5907914,5908677,5908530,5908530
2020,1,Illinois,March Employment,5872938,5884288,5883667,5884528,5884160,5884160
2020,1,Illinois,Total Quarterly Wages,99674167040,99743950579,99714263109,99712030995,99699924805,99699924805
2020,1,Indiana,Quarterly Establishments,171058,172353,172302,172211,172111,172111
2020,1,Indiana,January Employment,3033785,3036758,3035849,3035362,3033464,3033464
2020,1,Indiana,February Employment,3041202,3043901,3042958,3043072,3040563,3040563
2020,1,Indiana,March Employment,3028516,3034160,3033271,3033376,3030935,3030935
2020,1,Indiana,Total Quarterly Wages,39204453264,39205685734,39196393782,39199263652,39184887937,39184887937
2020,1,Iowa,Quarterly Establishments,104796,104854,104659,104657,104657,104657
2020,1,Iowa,January Employment,1525731,1525663,1525524,1525529,1525506,1525506
2020,1,Iowa,February Employment,1523454,1523775,1523637,1523726,1523628,1523628
2020,1,Iowa,March Employment,1523415,1523884,1523762,1523870,1523742,1523742
2020,1,Iowa,Total Quarterly Wages,19387849679,19392308030,19390875171,19390878792,19390878785,19390878785
2020,1,Kansas,Quarterly Establishments,89811,89189,86746,86364,86076,86076
2020,1,Kansas,January Employment,1383140,1381864,1380532,1380435,1380283,1380283
2020,1,Kansas,February Employment,1386900,1385594,1384264,1384568,1383983,1383983
2020,1,Kansas,March Employment,1383280,1382326,1381014,1381243,1380674,1380674
2020,1,Kansas,Total Quarterly Wages,17446922383,17412123615,17397781548,17396655221,17395440582,17395440582
2020,1,Kentucky,Quarterly Establishments,124031,124548,124620,124622,124586,124586
2020,1,Kentucky,January Employment,1887307,1885713,1884506,1884931,1884807,1884807
2020,1,Kentucky,February Employment,1890591,1889036,1888101,1888531,1888216,1888216
2020,1,Kentucky,March Employment,1884855,1883578,1883132,1883453,1883131,1883131
2020,1,Kentucky,Total Quarterly Wages,23127864949,23119577999,23107030103,23118222545,23120045805,23120045805
2020,1,Louisiana,Quarterly Establishments,137375,138007,137484,136882,136548,136548
2020,1,Louisiana,January Employment,1908608,1910972,1910445,1911115,1911447,1911447
2020,1,Louisiana,February Employment,1916548,1917322,1916802,1917252,1917375,1917375
2020,1,Louisiana,March Employment,1897014,1897735,1897548,1898761,1898845,1898845
2020,1,Louisiana,Total Quarterly Wages,24024408051,24001228165,23994646075,23997443867,23998561366,23998561366
2020,1,Maine,Quarterly Establishments,53898,53711,53649,53667,53667,53667
2020,1,Maine,January Employment,604723,604876,605035,605312,605413,605413
2020,1,Maine,February Employment,603495,603659,603867,604178,604256,604256
2020,1,Maine,March Employment,600956,600939,601178,601520,601597,601597
2020,1,Maine,Total Quarterly Wages,7489155035,7489868613,7490768073,7495356033,7496472124,7496472124
2020,1,Maryland,Quarterly Establishments,175687,177662,177681,177346,176750,176750
2020,1,Maryland,January Employment,2667870,2665427,2664806,2664417,2661472,2661472
2020,1,Maryland,February Employment,2675298,2673244,2672676,2672944,2669105,2669105
2020,1,Maryland,March Employment,2661473,2659109,2658917,2659281,2655347,2655347
2020,1,Maryland,Total Quarterly Wages,44308796425,44311943644,44296859066,44284360326,44215323004,44215323004
2020,1,Massachusetts,Quarterly Establishments,263256,261253,261098,260450,260311,260311
2020,1,Massachusetts,January Employment,3585997,3586920,3587280,3584817,3584471,3584471
2020,1,Massachusetts,February Employment,3591986,3594041,3594857,3593892,3593408,3593408
2020,1,Massachusetts,March Employment,3565074,3567092,3568180,3569197,3568728,3568728
2020,1,Massachusetts,Total Quarterly Wages,74729139214,74727890987,74770631397,74769151357,74773030797,74773030797
2020,1,Michigan,Quarterly Establishments,266986,266876,266969,267224,267162,267162
2020,1,Michigan,January Employment,4281114,4278231,4277652,4277770,4276658,4276658
2020,1,Michigan,February Employment,4299189,4296752,4296271,4297537,4295463,4295463
2020,1,Michigan,March Employment,4281438,4278678,4278352,4279852,4277810,4277810
2020,1,Michigan,Total Quarterly Wages,61490399364,61494298184,61472968162,61442348008,61357272940,61357272940
2020,1,Minnesota,Quarterly Establishments,183886,183281,178062,178077,178041,178041
2020,1,Minnesota,January Employment,2863126,2864520,2864322,2865145,2864900,2864900
2020,1,Minnesota,February Employment,2859855,2861220,2861069,2862376,2861630,2861630
2020,1,Minnesota,March Employment,2838211,2839607,2840059,2841544,2840807,2840807
2020,1,Minnesota,Total Quarterly Wages,45801442234,45776943078,45763938991,45770990832,45769316421,45769316421
2020,1,Mississippi,Quarterly Establishments,73891,74042,73796,73659,73537,73537
2020,1,Mississippi,January Employment,1128608,1127938,1127964,1127829,1127493,1127493
2020,1,Mississippi,February Employment,1132518,1132048,1132014,1131949,1131523,1131523
2020,1,Mississippi,March Employment,1128129,1127402,1127349,1127274,1126837,1126837
2020,1,Mississippi,Total Quarterly Wages,11770432578,11766000277,11765559235,11764561667,11762443862,11762443862
2020,1,Missouri,Quarterly Establishments,214843,214226,214063,213973,213919,213919
2020,1,Missouri,January Employment,2787010,2782202,2782107,2782050,2781988,2781988
2020,1,Missouri,February Employment,2796597,2791616,2791619,2791740,2791466,2791466
2020,1,Missouri,March Employment,2795744,2790626,2790616,2790740,2790453,2790453
2020,1,Missouri,Total Quarterly Wages,36905208819,36862137284,36861332177,36857936951,36857540817,36857540817
2020,1,Montana,Quarterly Establishments,50563,50567,50547,50546,50531,50531
2020,1,Montana,January Employment,463402,463199,462758,462776,462732,462732
2020,1,Montana,February Employment,464807,464728,464281,464608,464247,464247
2020,1,Montana,March Employment,465247,465094,464659,464959,464595,464595
2020,1,Montana,Total Quarterly Wages,5244605639,5239188919,5234700937,5234628890,5234560158,5234560158
2020,1,Nebraska,Quarterly Establishments,72307,71965,71690,68712,68827,68827
2020,1,Nebraska,January Employment,971575,971011,970849,969559,970711,970711
2020,1,Nebraska,February Employment,973007,972606,972437,971200,972298,972298
2020,1,Nebraska,March Employment,972367,972087,971924,970704,971785,971785
2020,1,Nebraska,Total Quarterly Wages,12085070529,12082095559,12080225620,12070183911,12079241213,12079241213
2020,1,Nevada,Quarterly Establishments,86142,85734,85307,84379,84367,84367
2020,1,Nevada,January Employment,1413452,1413451,1412791,1412647,1412994,1412994
2020,1,Nevada,February Employment,1418216,1418403,1418052,1417945,1418263,1418263
2020,1,Nevada,March Employment,1410838,1410695,1410162,1410204,1410498,1410498
2020,1,Nevada,Total Quarterly Wages,18992585849,18970673577,18965700760,18964224045,18967919034,18967919034
2020,1,New Hampshire,Quarterly Establishments,54262,54181,54055,54054,54053,54053
2020,1,New Hampshire,January Employment,661221,661882,662032,662003,661767,661767
2020,1,New Hampshire,February Employment,661143,661700,661814,661808,661537,661537
2020,1,New Hampshire,March Employment,657021,657701,657780,657771,657531,657531
2020,1,New Hampshire,Total Quarterly Wages,10242765510,10239895865,10241812508,10240301956,10238095339,10238095339
2020,1,New Jersey,Quarterly Establishments,285756,283096,282593,276857,277942,277942
2020,1,New Jersey,January Employment,4051401,4045957,4043469,4042718,4041686,4041686
2020,1,New Jersey,February Employment,4061846,4055737,4052903,4052252,4050903,4050903
2020,1,New Jersey,March Employment,4052730,4046981,4043388,4042647,4041222,4041222
2020,1,New Jersey,Total Quarterly Wages,76697460009,76610708452,76558244435,76557630148,76546923508,76546923508
2020,1,New Mexico,Quarterly Establishments,64046,62769,62782,62804,62798,62798
2020,1,New Mexico,January Employment,837653,838769,838934,839055,839117,839117
2020,1,New Mexico,February Employment,838181,838915,839087,839362,839300,839300
2020,1,New Mexico,March Employment,835635,836353,836525,836836,836789,836789
2020,1,New Mexico,Total Quarterly Wages,10046492965,10050925306,10054869754,10055862554,10056532932,10056532932
2020,1,New York,Quarterly Establishments,657219,654296,650716,648818,648139,648139
2020,1,New York,January Employment,9450925,9444531,9441381,9441515,9441074,9441074
2020,1,New York,February Employment,9494096,9488445,9484952,9486309,9484523,9484523
2020,1,New York,March Employment,9415707,9407614,9404292,9405678,9404220,9404220
2020,1,New York,Total Quarterly Wages,208113154285,207904350643,207840741424,207844516946,207797464123,207797464123
2020,1,North Carolina,Quarterly Establishments,295959,296027,296019,296065,296061,296061
2020,1,North Carolina,January Employment,4490853,4490316,4489867,4490676,4490678,4490678
2020,1,North Carolina,February Employment,4512322,4511993,4511538,4512294,4511989,4511989
2020,1,North Carolina,March Employment,4501147,4500454,4499948,4500770,4500560,4500560
2020,1,North Carolina,Total Quarterly Wages,64042059618,63909036601,63893513015,63887801762,63887754294,63887754294
2020,1,North Dakota,Quarterly Establishments,32187,32219,32207,32207,32205,32205
2020,1,North Dakota,January Employment,414806,414493,414345,414343,414338,414338
2020,1,North Dakota,February Employment,415266,414963,414833,414852,414828,414828
2020,1,North Dakota,March Employment,414301,413952,413891,413914,413881,413881
2020,1,North Dakota,Total Quarterly Wages,5640718885,5634691659,5632845267,5632845267,5632824109,5632824109
2020,1,Ohio,Quarterly Establishments,304421,303761,303904,304312,304195,304195
2020,1,Ohio,January Employment,5364545,5362656,5362955,5362920,5362587,5362587
2020,1,Ohio,February Employment,5373452,5371900,5372197,5372581,5371890,5371890
2020,1,Ohio,March Employment,5349638,5347497,5347941,5348327,5347606,5347606
2020,1,Ohio,Total Quarterly Wages,74081594406,74068388404,74071909522,74075692087,74071778103,74071778103
2020,1,Oklahoma,Quarterly Establishments,112754,112024,111683,111685,111676,111676
2020,1,Oklahoma,January Employment,1607614,1609173,1609065,1609125,1609123,1609123
2020,1,Oklahoma,February Employment,1610322,1613127,1612993,1613223,1613050,1613050
2020,1,Oklahoma,March Employment,1598008,1600702,1610013,1610234,1610049,1610049
2020,1,Oklahoma,Total Quarterly Wages,19801792246,19822851514,19821961593,19823865883,19823810058,19823810058
2020,1,Oregon,Quarterly Establishments,162403,161174,160806,160743,160569,160569
2020,1,Oregon,January Employment,1935447,1935913,1938949,1939408,1939166,1939166
2020,1,Oregon,February Employment,1946848,1947585,1950842,1951489,1951141,1951141
2020,1,Oregon,March Employment,1938942,1939501,1943298,1944022,1943731,1943731
2020,1,Oregon,Total Quarterly Wages,27825335027,27823322760,27863956947,27868920880,27866208451,27866208451
2020,1,Pennsylvania,Quarterly Establishments,363541,360100,360077,360076,360064,360064
2020,1,Pennsylvania,January Employment,5868209,5866380,5866021,5866015,5866000,5866000
2020,1,Pennsylvania,February Employment,5870492,5868416,5867410,5867973,5867360,5867360
2020,1,Pennsylvania,March Employment,5851269,5849304,5848326,5848952,5848281,5848281
2020,1,Pennsylvania,Total Quarterly Wages,89721664292,89537915018,89527554356,89527498817,89527423669,89527423669
2020,1,Rhode Island,Quarterly Establishments,39488,39584,39577,39533,39508,39508
2020,1,Rhode Island,January Employment,475983,476141,476115,476085,476037,476037
2020,1,Rhode Island,February Employment,477956,478493,478466,478493,478397,478397
2020,1,Rhode Island,March Employment,473911,474248,474227,474229,474135,474135
2020,1,Rhode Island,Total Quarterly Wages,7003088163,7007998825,7007738666,7007024370,7006720588,7006720588
2020,1,South Carolina,Quarterly Establishments,142704,142475,142436,142477,142512,142512
2020,1,South Carolina,January Employment,2110694,2106193,2105434,2105161,2104976,2104976
2020,1,South Carolina,February Employment,2117430,2113846,2113092,2113025,2112730,2112730
2020,1,South Carolina,March Employment,2112821,2111570,2111185,2111501,2111137,2111137
2020,1,South Carolina,Total Quarterly Wages,25343323065,25279627926,25283262618,25290654598,25288480044,25288480044
2020,1,South Dakota,Quarterly Establishments,34654,34642,34642,34668,34678,34678
2020,1,South Dakota,January Employment,420493,420686,420684,420675,420673,420673
2020,1,South Dakota,February Employment,421062,421266,421267,421275,421256,421256
2020,1,South Dakota,March Employment,420553,420874,420878,420888,420865,420865
2020,1,South Dakota,Total Quarterly Wages,4927883750,4930990775,4930952377,4930974803,4930823283,4930823283
2020,1,Tennessee,Quarterly Establishments,171169,170229,170211,170134,170092,170092
2020,1,Tennessee,January Employment,3029564,3027016,3026595,3026493,3026910,3026910
2020,1,Tennessee,February Employment,3038528,3037833,3037408,3037282,3037702,3037702
2020,1,Tennessee,March Employment,3033537,3032239,3031838,3031681,3032097,3032097
2020,1,Tennessee,Total Quarterly Wages,40500995382,40441633446,40437085740,40435592961,40440341824,40440341824
2020,1,Texas,Quarterly Establishments,725737,730532,730558,730817,731038,731038
2020,1,Texas,January Employment,12599040,12611711,12614147,12613571,12614584,12614584
2020,1,Texas,February Employment,12680525,12694873,12695634,12695445,12695360,12695360
2020,1,Texas,March Employment,12626153,12641209,12641468,12640598,12640640,12640640
2020,1,Texas,Total Quarterly Wages,202383420374,202474405659,202465631130,202454343574,202433656584,202433656584
2020,1,Utah,Quarterly Establishments,109752,109049,109074,109072,109070,109070
2020,1,Utah,January Employment,1519221,1517752,1518026,1517982,1517976,1517976
2020,1,Utah,February Employment,1529532,1527977,1528275,1528385,1528227,1528227
2020,1,Utah,March Employment,1526822,1525259,1525878,1525968,1525825,1525825
2020,1,Utah,Total Quarterly Wages,20349696418,20340198055,20343234645,20342777890,20342751654,20342751654
2020,1,Vermont,Quarterly Establishments,26142,26072,26075,26075,26071,26071
2020,1,Vermont,January Employment,308483,309339,309169,309137,309141,309141
2020,1,Vermont,February Employment,307980,309175,309004,309034,308969,308969
2020,1,Vermont,March Employment,303945,304937,304819,304845,304779,304779
2020,1,Vermont,Total Quarterly Wages,3909229108,3923015682,3918607766,3918602240,3918552918,3918552918
2020,1,Virginia,Quarterly Establishments,282924,280716,280756,278633,278602,278602
2020,1,Virginia,January Employment,3922541,3923990,3923561,3921883,3921427,3921427
2020,1,Virginia,February Employment,3930906,3932308,3931917,3930792,3929708,3929708
2020,1,Virginia,March Employment,3920952,3921701,3921741,3920479,3919442,3919442
2020,1,Virginia,Total Quarterly Wages,62906380534,62907816886,62904644622,62882752087,62878054620,62878054620
2020,1,Washington,Quarterly Establishments,255550,256697,256852,257273,257223,257223
2020,1,Washington,January Employment,3414807,3410253,3417162,3418605,3418930,3418930
2020,1,Washington,February Employment,3429167,3424505,3425015,3426541,3426891,3426891
2020,1,Washington,March Employment,3427277,3422239,3425790,3427335,3427297,3427297
2020,1,Washington,Total Quarterly Wages,62944724008,62806307949,62839487592,62865897872,62871772972,62871772972
2020,1,West Virginia,Quarterly Establishments,51153,51389,51355,51045,51053,51053
2020,1,West Virginia,January Employment,676854,677249,676778,675940,675847,675847
2020,1,West Virginia,February Employment,675054,675561,675091,674325,674212,674212
2020,1,West Virginia,March Employment,674871,675510,675031,674326,674208,674208
2020,1,West Virginia,Total Quarterly Wages,7939641605,7943271869,7938933028,7927675667,7926110351,7926110351
2020,1,Wisconsin,Quarterly Establishments,178242,177937,177370,177021,175087,175087
2020,1,Wisconsin,January Employment,2845075,2844574,2844901,2844642,2844902,2844902
2020,1,Wisconsin,February Employment,2845936,2845529,2845737,2845537,2845739,2845739
2020,1,Wisconsin,March Employment,2836458,2835837,2835888,2835767,2836309,2836309
2020,1,Wisconsin,Total Quarterly Wages,37236088993,37233829185,37233950865,37234819482,37236645915,37236645915
2020,1,Wyoming,Quarterly Establishments,27215,27183,27161,27104,27094,27094
2020,1,Wyoming,January Employment,269606,269524,269560,269475,269486,269486
2020,1,Wyoming,February Employment,268950,268795,268842,268765,268772,268772
2020,1,Wyoming,March Employment,268468,268369,268354,268295,268300,268300
2020,1,Wyoming,Total Quarterly Wages,3339857738,3351336452,3351405957,3351308390,3351288389,3351288389
2020,1,Puerto Rico,Quarterly Establishments,47498,46526,46486,46557,46642,46642
2020,1,Puerto Rico,January Employment,873663,870740,870277,870015,870691,870691
2020,1,Puerto Rico,February Employment,877468,875203,874731,874749,875177,875177
2020,1,Puerto Rico,March Employment,886358,884349,883872,883855,884338,884338
2020,1,Puerto Rico,Total Quarterly Wages,6297142866,6282516708,6277549527,6274581265,6274493272,6274493272
2020,1,Virgin Islands,Quarterly Establishments,3333,3581,3550,3578,3548,3548
2020,1,Virgin Islands,January Employment,39048,39289,39368,39432,39444,39444
2020,1,Virgin Islands,February Employment,39629,39826,39888,39970,39972,39972
2020,1,Virgin Islands,March Employment,40082,40262,40325,40377,40391,40391
2020,1,Virgin Islands,Total Quarterly Wages,538345062,540467163,541415642,542419430,542340126,542340126
2020,2,United States,Quarterly Establishments,10450970,10430780,10401840,10383036,Not applicable,10383036
2020,2,United States,April Employment,127269547,127243045,127260523,127242130,Not applicable,127242130
2020,2,United States,May Employment,130764865,130723352,130821954,130712810,Not applicable,130712810
2020,2,United States,June Employment,135114354,135049331,135134918,135045869,Not applicable,135045869
2020,2,United States,Total Quarterly Wages,2023774551956,2023567305927,2023787724173,2023546517413,Not applicable,2023546517413
2020,2,Alabama,Quarterly Establishments,131248,130798,130775,130654,Not applicable,130654
2020,2,Alabama,April Employment,1771539,1765510,1765159,1765567,Not applicable,1765567
2020,2,Alabama,May Employment,1820515,1817782,1818793,1818011,Not applicable,1818011
2020,2,Alabama,June Employment,1868735,1868464,1869596,1869064,Not applicable,1869064
2020,2,Alabama,Total Quarterly Wages,22819741399,22779201604,22774932261,22783874959,Not applicable,22783874959
2020,2,Alaska,Quarterly Establishments,22656,22550,22455,22382,Not applicable,22382
2020,2,Alaska,April Employment,274179,274036,274078,274139,Not applicable,274139
2020,2,Alaska,May Employment,285286,284993,285065,285113,Not applicable,285113
2020,2,Alaska,June Employment,296220,295540,295605,295672,Not applicable,295672
2020,2,Alaska,Total Quarterly Wages,4429865532,4428490271,4428677820,4428838092,Not applicable,4428838092
2020,2,Arizona,Quarterly Establishments,170693,170657,167800,167913,Not applicable,167913
2020,2,Arizona,April Employment,2642359,2643370,2644534,2644935,Not applicable,2644935
2020,2,Arizona,May Employment,2709820,2711222,2713864,2713984,Not applicable,2713984
2020,2,Arizona,June Employment,2708381,2710353,2713247,2713484,Not applicable,2713484
2020,2,Arizona,Total Quarterly Wages,38060737703,38096165766,38112684087,38118429494,Not applicable,38118429494
2020,2,Arkansas,Quarterly Establishments,93013,92868,92863,92803,Not applicable,92803
2020,2,Arkansas,April Employment,1108219,1106292,1106421,1106254,Not applicable,1106254
2020,2,Arkansas,May Employment,1139674,1138490,1139179,1138420,Not applicable,1138420
2020,2,Arkansas,June Employment,1156480,1154934,1155229,1154662,Not applicable,1154662
2020,2,Arkansas,Total Quarterly Wages,13636291888,13639063989,13638874590,13638083406,Not applicable,13638083406
2020,2,California,Quarterly Establishments,1633079,1619601,1610034,1606809,Not applicable,1606809
2020,2,California,April Employment,15091549,15074265,15069169,15067528,Not applicable,15067528
2020,2,California,May Employment,15426376,15399888,15406962,15393849,Not applicable,15393849
2020,2,California,June Employment,15911161,15889022,15897500,15885269,Not applicable,15885269
2020,2,California,Total Quarterly Wages,295257760131,295057711391,295049167274,295002422953,Not applicable,295002422953
2020,2,Colorado,Quarterly Establishments,216383,217431,217376,217301,Not applicable,217301
2020,2,Colorado,April Employment,2386740,2381885,2382162,2382979,Not applicable,2382979
2020,2,Colorado,May Employment,2461030,2456658,2459097,2458160,Not applicable,2458160
2020,2,Colorado,June Employment,2545862,2542205,2544146,2543919,Not applicable,2543919
2020,2,Colorado,Total Quarterly Wages,39291874572,39305323666,39309582013,39314859585,Not applicable,39314859585
2020,2,Connecticut,Quarterly Establishments,123401,123736,123778,123581,Not applicable,123581
2020,2,Connecticut,April Employment,1370883,1374313,1374792,1374668,Not applicable,1374668
2020,2,Connecticut,May Employment,1422674,1425909,1428635,1426276,Not applicable,1426276
2020,2,Connecticut,June Employment,1483616,1486955,1489271,1487236,Not applicable,1487236
2020,2,Connecticut,Total Quarterly Wages,26072307973,26066157479,26066218549,26052932600,Not applicable,26052932600
2020,2,Delaware,Quarterly Establishments,34497,34921,34906,34880,Not applicable,34880
2020,2,Delaware,April Employment,381958,384909,384862,384808,Not applicable,384808
2020,2,Delaware,May Employment,391693,394790,395736,394661,Not applicable,394661
2020,2,Delaware,June Employment,415983,418878,419707,418708,Not applicable,418708
2020,2,Delaware,Total Quarterly Wages,5957308243,5957422208,5954592577,5952232621,Not applicable,5952232621
2020,2,District of Columbia,Quarterly Establishments,41657,41720,41715,41602,Not applicable,41602
2020,2,District of Columbia,April Employment,702263,701739,701873,701503,Not applicable,701503
2020,2,District of Columbia,May Employment,696948,696433,697118,696151,Not applicable,696151
2020,2,District of Columbia,June Employment,701771,701330,702209,701222,Not applicable,701222
2020,2,District of Columbia,Total Quarterly Wages,18089951465,18066939458,18107888492,18089009265,Not applicable,18089009265
2020,2,Florida,Quarterly Establishments,738040,738225,738018,737839,Not applicable,737839
2020,2,Florida,April Employment,7781410,7779947,7778198,7777911,Not applicable,7777911
2020,2,Florida,May Employment,7988891,7992417,7995818,7989558,Not applicable,7989558
2020,2,Florida,June Employment,8113828,8115287,8117448,8112630,Not applicable,8112630
2020,2,Florida,Total Quarterly Wages,106852149219,106856680025,106844981397,106846769461,Not applicable,106846769461
2020,2,Georgia,Quarterly Establishments,307222,305044,305164,304345,Not applicable,304345
2020,2,Georgia,April Employment,3968005,3960759,3960893,3958464,Not applicable,3958464
2020,2,Georgia,May Employment,4099261,4091787,4098275,4089441,Not applicable,4089441
2020,2,Georgia,June Employment,4196040,4184832,4189946,4182583,Not applicable,4182583
2020,2,Georgia,Total Quarterly Wages,57123947190,57060809833,57058751466,57032549857,Not applicable,57032549857
2020,2,Hawaii,Quarterly Establishments,45913,45367,45263,45082,Not applicable,45082
2020,2,Hawaii,April Employment,508165,509122,509918,509926,Not applicable,509926
2020,2,Hawaii,May Employment,511155,511739,510742,510766,Not applicable,510766
2020,2,Hawaii,June Employment,524919,525638,524002,523959,Not applicable,523959
2020,2,Hawaii,Total Quarterly Wages,7414024974,7423422835,7421132523,7421505047,Not applicable,7421505047
2020,2,Idaho,Quarterly Establishments,67923,68631,68170,68107,Not applicable,68107
2020,2,Idaho,April Employment,686029,685890,685838,685632,Not applicable,685632
2020,2,Idaho,May Employment,718037,717920,718262,717667,Not applicable,717667
2020,2,Idaho,June Employment,748267,747719,747856,747412,Not applicable,747412
2020,2,Idaho,Total Quarterly Wages,8228663104,8229433450,8227244432,8226137538,Not applicable,8226137538
2020,2,Illinois,Quarterly Establishments,379615,377984,377467,375233,Not applicable,375233
2020,2,Illinois,April Employment,5171858,5174726,5177319,5177615,Not applicable,5177615
2020,2,Illinois,May Employment,5230826,5233425,5238023,5234959,Not applicable,5234959
2020,2,Illinois,June Employment,5391815,5392050,5395901,5394655,Not applicable,5394655
2020,2,Illinois,Total Quarterly Wages,83392202981,83333418309,83331440708,83334272448,Not applicable,83334272448
2020,2,Indiana,Quarterly Establishments,171571,173480,173368,173212,Not applicable,173212
2020,2,Indiana,April Employment,2602615,2601438,2600353,2600209,Not applicable,2600209
2020,2,Indiana,May Employment,2749862,2749515,2748543,2748171,Not applicable,2748171
2020,2,Indiana,June Employment,2865696,2864319,2863227,2862909,Not applicable,2862909
2020,2,Indiana,Total Quarterly Wages,34188584098,34177155502,34179053765,34177209322,Not applicable,34177209322
2020,2,Iowa,Quarterly Establishments,104733,104793,104801,104802,Not applicable,104802
2020,2,Iowa,April Employment,1382977,1382498,1382563,1382508,Not applicable,1382508
2020,2,Iowa,May Employment,1410981,1411068,1411605,1411072,Not applicable,1411072
2020,2,Iowa,June Employment,1458774,1458164,1458553,1458136,Not applicable,1458136
2020,2,Iowa,Total Quarterly Wages,18016559823,18012975083,18012998048,18013009101,Not applicable,18013009101
2020,2,Kansas,Quarterly Establishments,89968,87832,87215,86716,Not applicable,86716
2020,2,Kansas,April Employment,1245777,1244488,1244356,1244056,Not applicable,1244056
2020,2,Kansas,May Employment,1280796,1279312,1280294,1278585,Not applicable,1278585
2020,2,Kansas,June Employment,1305983,1303885,1304564,1303230,Not applicable,1303230
2020,2,Kansas,Total Quarterly Wages,16093198267,16073369080,16069822241,16068038348,Not applicable,16068038348
2020,2,Kentucky,Quarterly Establishments,125400,126002,126152,126062,Not applicable,126062
2020,2,Kentucky,April Employment,1621767,1622154,1622635,1622322,Not applicable,1622322
2020,2,Kentucky,May Employment,1661090,1660911,1662382,1661091,Not applicable,1661091
2020,2,Kentucky,June Employment,1754022,1753372,1754649,1753501,Not applicable,1753501
2020,2,Kentucky,Total Quarterly Wages,21179663449,21183290149,21193989959,21194723179,Not applicable,21194723179
2020,2,Louisiana,Quarterly Establishments,137772,138162,137438,136865,Not applicable,136865
2020,2,Louisiana,April Employment,1654612,1655329,1655575,1655714,Not applicable,1655714
2020,2,Louisiana,May Employment,1679249,1681045,1682549,1681125,Not applicable,1681125
2020,2,Louisiana,June Employment,1710107,1712537,1714588,1713358,Not applicable,1713358
2020,2,Louisiana,Total Quarterly Wages,21521574388,21546389026,21551185245,21550688010,Not applicable,21550688010
2020,2,Maine,Quarterly Establishments,53773,53776,53805,53774,Not applicable,53774
2020,2,Maine,April Employment,516588,516475,516921,516982,Not applicable,516982
2020,2,Maine,May Employment,546796,546414,546916,546945,Not applicable,546945
2020,2,Maine,June Employment,572488,572269,572801,572941,Not applicable,572941
2020,2,Maine,Total Quarterly Wages,6947846150,6949491036,6953335305,6954896159,Not applicable,6954896159
2020,2,Maryland,Quarterly Establishments,175838,176013,175950,175127,Not applicable,175127
2020,2,Maryland,April Employment,2311304,2315388,2315152,2312555,Not applicable,2312555
2020,2,Maryland,May Employment,2354178,2357660,2360360,2354035,Not applicable,2354035
2020,2,Maryland,June Employment,2430347,2435880,2438500,2433451,Not applicable,2433451
2020,2,Maryland,Total Quarterly Wages,40124472448,40248421609,40242862695,40179328043,Not applicable,40179328043
2020,2,Massachusetts,Quarterly Establishments,263057,261764,261503,259553,Not applicable,259553
2020,2,Massachusetts,April Employment,2977390,2978625,2979532,2975976,Not applicable,2975976
2020,2,Massachusetts,May Employment,3057605,3058572,3061384,3053801,Not applicable,3053801
2020,2,Massachusetts,June Employment,3178775,3180478,3182843,3175730,Not applicable,3175730
2020,2,Massachusetts,Total Quarterly Wages,62697930580,62784012758,62764129561,62731716253,Not applicable,62731716253
2020,2,Michigan,Quarterly Establishments,268465,268907,269150,268865,Not applicable,268865
2020,2,Michigan,April Employment,3306055,3311002,3310781,3309106,Not applicable,3309106
2020,2,Michigan,May Employment,3496084,3498039,3503330,3496093,Not applicable,3496093
2020,2,Michigan,June Employment,3850906,3854318,3859122,3852409,Not applicable,3852409
2020,2,Michigan,Total Quarterly Wages,51441066165,51509049383,51504111319,51483950689,Not applicable,51483950689
2020,2,Minnesota,Quarterly Establishments,185424,180242,180413,180307,Not applicable,180307
2020,2,Minnesota,April Employment,2481913,2481902,2483497,2483006,Not applicable,2483006
2020,2,Minnesota,May Employment,2545235,2544933,2548719,2546246,Not applicable,2546246
2020,2,Minnesota,June Employment,2644597,2643733,2647587,2645528,Not applicable,2645528
2020,2,Minnesota,Total Quarterly Wages,39898954576,39905006935,39917828462,39909908714,Not applicable,39909908714
2020,2,Mississippi,Quarterly Establishments,73777,74023,73894,73616,Not applicable,73616
2020,2,Mississippi,April Employment,999210,1000185,1000237,999929,Not applicable,999929
2020,2,Mississippi,May Employment,1033168,1033604,1034136,1033270,Not applicable,1033270
2020,2,Mississippi,June Employment,1063102,1063338,1063833,1063149,Not applicable,1063149
2020,2,Mississippi,Total Quarterly Wages,10888864288,10891020530,10893507617,10891838588,Not applicable,10891838588
2020,2,Missouri,Quarterly Establishments,215894,215798,215681,215520,Not applicable,215520
2020,2,Missouri,April Employment,2485988,2485586,2485646,2485478,Not applicable,2485478
2020,2,Missouri,May Employment,2555397,2555060,2556112,2554927,Not applicable,2554927
2020,2,Missouri,June Employment,2622231,2620491,2621057,2620221,Not applicable,2620221
2020,2,Missouri,Total Quarterly Wages,33697310957,33685007662,33682867497,33682370092,Not applicable,33682370092
2020,2,Montana,Quarterly Establishments,51519,51610,51604,51596,Not applicable,51596
2020,2,Montana,April Employment,410477,410099,410092,410019,Not applicable,410019
2020,2,Montana,May Employment,441999,441321,441864,441166,Not applicable,441166
2020,2,Montana,June Employment,459545,458836,458938,458584,Not applicable,458584
2020,2,Montana,Total Quarterly Wages,5227283205,5209310598,5208460589,5208297285,Not applicable,5208297285
2020,2,Nebraska,Quarterly Establishments,72850,72436,69542,69535,Not applicable,69535
2020,2,Nebraska,April Employment,894290,894199,894007,894617,Not applicable,894617
2020,2,Nebraska,May Employment,913167,913057,912879,913427,Not applicable,913427
2020,2,Nebraska,June Employment,932300,931676,930988,931518,Not applicable,931518
2020,2,Nebraska,Total Quarterly Wages,11394436410,11396698502,11389049427,11395690076,Not applicable,11395690076
2020,2,Nevada,Quarterly Establishments,85906,86545,85483,84961,Not applicable,84961
2020,2,Nevada,April Employment,1098152,1096312,1096103,1096287,Not applicable,1096287
2020,2,Nevada,May Employment,1094943,1092135,1092456,1091628,Not applicable,1091628
2020,2,Nevada,June Employment,1191620,1187835,1187972,1187233,Not applicable,1187233
2020,2,Nevada,Total Quarterly Wages,15373270311,15351515941,15348965971,15351537518,Not applicable,15351537518
2020,2,New Hampshire,Quarterly Establishments,54839,54694,54625,54572,Not applicable,54572
2020,2,New Hampshire,April Employment,553610,553653,553716,553565,Not applicable,553565
2020,2,New Hampshire,May Employment,578674,578414,578646,578253,Not applicable,578253
2020,2,New Hampshire,June Employment,605412,605191,605383,604987,Not applicable,604987
2020,2,New Hampshire,Total Quarterly Wages,9148557663,9149934895,9157682764,9155464704,Not applicable,9155464704
2020,2,New Jersey,Quarterly Establishments,284089,284211,278166,278843,Not applicable,278843
2020,2,New Jersey,April Employment,3399578,3400146,3398502,3396714,Not applicable,3396714
2020,2,New Jersey,May Employment,3448516,3450192,3450388,3446753,Not applicable,3446753
2020,2,New Jersey,June Employment,3570328,3568362,3568008,3564805,Not applicable,3564805
2020,2,New Jersey,Total Quarterly Wages,62113348182,62079837800,62074863347,62062516018,Not applicable,62062516018
2020,2,New Mexico,Quarterly Establishments,62384,62817,62836,62795,Not applicable,62795
2020,2,New Mexico,April Employment,741603,742899,742754,742773,Not applicable,742773
2020,2,New Mexico,May Employment,743714,745115,746076,745097,Not applicable,745097
2020,2,New Mexico,June Employment,756984,758113,759060,758093,Not applicable,758093
2020,2,New Mexico,Total Quarterly Wages,9312028327,9334993539,9337165532,9338023437,Not applicable,9338023437
2020,2,New York,Quarterly Establishments,651951,648976,646043,644408,Not applicable,644408
2020,2,New York,April Employment,7640611,7639474,7640381,7639107,Not applicable,7639107
2020,2,New York,May Employment,7857105,7856369,7863392,7855850,Not applicable,7855850
2020,2,New York,June Employment,8142573,8138208,8145204,8139345,Not applicable,8139345
2020,2,New York,Total Quarterly Wages,155691779611,155701138093,155716863244,155701671129,Not applicable,155701671129
2020,2,North Carolina,Quarterly Establishments,296238,297421,297433,297421,Not applicable,297421
2020,2,North Carolina,April Employment,3991667,3977810,3993679,3993540,Not applicable,3993540
2020,2,North Carolina,May Employment,4083227,4071601,4087604,4086318,Not applicable,4086318
2020,2,North Carolina,June Employment,4205446,4189977,4208333,4207330,Not applicable,4207330
2020,2,North Carolina,Total Quarterly Wages,55236337991,55074606900,55300414840,55299921457,Not applicable,55299921457
2020,2,North Dakota,Quarterly Establishments,32412,32381,32373,32373,Not applicable,32373
2020,2,North Dakota,April Employment,368082,368591,368588,368587,Not applicable,368587
2020,2,North Dakota,May Employment,383179,383824,383829,383823,Not applicable,383823
2020,2,North Dakota,June Employment,390092,390670,390614,390612,Not applicable,390612
2020,2,North Dakota,Total Quarterly Wages,5249758976,5256218960,5256202586,5256202586,Not applicable,5256202586
2020,2,Ohio,Quarterly Establishments,302341,303558,303530,303185,Not applicable,303185
2020,2,Ohio,April Employment,4586178,4587395,4587127,4586464,Not applicable,4586464
2020,2,Ohio,May Employment,4809510,4810209,4812693,4809083,Not applicable,4809083
2020,2,Ohio,June Employment,5049839,5048660,5049989,5047286,Not applicable,5047286
2020,2,Ohio,Total Quarterly Wages,64519542629,64525902200,64528808788,64522548549,Not applicable,64522548549
2020,2,Oklahoma,Quarterly Establishments,112126,112249,112101,112056,Not applicable,112056
2020,2,Oklahoma,April Employment,1467087,1468387,1468561,1468476,Not applicable,1468476
2020,2,Oklahoma,May Employment,1504197,1505084,1505773,1505046,Not applicable,1505046
2020,2,Oklahoma,June Employment,1521349,1521757,1522366,1521845,Not applicable,1521845
2020,2,Oklahoma,Total Quarterly Wages,18305827519,18316267436,18316938978,18316659648,Not applicable,18316659648
2020,2,Oregon,Quarterly Establishments,160940,161287,161026,160189,Not applicable,160189
2020,2,Oregon,April Employment,1684908,1689963,1690822,1691194,Not applicable,1691194
2020,2,Oregon,May Employment,1720252,1724930,1726745,1726428,Not applicable,1726428
2020,2,Oregon,June Employment,1789274,1796468,1798700,1798686,Not applicable,1798686
2020,2,Oregon,Total Quarterly Wages,25720415480,25779995988,25787816641,25791807524,Not applicable,25791807524
2020,2,Pennsylvania,Quarterly Establishments,362842,358784,358748,358532,Not applicable,358532
2020,2,Pennsylvania,April Employment,4850182,4851459,4853469,4853041,Not applicable,4853041
2020,2,Pennsylvania,May Employment,5090720,5089099,5092012,5089086,Not applicable,5089086
2020,2,Pennsylvania,June Employment,5314504,5312564,5312628,5310378,Not applicable,5310378
2020,2,Pennsylvania,Total Quarterly Wages,77342995733,77360337109,77359507594,77356396123,Not applicable,77356396123
2020,2,Rhode Island,Quarterly Establishments,39528,39566,39503,39455,Not applicable,39455
2020,2,Rhode Island,April Employment,380151,380207,380202,380135,Not applicable,380135
2020,2,Rhode Island,May Employment,400368,400497,400685,400412,Not applicable,400412
2020,2,Rhode Island,June Employment,429267,429285,429471,429219,Not applicable,429219
2020,2,Rhode Island,Total Quarterly Wages,6142962367,6145528412,6144037424,6143484367,Not applicable,6143484367
2020,2,South Carolina,Quarterly Establishments,144380,144374,144396,144400,Not applicable,144400
2020,2,South Carolina,April Employment,1845382,1846902,1847076,1846986,Not applicable,1846986
2020,2,South Carolina,May Employment,1919161,1921631,1923067,1921653,Not applicable,1921653
2020,2,South Carolina,June Employment,1991020,1993229,1995007,1994053,Not applicable,1994053
2020,2,South Carolina,Total Quarterly Wages,23152392582,23177203973,23201760908,23201307207,Not applicable,23201307207
2020,2,South Dakota,Quarterly Establishments,34686,34646,34664,34678,Not applicable,34678
2020,2,South Dakota,April Employment,386864,387165,387223,387221,Not applicable,387221
2020,2,South Dakota,May Employment,402246,402426,402440,402425,Not applicable,402425
2020,2,South Dakota,June Employment,415893,415855,415814,415815,Not applicable,415815
2020,2,South Dakota,Total Quarterly Wages,4763812871,4764687613,4764685577,4764686347,Not applicable,4764686347
2020,2,Tennessee,Quarterly Establishments,171079,170778,170585,170465,Not applicable,170465
2020,2,Tennessee,April Employment,2691734,2691384,2690911,2691050,Not applicable,2691050
2020,2,Tennessee,May Employment,2758599,2758414,2758092,2758254,Not applicable,2758254
2020,2,Tennessee,June Employment,2847231,2843758,2843364,2843535,Not applicable,2843535
2020,2,Tennessee,Total Quarterly Wages,36536745394,36558407948,36553182404,36556602331,Not applicable,36556602331
2020,2,Texas,Quarterly Establishments,727417,731027,731287,731133,Not applicable,731133
2020,2,Texas,April Employment,11312018,11316267,11317360,11316524,Not applicable,11316524
2020,2,Texas,May Employment,11583735,11582771,11590642,11582432,Not applicable,11582432
2020,2,Texas,June Employment,11807111,11802120,11805981,11799512,Not applicable,11799512
2020,2,Texas,Total Quarterly Wages,173901151519,173861575303,173860577936,173860259670,Not applicable,173860259670
2020,2,Utah,Quarterly Establishments,111567,111188,111181,111168,Not applicable,111168
2020,2,Utah,April Employment,1401487,1401295,1401365,1401337,Not applicable,1401337
2020,2,Utah,May Employment,1449628,1449369,1449746,1449448,Not applicable,1449448
2020,2,Utah,June Employment,1474847,1473879,1474095,1473936,Not applicable,1473936
2020,2,Utah,Total Quarterly Wages,19066321778,19058039112,19057478805,19057426446,Not applicable,19057426446
2020,2,Vermont,Quarterly Establishments,26105,26162,26162,26128,Not applicable,26128
2020,2,Vermont,April Employment,243258,243107,243453,243412,Not applicable,243412
2020,2,Vermont,May Employment,258525,258385,259095,258642,Not applicable,258642
2020,2,Vermont,June Employment,271820,271870,272436,272134,Not applicable,272134
2020,2,Vermont,Total Quarterly Wages,3535758300,3535054390,3538111394,3537757579,Not applicable,3537757579
2020,2,Virginia,Quarterly Establishments,283318,282243,282155,282013,Not applicable,282013
2020,2,Virginia,April Employment,3499257,3501031,3499344,3498397,Not applicable,3498397
2020,2,Virginia,May Employment,3537777,3536963,3538793,3534615,Not applicable,3534615
2020,2,Virginia,June Employment,3635217,3634508,3635914,3632135,Not applicable,3632135
2020,2,Virginia,Total Quarterly Wages,56322600750,56367156904,56292800523,56286611775,Not applicable,56286611775
2020,2,Washington,Quarterly Establishments,253768,255658,256265,255495,Not applicable,255495
2020,2,Washington,April Employment,3067081,3057057,3058073,3057407,Not applicable,3057407
2020,2,Washington,May Employment,3082671,3070338,3072592,3070277,Not applicable,3070277
2020,2,Washington,June Employment,3207105,3194515,3196617,3194014,Not applicable,3194014
2020,2,Washington,Total Quarterly Wages,57758136220,57644923149,57667013146,57668893621,Not applicable,57668893621
2020,2,West Virginia,Quarterly Establishments,51290,51431,50981,51010,Not applicable,51010
2020,2,West Virginia,April Employment,590841,590839,589618,589445,Not applicable,589445
2020,2,West Virginia,May Employment,608596,608675,607559,607153,Not applicable,607153
2020,2,West Virginia,June Employment,634928,634856,633599,633189,Not applicable,633189
2020,2,West Virginia,Total Quarterly Wages,7414290792,7414461489,7409467319,7407046080,Not applicable,7407046080
2020,2,Wisconsin,Quarterly Establishments,179187,179203,178863,176553,Not applicable,176553
2020,2,Wisconsin,April Employment,2489060,2490122,2490185,2490613,Not applicable,2490613
2020,2,Wisconsin,May Employment,2570951,2571949,2572078,2572262,Not applicable,2572262
2020,2,Wisconsin,June Employment,2690006,2690519,2690837,2691975,Not applicable,2691975
2020,2,Wisconsin,Total Quarterly Wages,34060893993,34074527466,34060031951,34062119235,Not applicable,34062119235
2020,2,Wyoming,Quarterly Establishments,27196,27210,27134,27122,Not applicable,27122
2020,2,Wyoming,April Employment,244637,245449,245448,245449,Not applicable,245449
2020,2,Wyoming,May Employment,250778,250998,250909,250902,Not applicable,250902
2020,2,Wyoming,June Employment,260537,260629,260613,260612,Not applicable,260612
2020,2,Wyoming,Total Quarterly Wages,3161051790,3163553170,3163976582,3163992877,Not applicable,3163992877
2020,2,Puerto Rico,Quarterly Establishments,46094,45755,45268,45310,Not applicable,45310
2020,2,Puerto Rico,April Employment,762961,761273,761095,761792,Not applicable,761792
2020,2,Puerto Rico,May Employment,769187,767889,768632,768501,Not applicable,768501
2020,2,Puerto Rico,June Employment,798702,797656,798332,798158,Not applicable,798158
2020,2,Puerto Rico,Total Quarterly Wages,5611038661,5608058259,5606042106,5605801762,Not applicable,5605801762
2020,2,Virgin Islands,Quarterly Establishments,3436,3381,3406,3376,Not applicable,3376
2020,2,Virgin Islands,April Employment,34974,35018,35218,35220,Not applicable,35220
2020,2,Virgin Islands,May Employment,35075,35131,35455,35307,Not applicable,35307
2020,2,Virgin Islands,June Employment,35366,35489,35845,35686,Not applicable,35686
2020,2,Virgin Islands,Total Quarterly Wages,464080439,464830654,463519582,464028236,Not applicable,464028236
2020,3,United States,Quarterly Establishments,10561340,10539341,10515058,Not applicable,Not applicable,10515058
2020,3,United States,July Employment,134975623,135101929,135086021,Not applicable,Not applicable,135086021
2020,3,United States,August Employment,137000217,137133721,137112322,Not applicable,Not applicable,137112322
2020,3,United States,September Employment,138549503,138739944,138722896,Not applicable,Not applicable,138722896
2020,3,United States,Total Quarterly Wages,2086214966120,2087104657872,2086885772754,Not applicable,Not applicable,2086885772754
2020,3,Alabama,Quarterly Establishments,132211,133038,132993,Not applicable,Not applicable,132993
2020,3,Alabama,July Employment,1879438,1882253,1882119,Not applicable,Not applicable,1882119
2020,3,Alabama,August Employment,1896209,1899206,1899453,Not applicable,Not applicable,1899453
2020,3,Alabama,September Employment,1902406,1906287,1906373,Not applicable,Not applicable,1906373
2020,3,Alabama,Total Quarterly Wages,24069525218,24087414952,24094624267,Not applicable,Not applicable,24094624267
2020,3,Alaska,Quarterly Establishments,22935,22843,22751,Not applicable,Not applicable,22751
2020,3,Alaska,July Employment,295773,295983,296083,Not applicable,Not applicable,296083
2020,3,Alaska,August Employment,300788,300958,301014,Not applicable,Not applicable,301014
2020,3,Alaska,September Employment,302615,302875,302898,Not applicable,Not applicable,302898
2020,3,Alaska,Total Quarterly Wages,4540810684,4542964902,4543155444,Not applicable,Not applicable,4543155444
2020,3,Arizona,Quarterly Establishments,174143,170968,171139,Not applicable,Not applicable,171139
2020,3,Arizona,July Employment,2670235,2669408,2669676,Not applicable,Not applicable,2669676
2020,3,Arizona,August Employment,2766419,2765859,2766035,Not applicable,Not applicable,2766035
2020,3,Arizona,September Employment,2797148,2797909,2798570,Not applicable,Not applicable,2798570
2020,3,Arizona,Total Quarterly Wages,38922576957,38913058941,38912593140,Not applicable,Not applicable,38912593140
2020,3,Arkansas,Quarterly Establishments,93601,93527,93525,Not applicable,Not applicable,93525
2020,3,Arkansas,July Employment,1119701,1120460,1120123,Not applicable,Not applicable,1120123
2020,3,Arkansas,August Employment,1159064,1159013,1158577,Not applicable,Not applicable,1158577
2020,3,Arkansas,September Employment,1180136,1179233,1178792,Not applicable,Not applicable,1178792
2020,3,Arkansas,Total Quarterly Wages,13362463862,13381566442,13382186202,Not applicable,Not applicable,13382186202
2020,3,California,Quarterly Establishments,1643795,1633147,1624078,Not applicable,Not applicable,1624078
2020,3,California,July Employment,15706618,15721059,15723167,Not applicable,Not applicable,15723167
2020,3,California,August Employment,15922765,15940639,15942691,Not applicable,Not applicable,15942691
2020,3,California,September Employment,16096841,16133071,16135854,Not applicable,Not applicable,16135854
2020,3,California,Total Quarterly Wages,303181954746,303176623397,303174273720,Not applicable,Not applicable,303174273720
2020,3,Colorado,Quarterly Establishments,220143,220970,220933,Not applicable,Not applicable,220933
2020,3,Colorado,July Employment,2572692,2573271,2574491,Not applicable,Not applicable,2574491
2020,3,Colorado,August Employment,2594868,2595286,2596676,Not applicable,Not applicable,2596676
2020,3,Colorado,September Employment,2597163,2598036,2599566,Not applicable,Not applicable,2599566
2020,3,Colorado,Total Quarterly Wages,41549059261,41569242845,41577402102,Not applicable,Not applicable,41577402102
2020,3,Connecticut,Quarterly Establishments,125422,125682,125465,Not applicable,Not applicable,125465
2020,3,Connecticut,July Employment,1491079,1494879,1495521,Not applicable,Not applicable,1495521
2020,3,Connecticut,August Employment,1514815,1520040,1518784,Not applicable,Not applicable,1518784
2020,3,Connecticut,September Employment,1555568,1561678,1559854,Not applicable,Not applicable,1559854
2020,3,Connecticut,Total Quarterly Wages,26243474960,26289651903,26288473640,Not applicable,Not applicable,26288473640
2020,3,Delaware,Quarterly Establishments,34892,35385,35468,Not applicable,Not applicable,35468
2020,3,Delaware,July Employment,426167,428096,427773,Not applicable,Not applicable,427773
2020,3,Delaware,August Employment,428269,430200,429914,Not applicable,Not applicable,429914
2020,3,Delaware,September Employment,428833,430953,430743,Not applicable,Not applicable,430743
2020,3,Delaware,Total Quarterly Wages,6394720883,6404048436,6402399589,Not applicable,Not applicable,6402399589
2020,3,District of Columbia,Quarterly Establishments,43268,43257,42930,Not applicable,Not applicable,42930
2020,3,District of Columbia,July Employment,709454,709858,709616,Not applicable,Not applicable,709616
2020,3,District of Columbia,August Employment,710115,710437,710153,Not applicable,Not applicable,710153
2020,3,District of Columbia,September Employment,713735,714140,713893,Not applicable,Not applicable,713893
2020,3,District of Columbia,Total Quarterly Wages,18138820755,18140208655,18138552152,Not applicable,Not applicable,18138552152
2020,3,Florida,Quarterly Establishments,749063,749803,749894,Not applicable,Not applicable,749894
2020,3,Florida,July Employment,8089567,8092511,8091853,Not applicable,Not applicable,8091853
2020,3,Florida,August Employment,8279749,8283263,8282361,Not applicable,Not applicable,8282361
2020,3,Florida,September Employment,8329730,8332315,8331500,Not applicable,Not applicable,8331500
2020,3,Florida,Total Quarterly Wages,110169219886,110235422274,110235129254,Not applicable,Not applicable,110235129254
2020,3,Georgia,Quarterly Establishments,313021,312661,312136,Not applicable,Not applicable,312136
2020,3,Georgia,July Employment,4202573,4203354,4200639,Not applicable,Not applicable,4200639
2020,3,Georgia,August Employment,4266611,4268040,4264984,Not applicable,Not applicable,4264984
2020,3,Georgia,September Employment,4282092,4283563,4280442,Not applicable,Not applicable,4280442
2020,3,Georgia,Total Quarterly Wages,59906383312,59903192580,59874760338,Not applicable,Not applicable,59874760338
2020,3,Hawaii,Quarterly Establishments,46477,46630,46360,Not applicable,Not applicable,46360
2020,3,Hawaii,July Employment,522358,523180,523302,Not applicable,Not applicable,523302
2020,3,Hawaii,August Employment,522263,523020,523159,Not applicable,Not applicable,523159
2020,3,Hawaii,September Employment,507490,508315,508459,Not applicable,Not applicable,508459
2020,3,Hawaii,Total Quarterly Wages,7490902996,7501347034,7502723790,Not applicable,Not applicable,7502723790
2020,3,Idaho,Quarterly Establishments,70670,70390,70221,Not applicable,Not applicable,70221
2020,3,Idaho,July Employment,757125,757264,756649,Not applicable,Not applicable,756649
2020,3,Idaho,August Employment,761599,761807,761177,Not applicable,Not applicable,761177
2020,3,Idaho,September Employment,763694,764056,763462,Not applicable,Not applicable,763462
2020,3,Idaho,Total Quarterly Wages,8739683843,8739939753,8735818061,Not applicable,Not applicable,8735818061
2020,3,Illinois,Quarterly Establishments,385850,379226,376225,Not applicable,Not applicable,376225
2020,3,Illinois,July Employment,5440994,5446753,5450024,Not applicable,Not applicable,5450024
2020,3,Illinois,August Employment,5506943,5512758,5515634,Not applicable,Not applicable,5515634
2020,3,Illinois,September Employment,5558505,5566621,5568963,Not applicable,Not applicable,5568963
2020,3,Illinois,Total Quarterly Wages,85759655924,85803004267,85810200123,Not applicable,Not applicable,85810200123
2020,3,Indiana,Quarterly Establishments,172399,173587,173411,Not applicable,Not applicable,173411
2020,3,Indiana,July Employment,2872735,2874171,2874149,Not applicable,Not applicable,2874149
2020,3,Indiana,August Employment,2935948,2937835,2937922,Not applicable,Not applicable,2937922
2020,3,Indiana,September Employment,2941792,2944879,2944529,Not applicable,Not applicable,2944529
2020,3,Indiana,Total Quarterly Wages,36457978940,36461594629,36465151450,Not applicable,Not applicable,36465151450
2020,3,Iowa,Quarterly Establishments,105103,105494,105478,Not applicable,Not applicable,105478
2020,3,Iowa,July Employment,1459727,1461495,1461222,Not applicable,Not applicable,1461222
2020,3,Iowa,August Employment,1460478,1462410,1462185,Not applicable,Not applicable,1462185
2020,3,Iowa,September Employment,1475021,1477603,1477362,Not applicable,Not applicable,1477362
2020,3,Iowa,Total Quarterly Wages,18448486011,18468265788,18468311410,Not applicable,Not applicable,18468311410
2020,3,Kansas,Quarterly Establishments,89238,88832,88138,Not applicable,Not applicable,88138
2020,3,Kansas,July Employment,1296882,1297263,1296935,Not applicable,Not applicable,1296935
2020,3,Kansas,August Employment,1311659,1312509,1311730,Not applicable,Not applicable,1311730
2020,3,Kansas,September Employment,1325431,1326893,1326107,Not applicable,Not applicable,1326107
2020,3,Kansas,Total Quarterly Wages,16226647028,16234096534,16232632891,Not applicable,Not applicable,16232632891
2020,3,Kentucky,Quarterly Establishments,128046,128632,128593,Not applicable,Not applicable,128593
2020,3,Kentucky,July Employment,1716985,1718581,1717775,Not applicable,Not applicable,1717775
2020,3,Kentucky,August Employment,1782223,1783900,1783000,Not applicable,Not applicable,1783000
2020,3,Kentucky,September Employment,1807127,1809021,1808202,Not applicable,Not applicable,1808202
2020,3,Kentucky,Total Quarterly Wages,21490325585,21506205999,21506329309,Not applicable,Not applicable,21506329309
2020,3,Louisiana,Quarterly Establishments,139455,139736,139110,Not applicable,Not applicable,139110
2020,3,Louisiana,July Employment,1707912,1713103,1713233,Not applicable,Not applicable,1713233
2020,3,Louisiana,August Employment,1737701,1742760,1742820,Not applicable,Not applicable,1742820
2020,3,Louisiana,September Employment,1734576,1742162,1743773,Not applicable,Not applicable,1743773
2020,3,Louisiana,Total Quarterly Wages,21779394146,21815955905,21825434405,Not applicable,Not applicable,21825434405
2020,3,Maine,Quarterly Establishments,54445,54567,54446,Not applicable,Not applicable,54446
2020,3,Maine,July Employment,581305,582139,582451,Not applicable,Not applicable,582451
2020,3,Maine,August Employment,589018,589746,590101,Not applicable,Not applicable,590101
2020,3,Maine,September Employment,597280,598145,598454,Not applicable,Not applicable,598454
2020,3,Maine,Total Quarterly Wages,7402915723,7408814632,7416111042,Not applicable,Not applicable,7416111042
2020,3,Maryland,Quarterly Establishments,172356,173743,172498,Not applicable,Not applicable,172498
2020,3,Maryland,July Employment,2447210,2461832,2457000,Not applicable,Not applicable,2457000
2020,3,Maryland,August Employment,2458424,2473120,2468331,Not applicable,Not applicable,2468331
2020,3,Maryland,September Employment,2496594,2511417,2506951,Not applicable,Not applicable,2506951
2020,3,Maryland,Total Quarterly Wages,40962896032,40964642561,40898302080,Not applicable,Not applicable,40898302080
2020,3,Massachusetts,Quarterly Establishments,265130,264174,263469,Not applicable,Not applicable,263469
2020,3,Massachusetts,July Employment,3217783,3218584,3217216,Not applicable,Not applicable,3217216
2020,3,Massachusetts,August Employment,3266471,3267841,3266614,Not applicable,Not applicable,3266614
2020,3,Massachusetts,September Employment,3314756,3319892,3318848,Not applicable,Not applicable,3318848
2020,3,Massachusetts,Total Quarterly Wages,63179197482,63240353491,63233100186,Not applicable,Not applicable,63233100186
2020,3,Michigan,Quarterly Establishments,266875,267436,266937,Not applicable,Not applicable,266937
2020,3,Michigan,July Employment,3909737,3913783,3911308,Not applicable,Not applicable,3911308
2020,3,Michigan,August Employment,3989169,3991932,3989427,Not applicable,Not applicable,3989427
2020,3,Michigan,September Employment,4035935,4039188,4036815,Not applicable,Not applicable,4036815
2020,3,Michigan,Total Quarterly Wages,56705343993,56718135364,56696560342,Not applicable,Not applicable,56696560342
2020,3,Minnesota,Quarterly Establishments,183097,183453,183362,Not applicable,Not applicable,183362
2020,3,Minnesota,July Employment,2646857,2650023,2648653,Not applicable,Not applicable,2648653
2020,3,Minnesota,August Employment,2687856,2690909,2689860,Not applicable,Not applicable,2689860
2020,3,Minnesota,September Employment,2703282,2707295,2707343,Not applicable,Not applicable,2707343
2020,3,Minnesota,Total Quarterly Wages,41031508883,41058678758,41050580119,Not applicable,Not applicable,41050580119
2020,3,Mississippi,Quarterly Establishments,74917,75128,74766,Not applicable,Not applicable,74766
2020,3,Mississippi,July Employment,1065503,1067410,1066843,Not applicable,Not applicable,1066843
2020,3,Mississippi,August Employment,1084840,1086842,1086210,Not applicable,Not applicable,1086210
2020,3,Mississippi,September Employment,1092381,1094566,1094088,Not applicable,Not applicable,1094088
2020,3,Mississippi,Total Quarterly Wages,11378469031,11373429389,11371670617,Not applicable,Not applicable,11371670617
2020,3,Missouri,Quarterly Establishments,218825,218584,218464,Not applicable,Not applicable,218464
2020,3,Missouri,July Employment,2586137,2586140,2586320,Not applicable,Not applicable,2586320
2020,3,Missouri,August Employment,2635137,2635113,2635260,Not applicable,Not applicable,2635260
2020,3,Missouri,September Employment,2681749,2681628,2681826,Not applicable,Not applicable,2681826
2020,3,Missouri,Total Quarterly Wages,34070271541,34073542264,34075694553,Not applicable,Not applicable,34075694553
2020,3,Montana,Quarterly Establishments,53047,53004,52988,Not applicable,Not applicable,52988
2020,3,Montana,July Employment,452625,452463,452382,Not applicable,Not applicable,452382
2020,3,Montana,August Employment,458354,458193,458141,Not applicable,Not applicable,458141
2020,3,Montana,September Employment,466928,466909,466869,Not applicable,Not applicable,466869
2020,3,Montana,Total Quarterly Wages,5395136629,5394975445,5394819395,Not applicable,Not applicable,5394819395
2020,3,Nebraska,Quarterly Establishments,73700,71152,71035,Not applicable,Not applicable,71035
2020,3,Nebraska,July Employment,940061,940652,940655,Not applicable,Not applicable,940655
2020,3,Nebraska,August Employment,946511,947340,947343,Not applicable,Not applicable,947343
2020,3,Nebraska,September Employment,949909,951043,951047,Not applicable,Not applicable,951047
2020,3,Nebraska,Total Quarterly Wages,11852149018,11865508173,11865612099,Not applicable,Not applicable,11865612099
2020,3,Nevada,Quarterly Establishments,87855,88192,87672,Not applicable,Not applicable,87672
2020,3,Nevada,July Employment,1220961,1222103,1222265,Not applicable,Not applicable,1222265
2020,3,Nevada,August Employment,1235928,1237702,1237851,Not applicable,Not applicable,1237851
2020,3,Nevada,September Employment,1251020,1253399,1253622,Not applicable,Not applicable,1253622
2020,3,Nevada,Total Quarterly Wages,16841044231,16849999101,16860858046,Not applicable,Not applicable,16860858046
2020,3,New Hampshire,Quarterly Establishments,56054,55800,55654,Not applicable,Not applicable,55654
2020,3,New Hampshire,July Employment,609011,608730,608648,Not applicable,Not applicable,608648
2020,3,New Hampshire,August Employment,624547,624390,624255,Not applicable,Not applicable,624255
2020,3,New Hampshire,September Employment,634201,633804,633773,Not applicable,Not applicable,633773
2020,3,New Hampshire,Total Quarterly Wages,9481650998,9485288896,9484839894,Not applicable,Not applicable,9484839894
2020,3,New Jersey,Quarterly Establishments,289294,283446,284265,Not applicable,Not applicable,284265
2020,3,New Jersey,July Employment,3534739,3542746,3541606,Not applicable,Not applicable,3541606
2020,3,New Jersey,August Employment,3592893,3596497,3595486,Not applicable,Not applicable,3595486
2020,3,New Jersey,September Employment,3778429,3783364,3782479,Not applicable,Not applicable,3782479
2020,3,New Jersey,Total Quarterly Wages,62886803193,62915678725,62905325699,Not applicable,Not applicable,62905325699
2020,3,New Mexico,Quarterly Establishments,63092,63642,63630,Not applicable,Not applicable,63630
2020,3,New Mexico,July Employment,743311,744936,744546,Not applicable,Not applicable,744546
2020,3,New Mexico,August Employment,766523,768423,768046,Not applicable,Not applicable,768046
2020,3,New Mexico,September Employment,771872,774251,773857,Not applicable,Not applicable,773857
2020,3,New Mexico,Total Quarterly Wages,9337160089,9352899851,9354510083,Not applicable,Not applicable,9354510083
2020,3,New York,Quarterly Establishments,657615,655511,654071,Not applicable,Not applicable,654071
2020,3,New York,July Employment,8114168,8116646,8115696,Not applicable,Not applicable,8115696
2020,3,New York,August Employment,8255584,8258372,8257311,Not applicable,Not applicable,8257311
2020,3,New York,September Employment,8547694,8552323,8548083,Not applicable,Not applicable,8548083
2020,3,New York,Total Quarterly Wages,156157932008,156286773724,156181448997,Not applicable,Not applicable,156181448997
2020,3,North Carolina,Quarterly Establishments,301444,297624,297651,Not applicable,Not applicable,297651
2020,3,North Carolina,July Employment,4198028,4203933,4203822,Not applicable,Not applicable,4203822
2020,3,North Carolina,August Employment,4283954,4292942,4292856,Not applicable,Not applicable,4292856
2020,3,North Carolina,September Employment,4308200,4322270,4322130,Not applicable,Not applicable,4322130
2020,3,North Carolina,Total Quarterly Wages,57589271859,57639669771,57639245853,Not applicable,Not applicable,57639245853
2020,3,North Dakota,Quarterly Establishments,32528,32527,32510,Not applicable,Not applicable,32510
2020,3,North Dakota,July Employment,384345,384985,384980,Not applicable,Not applicable,384980
2020,3,North Dakota,August Employment,390315,391006,391004,Not applicable,Not applicable,391004
2020,3,North Dakota,September Employment,398210,398563,398560,Not applicable,Not applicable,398560
2020,3,North Dakota,Total Quarterly Wages,5207773671,5210699372,5210674661,Not applicable,Not applicable,5210674661
2020,3,Ohio,Quarterly Establishments,305697,306370,305954,Not applicable,Not applicable,305954
2020,3,Ohio,July Employment,5084075,5084393,5082870,Not applicable,Not applicable,5082870
2020,3,Ohio,August Employment,5126467,5125845,5124338,Not applicable,Not applicable,5124338
2020,3,Ohio,September Employment,5136797,5137465,5136087,Not applicable,Not applicable,5136087
2020,3,Ohio,Total Quarterly Wages,69143108866,69138983891,69134581167,Not applicable,Not applicable,69134581167
2020,3,Oklahoma,Quarterly Establishments,112439,113185,112898,Not applicable,Not applicable,112898
2020,3,Oklahoma,July Employment,1485275,1496587,1496238,Not applicable,Not applicable,1496238
2020,3,Oklahoma,August Employment,1513625,1523443,1522907,Not applicable,Not applicable,1522907
2020,3,Oklahoma,September Employment,1538535,1548747,1548369,Not applicable,Not applicable,1548369
2020,3,Oklahoma,Total Quarterly Wages,18037425296,18102827215,18102680179,Not applicable,Not applicable,18102680179
2020,3,Oregon,Quarterly Establishments,164567,164588,163729,Not applicable,Not applicable,163729
2020,3,Oregon,July Employment,1794330,1795084,1795552,Not applicable,Not applicable,1795552
2020,3,Oregon,August Employment,1808516,1810057,1810558,Not applicable,Not applicable,1810558
2020,3,Oregon,September Employment,1837262,1839942,1840680,Not applicable,Not applicable,1840680
2020,3,Oregon,Total Quarterly Wages,26235026920,26252317372,26263643536,Not applicable,Not applicable,26263643536
2020,3,Pennsylvania,Quarterly Establishments,366510,363307,363204,Not applicable,Not applicable,363204
2020,3,Pennsylvania,July Employment,5378699,5379887,5378798,Not applicable,Not applicable,5378798
2020,3,Pennsylvania,August Employment,5426277,5427698,5426671,Not applicable,Not applicable,5426671
2020,3,Pennsylvania,September Employment,5501028,5507511,5506608,Not applicable,Not applicable,5506608
2020,3,Pennsylvania,Total Quarterly Wages,80455099258,80485731484,80481214138,Not applicable,Not applicable,80481214138
2020,3,Rhode Island,Quarterly Establishments,40100,40131,40094,Not applicable,Not applicable,40094
2020,3,Rhode Island,July Employment,433705,433802,433689,Not applicable,Not applicable,433689
2020,3,Rhode Island,August Employment,443181,443358,443299,Not applicable,Not applicable,443299
2020,3,Rhode Island,September Employment,452519,452535,452494,Not applicable,Not applicable,452494
2020,3,Rhode Island,Total Quarterly Wages,6291736253,6292358324,6292150626,Not applicable,Not applicable,6292150626
2020,3,South Carolina,Quarterly Establishments,146624,146934,146959,Not applicable,Not applicable,146959
2020,3,South Carolina,July Employment,1987506,1987276,1987693,Not applicable,Not applicable,1987693
2020,3,South Carolina,August Employment,2019662,2021227,2021745,Not applicable,Not applicable,2021745
2020,3,South Carolina,September Employment,2022853,2029797,2029791,Not applicable,Not applicable,2029791
2020,3,South Carolina,Total Quarterly Wages,24147192909,24169355906,24175664922,Not applicable,Not applicable,24175664922
2020,3,South Dakota,Quarterly Establishments,35158,35159,35165,Not applicable,Not applicable,35165
2020,3,South Dakota,July Employment,418576,418688,418686,Not applicable,Not applicable,418686
2020,3,South Dakota,August Employment,422610,422759,422767,Not applicable,Not applicable,422767
2020,3,South Dakota,September Employment,422264,422445,422450,Not applicable,Not applicable,422450
2020,3,South Dakota,Total Quarterly Wages,5025961977,5029459151,5029378770,Not applicable,Not applicable,5029378770
2020,3,Tennessee,Quarterly Establishments,173647,173556,173405,Not applicable,Not applicable,173405
2020,3,Tennessee,July Employment,2826853,2827883,2830001,Not applicable,Not applicable,2830001
2020,3,Tennessee,August Employment,2887046,2887772,2888801,Not applicable,Not applicable,2888801
2020,3,Tennessee,September Employment,2918055,2918316,2920065,Not applicable,Not applicable,2920065
2020,3,Tennessee,Total Quarterly Wages,38231007447,38246791437,38253945428,Not applicable,Not applicable,38253945428
2020,3,Texas,Quarterly Establishments,733111,739441,739336,Not applicable,Not applicable,739336
2020,3,Texas,July Employment,11750340,11763401,11762564,Not applicable,Not applicable,11762564
2020,3,Texas,August Employment,11858571,11871266,11869327,Not applicable,Not applicable,11869327
2020,3,Texas,September Employment,11926833,11941703,11939296,Not applicable,Not applicable,11939296
2020,3,Texas,Total Quarterly Wages,177077704190,177233404235,177206389546,Not applicable,Not applicable,177206389546
2020,3,Utah,Quarterly Establishments,114299,114150,114135,Not applicable,Not applicable,114135
2020,3,Utah,July Employment,1483164,1483365,1483333,Not applicable,Not applicable,1483333
2020,3,Utah,August Employment,1505256,1505222,1505135,Not applicable,Not applicable,1505135
2020,3,Utah,September Employment,1518195,1518173,1518136,Not applicable,Not applicable,1518136
2020,3,Utah,Total Quarterly Wages,19824371080,19825396897,19825383109,Not applicable,Not applicable,19825383109
2020,3,Vermont,Quarterly Establishments,26375,26447,26429,Not applicable,Not applicable,26429
2020,3,Vermont,July Employment,273655,275029,274998,Not applicable,Not applicable,274998
2020,3,Vermont,August Employment,279736,280905,280954,Not applicable,Not applicable,280954
2020,3,Vermont,September Employment,283949,285740,285831,Not applicable,Not applicable,285831
2020,3,Vermont,Total Quarterly Wages,3630805720,3637412377,3637361264,Not applicable,Not applicable,3637361264
2020,3,Virginia,Quarterly Establishments,285723,284551,284444,Not applicable,Not applicable,284444
2020,3,Virginia,July Employment,3663448,3663274,3660460,Not applicable,Not applicable,3660460
2020,3,Virginia,August Employment,3716671,3717273,3714013,Not applicable,Not applicable,3714013
2020,3,Virginia,September Employment,3736964,3736783,3735710,Not applicable,Not applicable,3735710
2020,3,Virginia,Total Quarterly Wages,57847566827,57778651634,57760462245,Not applicable,Not applicable,57760462245
2020,3,Washington,Quarterly Establishments,256631,259040,258854,Not applicable,Not applicable,258854
2020,3,Washington,July Employment,3239156,3243974,3242708,Not applicable,Not applicable,3242708
2020,3,Washington,August Employment,3248837,3253903,3252424,Not applicable,Not applicable,3252424
2020,3,Washington,September Employment,3266168,3271489,3270281,Not applicable,Not applicable,3270281
2020,3,Washington,Total Quarterly Wages,62661664510,62629926681,62633593751,Not applicable,Not applicable,62633593751
2020,3,West Virginia,Quarterly Establishments,51742,51456,51477,Not applicable,Not applicable,51477
2020,3,West Virginia,July Employment,612692,612747,613156,Not applicable,Not applicable,613156
2020,3,West Virginia,August Employment,623912,624281,624548,Not applicable,Not applicable,624548
2020,3,West Virginia,September Employment,649094,645758,646838,Not applicable,Not applicable,646838
2020,3,West Virginia,Total Quarterly Wages,7459257876,7452485147,7462575959,Not applicable,Not applicable,7462575959
2020,3,Wisconsin,Quarterly Establishments,181201,181822,179311,Not applicable,Not applicable,179311
2020,3,Wisconsin,July Employment,2695032,2696881,2696898,Not applicable,Not applicable,2696898
2020,3,Wisconsin,August Employment,2732992,2735202,2735231,Not applicable,Not applicable,2735231
2020,3,Wisconsin,September Employment,2746631,2751484,2751746,Not applicable,Not applicable,2751746
2020,3,Wisconsin,Total Quarterly Wages,34596263698,34614971183,34615338336,Not applicable,Not applicable,34615338336
2020,3,Wyoming,Quarterly Establishments,27510,27413,27398,Not applicable,Not applicable,27398
2020,3,Wyoming,July Employment,259321,259611,259636,Not applicable,Not applicable,259636
2020,3,Wyoming,August Employment,262848,263202,263239,Not applicable,Not applicable,263239
2020,3,Wyoming,September Employment,264013,264389,264427,Not applicable,Not applicable,264427
2020,3,Wyoming,Total Quarterly Wages,3199163915,3201690185,3201904825,Not applicable,Not applicable,3201904825
2020,3,Puerto Rico,Quarterly Establishments,45741,45907,45977,Not applicable,Not applicable,45977
2020,3,Puerto Rico,July Employment,805079,806198,806835,Not applicable,Not applicable,806835
2020,3,Puerto Rico,August Employment,815131,816221,816980,Not applicable,Not applicable,816980
2020,3,Puerto Rico,September Employment,831563,832897,833531,Not applicable,Not applicable,833531
2020,3,Puerto Rico,Total Quarterly Wages,5815540869,5813660824,5811328283,Not applicable,Not applicable,5811328283
2020,3,Virgin Islands,Quarterly Establishments,3435,3647,3590,Not applicable,Not applicable,3590
2020,3,Virgin Islands,July Employment,36083,36201,36087,Not applicable,Not applicable,36087
2020,3,Virgin Islands,August Employment,35000,35107,34973,Not applicable,Not applicable,34973
2020,3,Virgin Islands,September Employment,33862,34018,33869,Not applicable,Not applicable,33869
2020,3,Virgin Islands,Total Quarterly Wages,463345829,459436257,459863570,Not applicable,Not applicable,459863570
2020,4,United States,Quarterly Establishments,10675800,10697552,Not applicable,Not applicable,Not applicable,10697552
2020,4,United States,October Employment,140747421,140824498,Not applicable,Not applicable,Not applicable,140824498
2020,4,United States,November Employment,141298913,141390186,Not applicable,Not applicable,Not applicable,141390186
2020,4,United States,December Employment,140881253,141000256,Not applicable,Not applicable,Not applicable,141000256
2020,4,United States,Total Quarterly Wages,2453930738171,2455746836976,Not applicable,Not applicable,Not applicable,2455746836976
2020,4,Alabama,Quarterly Establishments,134618,135331,Not applicable,Not applicable,Not applicable,135331
2020,4,Alabama,October Employment,1936781,1931745,Not applicable,Not applicable,Not applicable,1931745
2020,4,Alabama,November Employment,1947276,1943477,Not applicable,Not applicable,Not applicable,1943477
2020,4,Alabama,December Employment,1951153,1947237,Not applicable,Not applicable,Not applicable,1947237
2020,4,Alabama,Total Quarterly Wages,27703358192,27738838778,Not applicable,Not applicable,Not applicable,27738838778
2020,4,Alaska,Quarterly Establishments,23148,23073,Not applicable,Not applicable,Not applicable,23073
2020,4,Alaska,October Employment,299253,299440,Not applicable,Not applicable,Not applicable,299440
2020,4,Alaska,November Employment,292616,292777,Not applicable,Not applicable,Not applicable,292777
2020,4,Alaska,December Employment,290134,290456,Not applicable,Not applicable,Not applicable,290456
2020,4,Alaska,Total Quarterly Wages,4815187952,4817071295,Not applicable,Not applicable,Not applicable,4817071295
2020,4,Arizona,Quarterly Establishments,173899,174045,Not applicable,Not applicable,Not applicable,174045
2020,4,Arizona,October Employment,2861802,2861631,Not applicable,Not applicable,Not applicable,2861631
2020,4,Arizona,November Employment,2899759,2900073,Not applicable,Not applicable,Not applicable,2900073
2020,4,Arizona,December Employment,2908650,2909118,Not applicable,Not applicable,Not applicable,2909118
2020,4,Arizona,Total Quarterly Wages,45620301914,45620899414,Not applicable,Not applicable,Not applicable,45620899414
2020,4,Arkansas,Quarterly Establishments,94570,94517,Not applicable,Not applicable,Not applicable,94517
2020,4,Arkansas,October Employment,1192090,1192311,Not applicable,Not applicable,Not applicable,1192311
2020,4,Arkansas,November Employment,1197997,1198461,Not applicable,Not applicable,Not applicable,1198461
2020,4,Arkansas,December Employment,1194829,1195555,Not applicable,Not applicable,Not applicable,1195555
2020,4,Arkansas,Total Quarterly Wages,15524971129,15548443759,Not applicable,Not applicable,Not applicable,15548443759
2020,4,California,Quarterly Establishments,1660193,1650709,Not applicable,Not applicable,Not applicable,1650709
2020,4,California,October Employment,16468206,16479836,Not applicable,Not applicable,Not applicable,16479836
2020,4,California,November Employment,16580433,16595570,Not applicable,Not applicable,Not applicable,16595570
2020,4,California,December Employment,16380064,16401290,Not applicable,Not applicable,Not applicable,16401290
2020,4,California,Total Quarterly Wages,369248417063,369257347563,Not applicable,Not applicable,Not applicable,369257347563
2020,4,Colorado,Quarterly Establishments,219550,220683,Not applicable,Not applicable,Not applicable,220683
2020,4,Colorado,October Employment,2625618,2628480,Not applicable,Not applicable,Not applicable,2628480
2020,4,Colorado,November Employment,2624965,2627246,Not applicable,Not applicable,Not applicable,2627246
2020,4,Colorado,December Employment,2613665,2615090,Not applicable,Not applicable,Not applicable,2615090
2020,4,Colorado,Total Quarterly Wages,46946890542,46965099530,Not applicable,Not applicable,Not applicable,46965099530
2020,4,Connecticut,Quarterly Establishments,126787,126831,Not applicable,Not applicable,Not applicable,126831
2020,4,Connecticut,October Employment,1579511,1580041,Not applicable,Not applicable,Not applicable,1580041
2020,4,Connecticut,November Employment,1583196,1583928,Not applicable,Not applicable,Not applicable,1583928
2020,4,Connecticut,December Employment,1578407,1578736,Not applicable,Not applicable,Not applicable,1578736
2020,4,Connecticut,Total Quarterly Wages,31866967725,31845793055,Not applicable,Not applicable,Not applicable,31845793055
2020,4,Delaware,Quarterly Establishments,35078,35579,Not applicable,Not applicable,Not applicable,35579
2020,4,Delaware,October Employment,433521,433201,Not applicable,Not applicable,Not applicable,433201
2020,4,Delaware,November Employment,434641,434276,Not applicable,Not applicable,Not applicable,434276
2020,4,Delaware,December Employment,432887,432681,Not applicable,Not applicable,Not applicable,432681
2020,4,Delaware,Total Quarterly Wages,7113942050,7109317567,Not applicable,Not applicable,Not applicable,7109317567
2020,4,District of Columbia,Quarterly Establishments,43770,43701,Not applicable,Not applicable,Not applicable,43701
2020,4,District of Columbia,October Employment,716713,717026,Not applicable,Not applicable,Not applicable,717026
2020,4,District of Columbia,November Employment,716319,716408,Not applicable,Not applicable,Not applicable,716408
2020,4,District of Columbia,December Employment,712961,713334,Not applicable,Not applicable,Not applicable,713334
2020,4,District of Columbia,Total Quarterly Wages,21323771967,21359493767,Not applicable,Not applicable,Not applicable,21359493767
2020,4,Florida,Quarterly Establishments,765397,762810,Not applicable,Not applicable,Not applicable,762810
2020,4,Florida,October Employment,8498051,8511345,Not applicable,Not applicable,Not applicable,8511345
2020,4,Florida,November Employment,8598617,8613995,Not applicable,Not applicable,Not applicable,8613995
2020,4,Florida,December Employment,8642807,8664195,Not applicable,Not applicable,Not applicable,8664195
2020,4,Florida,Total Quarterly Wages,131589489070,132041952411,Not applicable,Not applicable,Not applicable,132041952411
2020,4,Georgia,Quarterly Establishments,319719,319110,Not applicable,Not applicable,Not applicable,319110
2020,4,Georgia,October Employment,4349197,4350692,Not applicable,Not applicable,Not applicable,4350692
2020,4,Georgia,November Employment,4388770,4390634,Not applicable,Not applicable,Not applicable,4390634
2020,4,Georgia,December Employment,4405924,4407429,Not applicable,Not applicable,Not applicable,4407429
2020,4,Georgia,Total Quarterly Wages,68791006186,68784141130,Not applicable,Not applicable,Not applicable,68784141130
2020,4,Hawaii,Quarterly Establishments,47282,47142,Not applicable,Not applicable,Not applicable,47142
2020,4,Hawaii,October Employment,530663,531288,Not applicable,Not applicable,Not applicable,531288
2020,4,Hawaii,November Employment,547486,548168,Not applicable,Not applicable,Not applicable,548168
2020,4,Hawaii,December Employment,561119,561868,Not applicable,Not applicable,Not applicable,561868
2020,4,Hawaii,Total Quarterly Wages,8656198904,8667736331,Not applicable,Not applicable,Not applicable,8667736331
2020,4,Idaho,Quarterly Establishments,71824,72664,Not applicable,Not applicable,Not applicable,72664
2020,4,Idaho,October Employment,769505,769596,Not applicable,Not applicable,Not applicable,769596
2020,4,Idaho,November Employment,763379,763549,Not applicable,Not applicable,Not applicable,763549
2020,4,Idaho,December Employment,763461,763712,Not applicable,Not applicable,Not applicable,763712
2020,4,Idaho,Total Quarterly Wages,10290236783,10290988806,Not applicable,Not applicable,Not applicable,10290988806
2020,4,Illinois,Quarterly Establishments,386250,381939,Not applicable,Not applicable,Not applicable,381939
2020,4,Illinois,October Employment,5628271,5631366,Not applicable,Not applicable,Not applicable,5631366
2020,4,Illinois,November Employment,5595185,5597783,Not applicable,Not applicable,Not applicable,5597783
2020,4,Illinois,December Employment,5573816,5576198,Not applicable,Not applicable,Not applicable,5576198
2020,4,Illinois,Total Quarterly Wages,100330069342,100344549045,Not applicable,Not applicable,Not applicable,100344549045
2020,4,Indiana,Quarterly Establishments,173070,171855,Not applicable,Not applicable,Not applicable,171855
2020,4,Indiana,October Employment,2974416,2977733,Not applicable,Not applicable,Not applicable,2977733
2020,4,Indiana,November Employment,2984626,2987682,Not applicable,Not applicable,Not applicable,2987682
2020,4,Indiana,December Employment,2985115,2987235,Not applicable,Not applicable,Not applicable,2987235
2020,4,Indiana,Total Quarterly Wages,41717001806,41824829253,Not applicable,Not applicable,Not applicable,41824829253
2020,4,Iowa,Quarterly Establishments,105562,105450,Not applicable,Not applicable,Not applicable,105450
2020,4,Iowa,October Employment,1496461,1496219,Not applicable,Not applicable,Not applicable,1496219
2020,4,Iowa,November Employment,1492698,1492549,Not applicable,Not applicable,Not applicable,1492549
2020,4,Iowa,December Employment,1494334,1494313,Not applicable,Not applicable,Not applicable,1494313
2020,4,Iowa,Total Quarterly Wages,21348814550,21355572211,Not applicable,Not applicable,Not applicable,21355572211
2020,4,Kansas,Quarterly Establishments,89890,89447,Not applicable,Not applicable,Not applicable,89447
2020,4,Kansas,October Employment,1343072,1344099,Not applicable,Not applicable,Not applicable,1344099
2020,4,Kansas,November Employment,1344766,1345742,Not applicable,Not applicable,Not applicable,1345742
2020,4,Kansas,December Employment,1346890,1348257,Not applicable,Not applicable,Not applicable,1348257
2020,4,Kansas,Total Quarterly Wages,18702598650,18715525614,Not applicable,Not applicable,Not applicable,18715525614
2020,4,Kentucky,Quarterly Establishments,130395,130687,Not applicable,Not applicable,Not applicable,130687
2020,4,Kentucky,October Employment,1830712,1828940,Not applicable,Not applicable,Not applicable,1828940
2020,4,Kentucky,November Employment,1843564,1842911,Not applicable,Not applicable,Not applicable,1842911
2020,4,Kentucky,December Employment,1839565,1837253,Not applicable,Not applicable,Not applicable,1837253
2020,4,Kentucky,Total Quarterly Wages,25248491759,25232166228,Not applicable,Not applicable,Not applicable,25232166228
2020,4,Louisiana,Quarterly Establishments,140837,140744,Not applicable,Not applicable,Not applicable,140744
2020,4,Louisiana,October Employment,1784451,1787331,Not applicable,Not applicable,Not applicable,1787331
2020,4,Louisiana,November Employment,1796791,1800802,Not applicable,Not applicable,Not applicable,1800802
2020,4,Louisiana,December Employment,1796921,1801068,Not applicable,Not applicable,Not applicable,1801068
2020,4,Louisiana,Total Quarterly Wages,25121058819,25150635392,Not applicable,Not applicable,Not applicable,25150635392
2020,4,Maine,Quarterly Establishments,55429,55326,Not applicable,Not applicable,Not applicable,55326
2020,4,Maine,October Employment,601188,601758,Not applicable,Not applicable,Not applicable,601758
2020,4,Maine,November Employment,595511,596183,Not applicable,Not applicable,Not applicable,596183
2020,4,Maine,December Employment,594318,594165,Not applicable,Not applicable,Not applicable,594165
2020,4,Maine,Total Quarterly Wages,8475799901,8486507503,Not applicable,Not applicable,Not applicable,8486507503
2020,4,Maryland,Quarterly Establishments,174476,174854,Not applicable,Not applicable,Not applicable,174854
2020,4,Maryland,October Employment,2534210,2536750,Not applicable,Not applicable,Not applicable,2536750
2020,4,Maryland,November Employment,2543759,2547047,Not applicable,Not applicable,Not applicable,2547047
2020,4,Maryland,December Employment,2546115,2549444,Not applicable,Not applicable,Not applicable,2549444
2020,4,Maryland,Total Quarterly Wages,47751463312,47774219517,Not applicable,Not applicable,Not applicable,47774219517
2020,4,Massachusetts,Quarterly Establishments,266659,268449,Not applicable,Not applicable,Not applicable,268449
2020,4,Massachusetts,October Employment,3373880,3377787,Not applicable,Not applicable,Not applicable,3377787
2020,4,Massachusetts,November Employment,3381340,3386038,Not applicable,Not applicable,Not applicable,3386038
2020,4,Massachusetts,December Employment,3365797,3371689,Not applicable,Not applicable,Not applicable,3371689
2020,4,Massachusetts,Total Quarterly Wages,77437590618,77621972446,Not applicable,Not applicable,Not applicable,77621972446
2020,4,Michigan,Quarterly Establishments,265317,265698,Not applicable,Not applicable,Not applicable,265698
2020,4,Michigan,October Employment,4090270,4091197,Not applicable,Not applicable,Not applicable,4091197
2020,4,Michigan,November Employment,4082145,4083069,Not applicable,Not applicable,Not applicable,4083069
2020,4,Michigan,December Employment,3998223,3999406,Not applicable,Not applicable,Not applicable,3999406
2020,4,Michigan,Total Quarterly Wages,66300766542,66301356607,Not applicable,Not applicable,Not applicable,66301356607
2020,4,Minnesota,Quarterly Establishments,186414,186128,Not applicable,Not applicable,Not applicable,186128
2020,4,Minnesota,October Employment,2757627,2756776,Not applicable,Not applicable,Not applicable,2756776
2020,4,Minnesota,November Employment,2739742,2739204,Not applicable,Not applicable,Not applicable,2739204
2020,4,Minnesota,December Employment,2684097,2683859,Not applicable,Not applicable,Not applicable,2683859
2020,4,Minnesota,Total Quarterly Wages,46881839643,46948858043,Not applicable,Not applicable,Not applicable,46948858043
2020,4,Mississippi,Quarterly Establishments,76115,75825,Not applicable,Not applicable,Not applicable,75825
2020,4,Mississippi,October Employment,1108906,1108966,Not applicable,Not applicable,Not applicable,1108966
2020,4,Mississippi,November Employment,1118894,1119064,Not applicable,Not applicable,Not applicable,1119064
2020,4,Mississippi,December Employment,1119123,1120475,Not applicable,Not applicable,Not applicable,1120475
2020,4,Mississippi,Total Quarterly Wages,13069970970,13078093839,Not applicable,Not applicable,Not applicable,13078093839
2020,4,Missouri,Quarterly Establishments,221492,221394,Not applicable,Not applicable,Not applicable,221394
2020,4,Missouri,October Employment,2721552,2721880,Not applicable,Not applicable,Not applicable,2721880
2020,4,Missouri,November Employment,2726842,2727122,Not applicable,Not applicable,Not applicable,2727122
2020,4,Missouri,December Employment,2724378,2724446,Not applicable,Not applicable,Not applicable,2724446
2020,4,Missouri,Total Quarterly Wages,39896336641,39962869399,Not applicable,Not applicable,Not applicable,39962869399
2020,4,Montana,Quarterly Establishments,54643,55286,Not applicable,Not applicable,Not applicable,55286
2020,4,Montana,October Employment,469316,469393,Not applicable,Not applicable,Not applicable,469393
2020,4,Montana,November Employment,464037,464098,Not applicable,Not applicable,Not applicable,464098
2020,4,Montana,December Employment,467398,467347,Not applicable,Not applicable,Not applicable,467347
2020,4,Montana,Total Quarterly Wages,6283355528,6282995700,Not applicable,Not applicable,Not applicable,6282995700
2020,4,Nebraska,Quarterly Establishments,72469,72356,Not applicable,Not applicable,Not applicable,72356
2020,4,Nebraska,October Employment,958616,960053,Not applicable,Not applicable,Not applicable,960053
2020,4,Nebraska,November Employment,959800,960571,Not applicable,Not applicable,Not applicable,960571
2020,4,Nebraska,December Employment,962733,963618,Not applicable,Not applicable,Not applicable,963618
2020,4,Nebraska,Total Quarterly Wages,13466357263,13477339088,Not applicable,Not applicable,Not applicable,13477339088
2020,4,Nevada,Quarterly Establishments,90203,90276,Not applicable,Not applicable,Not applicable,90276
2020,4,Nevada,October Employment,1281944,1283462,Not applicable,Not applicable,Not applicable,1283462
2020,4,Nevada,November Employment,1288123,1289303,Not applicable,Not applicable,Not applicable,1289303
2020,4,Nevada,December Employment,1283102,1284693,Not applicable,Not applicable,Not applicable,1284693
2020,4,Nevada,Total Quarterly Wages,19660872687,19691989962,Not applicable,Not applicable,Not applicable,19691989962
2020,4,New Hampshire,Quarterly Establishments,57078,56861,Not applicable,Not applicable,Not applicable,56861
2020,4,New Hampshire,October Employment,636273,636462,Not applicable,Not applicable,Not applicable,636462
2020,4,New Hampshire,November Employment,636171,636337,Not applicable,Not applicable,Not applicable,636337
2020,4,New Hampshire,December Employment,637297,637479,Not applicable,Not applicable,Not applicable,637479
2020,4,New Hampshire,Total Quarterly Wages,11637283902,11647462395,Not applicable,Not applicable,Not applicable,11647462395
2020,4,New Jersey,Quarterly Establishments,291009,291874,Not applicable,Not applicable,Not applicable,291874
2020,4,New Jersey,October Employment,3836233,3838935,Not applicable,Not applicable,Not applicable,3838935
2020,4,New Jersey,November Employment,3850920,3853352,Not applicable,Not applicable,Not applicable,3853352
2020,4,New Jersey,December Employment,3860482,3862320,Not applicable,Not applicable,Not applicable,3862320
2020,4,New Jersey,Total Quarterly Wages,75929897712,75989662791,Not applicable,Not applicable,Not applicable,75989662791
2020,4,New Mexico,Quarterly Establishments,64751,65081,Not applicable,Not applicable,Not applicable,65081
2020,4,New Mexico,October Employment,781664,783430,Not applicable,Not applicable,Not applicable,783430
2020,4,New Mexico,November Employment,779217,781095,Not applicable,Not applicable,Not applicable,781095
2020,4,New Mexico,December Employment,767120,769112,Not applicable,Not applicable,Not applicable,769112
2020,4,New Mexico,Total Quarterly Wages,10611130614,10627599041,Not applicable,Not applicable,Not applicable,10627599041
2020,4,New York,Quarterly Establishments,662435,661027,Not applicable,Not applicable,Not applicable,661027
2020,4,New York,October Employment,8708046,8705470,Not applicable,Not applicable,Not applicable,8705470
2020,4,New York,November Employment,8738893,8737315,Not applicable,Not applicable,Not applicable,8737315
2020,4,New York,December Employment,8693446,8694181,Not applicable,Not applicable,Not applicable,8694181
2020,4,New York,Total Quarterly Wages,193920056558,193940695011,Not applicable,Not applicable,Not applicable,193940695011
2020,4,North Carolina,Quarterly Establishments,301661,302889,Not applicable,Not applicable,Not applicable,302889
2020,4,North Carolina,October Employment,4397700,4403237,Not applicable,Not applicable,Not applicable,4403237
2020,4,North Carolina,November Employment,4423720,4430116,Not applicable,Not applicable,Not applicable,4430116
2020,4,North Carolina,December Employment,4430986,4437319,Not applicable,Not applicable,Not applicable,4437319
2020,4,North Carolina,Total Quarterly Wages,66139695693,66205187720,Not applicable,Not applicable,Not applicable,66205187720
2020,4,North Dakota,Quarterly Establishments,32617,32515,Not applicable,Not applicable,Not applicable,32515
2020,4,North Dakota,October Employment,401492,401477,Not applicable,Not applicable,Not applicable,401477
2020,4,North Dakota,November Employment,395056,395036,Not applicable,Not applicable,Not applicable,395036
2020,4,North Dakota,December Employment,394376,394348,Not applicable,Not applicable,Not applicable,394348
2020,4,North Dakota,Total Quarterly Wages,5862178480,5862008376,Not applicable,Not applicable,Not applicable,5862008376
2020,4,Ohio,Quarterly Establishments,307340,307685,Not applicable,Not applicable,Not applicable,307685
2020,4,Ohio,October Employment,5200598,5201458,Not applicable,Not applicable,Not applicable,5201458
2020,4,Ohio,November Employment,5213418,5214151,Not applicable,Not applicable,Not applicable,5214151
2020,4,Ohio,December Employment,5199861,5201380,Not applicable,Not applicable,Not applicable,5201380
2020,4,Ohio,Total Quarterly Wages,78533411779,78548548010,Not applicable,Not applicable,Not applicable,78548548010
2020,4,Oklahoma,Quarterly Establishments,113637,113917,Not applicable,Not applicable,Not applicable,113917
2020,4,Oklahoma,October Employment,1561408,1562732,Not applicable,Not applicable,Not applicable,1562732
2020,4,Oklahoma,November Employment,1568024,1570448,Not applicable,Not applicable,Not applicable,1570448
2020,4,Oklahoma,December Employment,1569143,1571638,Not applicable,Not applicable,Not applicable,1571638
2020,4,Oklahoma,Total Quarterly Wages,20619676831,20583131848,Not applicable,Not applicable,Not applicable,20583131848
2020,4,Oregon,Quarterly Establishments,167295,166515,Not applicable,Not applicable,Not applicable,166515
2020,4,Oregon,October Employment,1855678,1857177,Not applicable,Not applicable,Not applicable,1857177
2020,4,Oregon,November Employment,1851682,1853419,Not applicable,Not applicable,Not applicable,1853419
2020,4,Oregon,December Employment,1824327,1826759,Not applicable,Not applicable,Not applicable,1826759
2020,4,Oregon,Total Quarterly Wages,30099308942,30137566619,Not applicable,Not applicable,Not applicable,30137566619
2020,4,Pennsylvania,Quarterly Establishments,370515,363410,Not applicable,Not applicable,Not applicable,363410
2020,4,Pennsylvania,October Employment,5570041,5572429,Not applicable,Not applicable,Not applicable,5572429
2020,4,Pennsylvania,November Employment,5588292,5589048,Not applicable,Not applicable,Not applicable,5589048
2020,4,Pennsylvania,December Employment,5549371,5555386,Not applicable,Not applicable,Not applicable,5555386
2020,4,Pennsylvania,Total Quarterly Wages,93153356789,93195818326,Not applicable,Not applicable,Not applicable,93195818326
2020,4,Rhode Island,Quarterly Establishments,40731,40807,Not applicable,Not applicable,Not applicable,40807
2020,4,Rhode Island,October Employment,457951,458070,Not applicable,Not applicable,Not applicable,458070
2020,4,Rhode Island,November Employment,457230,457430,Not applicable,Not applicable,Not applicable,457430
2020,4,Rhode Island,December Employment,449586,449867,Not applicable,Not applicable,Not applicable,449867
2020,4,Rhode Island,Total Quarterly Wages,7445589616,7449444239,Not applicable,Not applicable,Not applicable,7449444239
2020,4,South Carolina,Quarterly Establishments,149185,149210,Not applicable,Not applicable,Not applicable,149210
2020,4,South Carolina,October Employment,2056429,2057834,Not applicable,Not applicable,Not applicable,2057834
2020,4,South Carolina,November Employment,2070585,2072079,Not applicable,Not applicable,Not applicable,2072079
2020,4,South Carolina,December Employment,2074422,2075815,Not applicable,Not applicable,Not applicable,2075815
2020,4,South Carolina,Total Quarterly Wages,27815033565,27832031259,Not applicable,Not applicable,Not applicable,27832031259
2020,4,South Dakota,Quarterly Establishments,35490,35498,Not applicable,Not applicable,Not applicable,35498
2020,4,South Dakota,October Employment,425280,426029,Not applicable,Not applicable,Not applicable,426029
2020,4,South Dakota,November Employment,422144,422988,Not applicable,Not applicable,Not applicable,422988
2020,4,South Dakota,December Employment,422761,423930,Not applicable,Not applicable,Not applicable,423930
2020,4,South Dakota,Total Quarterly Wages,5767038124,5782179501,Not applicable,Not applicable,Not applicable,5782179501
2020,4,Tennessee,Quarterly Establishments,176151,175933,Not applicable,Not applicable,Not applicable,175933
2020,4,Tennessee,October Employment,2962078,2963755,Not applicable,Not applicable,Not applicable,2963755
2020,4,Tennessee,November Employment,2993822,2996141,Not applicable,Not applicable,Not applicable,2996141
2020,4,Tennessee,December Employment,3002549,3005864,Not applicable,Not applicable,Not applicable,3005864
2020,4,Tennessee,Total Quarterly Wages,45503746490,45538676854,Not applicable,Not applicable,Not applicable,45538676854
2020,4,Texas,Quarterly Establishments,743056,746748,Not applicable,Not applicable,Not applicable,746748
2020,4,Texas,October Employment,12120687,12127152,Not applicable,Not applicable,Not applicable,12127152
2020,4,Texas,November Employment,12221409,12230482,Not applicable,Not applicable,Not applicable,12230482
2020,4,Texas,December Employment,12251110,12264651,Not applicable,Not applicable,Not applicable,12264651
2020,4,Texas,Total Quarterly Wages,205196396759,205378874084,Not applicable,Not applicable,Not applicable,205378874084
2020,4,Utah,Quarterly Establishments,117931,117565,Not applicable,Not applicable,Not applicable,117565
2020,4,Utah,October Employment,1544721,1545876,Not applicable,Not applicable,Not applicable,1545876
2020,4,Utah,November Employment,1549865,1549955,Not applicable,Not applicable,Not applicable,1549955
2020,4,Utah,December Employment,1557772,1557825,Not applicable,Not applicable,Not applicable,1557825
2020,4,Utah,Total Quarterly Wages,23266821106,23370288007,Not applicable,Not applicable,Not applicable,23370288007
2020,4,Vermont,Quarterly Establishments,26576,26668,Not applicable,Not applicable,Not applicable,26668
2020,4,Vermont,October Employment,289449,289760,Not applicable,Not applicable,Not applicable,289760
2020,4,Vermont,November Employment,286677,287053,Not applicable,Not applicable,Not applicable,287053
2020,4,Vermont,December Employment,286056,286402,Not applicable,Not applicable,Not applicable,286402
2020,4,Vermont,Total Quarterly Wages,4231961750,4239588500,Not applicable,Not applicable,Not applicable,4239588500
2020,4,Virginia,Quarterly Establishments,289782,286477,Not applicable,Not applicable,Not applicable,286477
2020,4,Virginia,October Employment,3776065,3779536,Not applicable,Not applicable,Not applicable,3779536
2020,4,Virginia,November Employment,3795775,3799121,Not applicable,Not applicable,Not applicable,3799121
2020,4,Virginia,December Employment,3796069,3799983,Not applicable,Not applicable,Not applicable,3799983
2020,4,Virginia,Total Quarterly Wages,66976457528,67010357972,Not applicable,Not applicable,Not applicable,67010357972
2020,4,Washington,Quarterly Establishments,259740,303598,Not applicable,Not applicable,Not applicable,303598
2020,4,Washington,October Employment,3262498,3264529,Not applicable,Not applicable,Not applicable,3264529
2020,4,Washington,November Employment,3248752,3250556,Not applicable,Not applicable,Not applicable,3250556
2020,4,Washington,December Employment,3219711,3222649,Not applicable,Not applicable,Not applicable,3222649
2020,4,Washington,Total Quarterly Wages,66983088761,67024419591,Not applicable,Not applicable,Not applicable,67024419591
2020,4,West Virginia,Quarterly Establishments,51889,52189,Not applicable,Not applicable,Not applicable,52189
2020,4,West Virginia,October Employment,655610,655309,Not applicable,Not applicable,Not applicable,655309
2020,4,West Virginia,November Employment,656333,656273,Not applicable,Not applicable,Not applicable,656273
2020,4,West Virginia,December Employment,654099,654042,Not applicable,Not applicable,Not applicable,654042
2020,4,West Virginia,Total Quarterly Wages,8491817486,8497119680,Not applicable,Not applicable,Not applicable,8497119680
2020,4,Wisconsin,Quarterly Establishments,184207,181581,Not applicable,Not applicable,Not applicable,181581
2020,4,Wisconsin,October Employment,2769008,2770439,Not applicable,Not applicable,Not applicable,2770439
2020,4,Wisconsin,November Employment,2760430,2762469,Not applicable,Not applicable,Not applicable,2762469
2020,4,Wisconsin,December Employment,2762522,2764888,Not applicable,Not applicable,Not applicable,2764888
2020,4,Wisconsin,Total Quarterly Wages,40977092323,41000473712,Not applicable,Not applicable,Not applicable,41000473712
2020,4,Wyoming,Quarterly Establishments,27668,27595,Not applicable,Not applicable,Not applicable,27595
2020,4,Wyoming,October Employment,262709,263060,Not applicable,Not applicable,Not applicable,263060
2020,4,Wyoming,November Employment,257221,257592,Not applicable,Not applicable,Not applicable,257592
2020,4,Wyoming,December Employment,260201,260251,Not applicable,Not applicable,Not applicable,260251
2020,4,Wyoming,Total Quarterly Wages,3586569855,3589100187,Not applicable,Not applicable,Not applicable,3589100187
2020,4,Puerto Rico,Quarterly Establishments,45997,46793,Not applicable,Not applicable,Not applicable,46793
2020,4,Puerto Rico,October Employment,845007,846018,Not applicable,Not applicable,Not applicable,846018
2020,4,Puerto Rico,November Employment,854004,855496,Not applicable,Not applicable,Not applicable,855496
2020,4,Puerto Rico,December Employment,873797,875526,Not applicable,Not applicable,Not applicable,875526
2020,4,Puerto Rico,Total Quarterly Wages,6924774394,6932508614,Not applicable,Not applicable,Not applicable,6932508614
2020,4,Virgin Islands,Quarterly Establishments,3502,3580,Not applicable,Not applicable,Not applicable,3580
2020,4,Virgin Islands,October Employment,35187,35054,Not applicable,Not applicable,Not applicable,35054
2020,4,Virgin Islands,November Employment,35494,35376,Not applicable,Not applicable,Not applicable,35376
2020,4,Virgin Islands,December Employment,35324,35190,Not applicable,Not applicable,Not applicable,35190
2020,4,Virgin Islands,Total Quarterly Wages,485424185,484357481,Not applicable,Not applicable,Not applicable,484357481
2021,1,United States,Quarterly Establishments,10755389,10706578,10691780,10666426,10655451,10655451
2021,1,United States,January Employment,138375454,138443018,138463882,138427581,138426603,138426603
2021,1,United States,February Employment,139331068,139410178,139425195,139386931,139385792,139385792
2021,1,United States,March Employment,140455819,140606898,140630418,140590554,140589959,140589959
2021,1,United States,Total Quarterly Wages,2336243609868,2335488140804,2335655918722,2335710462690,2335660275287,2335660275287
2021,1,Alabama,Quarterly Establishments,135853,136277,136261,136279,136315,136315
2021,1,Alabama,January Employment,1907668,1912538,1920556,1920700,1920779,1920779
2021,1,Alabama,February Employment,1919945,1925790,1933652,1933811,1933896,1933896
2021,1,Alabama,March Employment,1924268,1933810,1941067,1941245,1941347,1941347
2021,1,Alabama,Total Quarterly Wages,24823428207,24847431907,24893909284,24890327323,24891000558,24891000558
2021,1,Alaska,Quarterly Establishments,23321,23153,23046,22924,22856,22856
2021,1,Alaska,January Employment,287276,287474,287505,287591,287627,287627
2021,1,Alaska,February Employment,292463,292657,292676,292742,292791,292791
2021,1,Alaska,March Employment,295043,295312,295335,295405,295461,295461
2021,1,Alaska,Total Quarterly Wages,4263168390,4261206687,4261928661,4262817919,4263123818,4263123818
2021,1,Arizona,Quarterly Establishments,176522,176357,176877,177008,177194,177194
2021,1,Arizona,January Employment,2861061,2863340,2862767,2865089,2866137,2866137
2021,1,Arizona,February Employment,2885732,2888128,2887701,2890048,2891291,2891291
2021,1,Arizona,March Employment,2894235,2897464,2897157,2900886,2902432,2902432
2021,1,Arizona,Total Quarterly Wages,43050047281,43025567909,43033747250,43052980766,43065932855,43065932855
2021,1,Arkansas,Quarterly Establishments,95327,94928,94924,94848,94819,94819
2021,1,Arkansas,January Employment,1181229,1182148,1182291,1182300,1181173,1181173
2021,1,Arkansas,February Employment,1178868,1180293,1180458,1180468,1179244,1179244
2021,1,Arkansas,March Employment,1194172,1196838,1196931,1196939,1195721,1195721
2021,1,Arkansas,Total Quarterly Wages,14733620244,14729645402,14730948703,14730873787,14730861287,14730861287
2021,1,California,Quarterly Establishments,1651416,1639030,1629433,1628223,1626701,1626701
2021,1,California,January Employment,16068959,16055880,16051138,16014124,16013743,16013743
2021,1,California,February Employment,16401430,16387062,16383074,16343694,16342220,16342220
2021,1,California,March Employment,16507687,16497608,16495033,16450559,16449325,16449325
2021,1,California,Total Quarterly Wages,344560575655,344150870259,344102240249,344085081744,344084022559,344084022559
2021,1,Colorado,Quarterly Establishments,224743,224528,224343,224318,224314,224314
2021,1,Colorado,January Employment,2594475,2593922,2594246,2592918,2592884,2592884
2021,1,Colorado,February Employment,2619014,2617656,2617992,2616777,2616751,2616751
2021,1,Colorado,March Employment,2634650,2634072,2634415,2633373,2633358,2633358
2021,1,Colorado,Total Quarterly Wages,45409146475,45412830983,45428563281,45422005112,45425037838,45425037838
2021,1,Connecticut,Quarterly Establishments,128274,128243,128242,128243,128242,128242
2021,1,Connecticut,January Employment,1537553,1538025,1537671,1537744,1537775,1537775
2021,1,Connecticut,February Employment,1537795,1539734,1539399,1539633,1539664,1539664
2021,1,Connecticut,March Employment,1550546,1551929,1551559,1551852,1551876,1551876
2021,1,Connecticut,Total Quarterly Wages,31573901472,31543468341,31515423905,31515588428,31515769057,31515769057
2021,1,Delaware,Quarterly Establishments,35171,35760,35747,35741,35967,35967
2021,1,Delaware,January Employment,420387,425276,425516,425574,425607,425607
2021,1,Delaware,February Employment,421213,426043,426381,426465,426490,426490
2021,1,Delaware,March Employment,425648,430580,430833,430919,430953,430953
2021,1,Delaware,Total Quarterly Wages,6939991757,7027486193,7028296501,7029309529,7042248952,7042248952
2021,1,District of Columbia,Quarterly Establishments,43959,43709,43615,43346,43246,43246
2021,1,District of Columbia,January Employment,700507,701431,701235,700807,700743,700743
2021,1,District of Columbia,February Employment,704707,705465,705290,704848,704785,704785
2021,1,District of Columbia,March Employment,708079,708784,708609,708151,708088,708088
2021,1,District of Columbia,Total Quarterly Wages,19830966290,19840285092,19836553473,19829597820,19828686488,19828686488
2021,1,Florida,Quarterly Establishments,780786,766901,776449,776224,776188,776188
2021,1,Florida,January Employment,8569019,8556687,8587086,8586406,8585961,8585961
2021,1,Florida,February Employment,8662395,8650067,8671451,8670798,8670350,8670350
2021,1,Florida,March Employment,8701911,8691899,8720586,8720041,8719583,8719583
2021,1,Florida,Total Quarterly Wages,124058590739,123730371274,124129767382,124119427471,124114008770,124114008770
2021,1,Georgia,Quarterly Establishments,329189,327198,327232,325466,324655,324655
2021,1,Georgia,January Employment,4344663,4344913,4344512,4343445,4342664,4342664
2021,1,Georgia,February Employment,4373969,4375058,4375273,4374300,4373472,4373472
2021,1,Georgia,March Employment,4393771,4397005,4397603,4396616,4395750,4395750
2021,1,Georgia,Total Quarterly Wages,68076157721,68025278611,67983064011,67981694410,67975059125,67975059125
2021,1,Hawaii,Quarterly Establishments,47971,47841,47118,47121,46526,46526
2021,1,Hawaii,January Employment,550361,551688,551840,552021,552119,552119
2021,1,Hawaii,February Employment,557466,558967,559119,559347,559457,559457
2021,1,Hawaii,March Employment,564430,566497,566650,566988,567116,567116
2021,1,Hawaii,Total Quarterly Wages,7902858142,7915788357,7917036186,7918878931,7920053423,7920053423
2021,1,Idaho,Quarterly Establishments,74212,74687,74661,74670,74670,74670
2021,1,Idaho,January Employment,751842,752339,752466,752474,752502,752502
2021,1,Idaho,February Employment,760941,761668,761806,761818,761844,761844
2021,1,Idaho,March Employment,768621,769768,769995,770028,770054,770054
2021,1,Idaho,Total Quarterly Wages,8957299529,8958384680,8959512302,8959564260,8959771689,8959771689
2021,1,Illinois,Quarterly Establishments,389950,384688,382001,378975,377194,377194
2021,1,Illinois,January Employment,5453738,5455503,5451798,5451628,5452953,5452953
2021,1,Illinois,February Employment,5498534,5498488,5496184,5495964,5497256,5497256
2021,1,Illinois,March Employment,5559595,5562216,5558513,5558531,5560239,5560239
2021,1,Illinois,Total Quarterly Wages,99215022872,99148665704,99135182965,99125451166,99144480665,99144480665
2021,1,Indiana,Quarterly Establishments,176194,178411,178340,178249,178173,178173
2021,1,Indiana,January Employment,2930619,2931703,2932303,2932197,2932094,2932094
2021,1,Indiana,February Employment,2934951,2936073,2937487,2937365,2937240,2937240
2021,1,Indiana,March Employment,2956354,2958907,2960800,2960945,2960812,2960812
2021,1,Indiana,Total Quarterly Wages,39232998459,39221336625,39222853904,39223632321,39241002288,39241002288
2021,1,Iowa,Quarterly Establishments,105112,105367,105369,105369,105371,105371
2021,1,Iowa,January Employment,1464232,1464966,1464832,1464833,1464833,1464833
2021,1,Iowa,February Employment,1460967,1462128,1461998,1462006,1462006,1462006
2021,1,Iowa,March Employment,1473578,1475444,1475318,1475318,1475318,1475318
2021,1,Iowa,Total Quarterly Wages,19144215581,19149340017,19148500408,19148499598,19148499381,19148499381
2021,1,Kansas,Quarterly Establishments,90409,89052,88926,88263,88227,88227
2021,1,Kansas,January Employment,1324678,1325389,1324242,1325308,1325299,1325299
2021,1,Kansas,February Employment,1320439,1320949,1320030,1321322,1321314,1321314
2021,1,Kansas,March Employment,1335429,1336686,1335711,1336771,1336762,1336762
2021,1,Kansas,Total Quarterly Wages,17009999229,17002957445,16979304961,16980402219,16980145490,16980145490
2021,1,Kentucky,Quarterly Establishments,130713,131261,131239,131246,131259,131259
2021,1,Kentucky,January Employment,1811898,1815410,1813477,1812729,1812547,1812547
2021,1,Kentucky,February Employment,1809112,1813681,1811706,1811915,1811716,1811716
2021,1,Kentucky,March Employment,1835209,1840046,1838181,1837812,1837612,1837612
2021,1,Kentucky,Total Quarterly Wages,22821623888,22838142794,22829095392,22834484913,22832244128,22832244128
2021,1,Louisiana,Quarterly Establishments,141486,141433,140840,140224,140035,140035
2021,1,Louisiana,January Employment,1770192,1773789,1774439,1774841,1777501,1777501
2021,1,Louisiana,February Employment,1774712,1779295,1779845,1779750,1782466,1782466
2021,1,Louisiana,March Employment,1787606,1793653,1794334,1794748,1797262,1797262
2021,1,Louisiana,Total Quarterly Wages,22582448415,22589957726,22596237260,22600338219,22607839941,22607839941
2021,1,Maine,Quarterly Establishments,56171,56173,56266,56302,56313,56313
2021,1,Maine,January Employment,578840,579714,580364,580572,580719,580719
2021,1,Maine,February Employment,581338,582487,583158,583389,583615,583615
2021,1,Maine,March Employment,584998,586561,587258,587498,587695,587695
2021,1,Maine,Total Quarterly Wages,7561028634,7571320809,7580699164,7588540028,7591439292,7591439292
2021,1,Maryland,Quarterly Establishments,174334,175155,174960,174839,174042,174042
2021,1,Maryland,January Employment,2492165,2500951,2496151,2493863,2492403,2492403
2021,1,Maryland,February Employment,2496216,2505344,2501557,2498242,2496893,2496893
2021,1,Maryland,March Employment,2522069,2531913,2528452,2525206,2523818,2523818
2021,1,Maryland,Total Quarterly Wages,45092453192,45088652135,45049309006,45037552908,44993101441,44993101441
2021,1,Massachusetts,Quarterly Establishments,271165,271261,270914,270908,270898,270898
2021,1,Massachusetts,January Employment,3288951,3292477,3293539,3294202,3292693,3292693
2021,1,Massachusetts,February Employment,3309706,3314376,3313961,3314529,3313404,3313404
2021,1,Massachusetts,March Employment,3334946,3341341,3341100,3341712,3340568,3340568
2021,1,Massachusetts,Total Quarterly Wages,74567896788,74404051559,74409868834,74435487161,74411634473,74411634473
2021,1,Michigan,Quarterly Establishments,267549,267964,268150,268328,269462,269462
2021,1,Michigan,January Employment,3931454,3932089,3931091,3929610,3928976,3928976
2021,1,Michigan,February Employment,4001584,4002335,4001256,3999761,3999551,3999551
2021,1,Michigan,March Employment,4026562,4030537,4029584,4028132,4027885,4027885
2021,1,Michigan,Total Quarterly Wages,59851717311,59854311076,59841492098,59821814343,59813646873,59813646873
2021,1,Minnesota,Quarterly Establishments,189680,188995,189182,180103,180154,180154
2021,1,Minnesota,January Employment,2671710,2672333,2673118,2673692,2674018,2674018
2021,1,Minnesota,February Employment,2681191,2682176,2683134,2683717,2684104,2684104
2021,1,Minnesota,March Employment,2695423,2697632,2699032,2699727,2699977,2699977
2021,1,Minnesota,Total Quarterly Wages,44973172448,44956493378,44975009498,44981569035,44945487134,44945487134
2021,1,Mississippi,Quarterly Establishments,75270,75328,75077,74971,74967,74967
2021,1,Mississippi,January Employment,1093630,1095970,1095510,1095579,1095570,1095570
2021,1,Mississippi,February Employment,1091620,1094870,1094387,1094507,1094492,1094492
2021,1,Mississippi,March Employment,1098390,1102239,1101704,1101847,1101840,1101840
2021,1,Mississippi,Total Quarterly Wages,11545585595,11560286675,11558706379,11558246169,11558032394,11558032394
2021,1,Missouri,Quarterly Establishments,221799,219630,218477,216839,216668,216668
2021,1,Missouri,January Employment,2676620,2677404,2677271,2677356,2677232,2677232
2021,1,Missouri,February Employment,2669187,2669801,2669679,2669711,2669574,2669574
2021,1,Missouri,March Employment,2705507,2707075,2706955,2707019,2706875,2706875
2021,1,Missouri,Total Quarterly Wages,36802678822,36792428451,36791470860,36792611612,36791282851,36791282851
2021,1,Montana,Quarterly Establishments,53171,53127,53104,53103,53266,53266
2021,1,Montana,January Employment,457057,457306,457090,457098,457026,457026
2021,1,Montana,February Employment,459690,459953,459694,459683,459596,459596
2021,1,Montana,March Employment,465244,465681,465393,465399,465302,465302
2021,1,Montana,Total Quarterly Wages,5479772041,5484924744,5483393258,5483369193,5482080906,5482080906
2021,1,Nebraska,Quarterly Establishments,73388,73001,72779,72779,72779,72779
2021,1,Nebraska,January Employment,938735,943507,943505,943505,943505,943505
2021,1,Nebraska,February Employment,936945,941847,941838,941838,941838,941838
2021,1,Nebraska,March Employment,944684,950931,950923,950923,950923,950923
2021,1,Nebraska,Total Quarterly Wages,12101301354,12141877753,12141723493,12141723493,12141723493,12141723493
2021,1,Nevada,Quarterly Establishments,92839,91358,90213,89017,89087,89087
2021,1,Nevada,January Employment,1263566,1261136,1260866,1261125,1261265,1261265
2021,1,Nevada,February Employment,1278259,1276218,1275860,1276273,1276401,1276401
2021,1,Nevada,March Employment,1291464,1290857,1290944,1291350,1291552,1291552
2021,1,Nevada,Total Quarterly Wages,17942458095,17862373659,17886294874,17893393344,17895396811,17895396811
2021,1,New Hampshire,Quarterly Establishments,56765,56519,56222,56206,56223,56223
2021,1,New Hampshire,January Employment,627494,627787,628060,628046,628039,628039
2021,1,New Hampshire,February Employment,630281,630579,630683,630672,630665,630665
2021,1,New Hampshire,March Employment,631814,632432,632609,632604,632607,632607
2021,1,New Hampshire,Total Quarterly Wages,10304626526,10338649637,10344683621,10344586350,10343692669,10343692669
2021,1,New Jersey,Quarterly Establishments,296963,294642,291711,288196,285703,285703
2021,1,New Jersey,January Employment,3768934,3765905,3762671,3762079,3761301,3761301
2021,1,New Jersey,February Employment,3783230,3778866,3775077,3774377,3773568,3773568
2021,1,New Jersey,March Employment,3818633,3815010,3811083,3810429,3809521,3809521
2021,1,New Jersey,Total Quarterly Wages,75540653450,75493768533,75456192108,75448968935,75435201033,75435201033
2021,1,New Mexico,Quarterly Establishments,65183,62801,62745,62745,62746,62746
2021,1,New Mexico,January Employment,758212,759965,760120,760224,760332,760332
2021,1,New Mexico,February Employment,766733,768615,768757,768861,768980,768980
2021,1,New Mexico,March Employment,774511,777211,777348,777452,777580,777580
2021,1,New Mexico,Total Quarterly Wages,9542773445,9553469060,9555637311,9556676955,9557199466,9557199466
2021,1,New York,Quarterly Establishments,664577,659512,656103,653233,650992,650992
2021,1,New York,January Employment,8440148,8446262,8444039,8442355,8441725,8441725
2021,1,New York,February Employment,8497131,8502504,8500180,8498831,8498193,8498193
2021,1,New York,March Employment,8587770,8597896,8595509,8593604,8593089,8593089
2021,1,New York,Total Quarterly Wages,206717848601,206738094465,206697904108,206683971754,206670172307,206670172307
2021,1,North Carolina,Quarterly Establishments,302692,304905,304913,304918,304917,304917
2021,1,North Carolina,January Employment,4373666,4375135,4373847,4374020,4374689,4374689
2021,1,North Carolina,February Employment,4397489,4399829,4398503,4398608,4399262,4399262
2021,1,North Carolina,March Employment,4423248,4427576,4426270,4426402,4427062,4427062
2021,1,North Carolina,Total Quarterly Wages,64993306826,64976789082,64955195178,64959231463,64974219175,64974219175
2021,1,North Dakota,Quarterly Establishments,32333,32257,32257,32259,32259,32259
2021,1,North Dakota,January Employment,384311,385745,385741,385741,385741,385741
2021,1,North Dakota,February Employment,385149,386511,386505,386505,386505,386505
2021,1,North Dakota,March Employment,388660,390087,390084,390084,390084,390084
2021,1,North Dakota,Total Quarterly Wages,5204522716,5211591068,5211591068,5211591068,5211591068,5211591068
2021,1,Ohio,Quarterly Establishments,310129,310715,309958,309970,309952,309952
2021,1,Ohio,January Employment,5096813,5099124,5098155,5098316,5098268,5098268
2021,1,Ohio,February Employment,5105009,5107259,5106215,5106329,5106257,5106257
2021,1,Ohio,March Employment,5136826,5140241,5139485,5139444,5139334,5139334
2021,1,Ohio,Total Quarterly Wages,72956196895,72940730879,72926224417,72923163573,72923072996,72923072996
2021,1,Oklahoma,Quarterly Establishments,114375,114095,114105,114100,114103,114103
2021,1,Oklahoma,January Employment,1538523,1542293,1542290,1542309,1542309,1542309
2021,1,Oklahoma,February Employment,1529679,1534815,1534800,1534816,1534816,1534816
2021,1,Oklahoma,March Employment,1549679,1556733,1556746,1556771,1556771,1556771
2021,1,Oklahoma,Total Quarterly Wages,18785264320,18813009695,18812559695,18812554771,18812554771,18812554771
2021,1,Oregon,Quarterly Establishments,169395,167889,167056,167565,167194,167194
2021,1,Oregon,January Employment,1790785,1793694,1794953,1794770,1794545,1794545
2021,1,Oregon,February Employment,1812828,1815139,1816519,1816362,1816124,1816124
2021,1,Oregon,March Employment,1841871,1846888,1848456,1848331,1848175,1848175
2021,1,Oregon,Total Quarterly Wages,27648212180,27711197456,27728066102,27722755786,27719200093,27719200093
2021,1,Pennsylvania,Quarterly Establishments,369725,362871,362840,362837,362837,362837
2021,1,Pennsylvania,January Employment,5457685,5458262,5458183,5458180,5458180,5458180
2021,1,Pennsylvania,February Employment,5477482,5480285,5480200,5480196,5480196,5480196
2021,1,Pennsylvania,March Employment,5531286,5537841,5537752,5537748,5537748,5537748
2021,1,Pennsylvania,Total Quarterly Wages,87453044477,87469293139,87467847221,87467790700,87467790700,87467790700
2021,1,Rhode Island,Quarterly Establishments,41236,41327,41331,41331,41453,41453
2021,1,Rhode Island,January Employment,439866,439934,439871,439871,439874,439874
2021,1,Rhode Island,February Employment,443466,443745,443720,443720,443727,443727
2021,1,Rhode Island,March Employment,447816,448181,448206,448206,448217,448217
2021,1,Rhode Island,Total Quarterly Wages,6751945639,6753381020,6752737962,6752737962,6752618826,6752618826
2021,1,South Carolina,Quarterly Establishments,150076,149962,149977,150006,150006,150006
2021,1,South Carolina,January Employment,2032794,2035606,2036193,2036551,2036557,2036557
2021,1,South Carolina,February Employment,2046767,2049256,2049864,2050250,2050256,2050256
2021,1,South Carolina,March Employment,2056213,2060462,2061102,2062346,2062353,2062353
2021,1,South Carolina,Total Quarterly Wages,25447831870,25472416182,25447650271,25453999020,25454145213,25454145213
2021,1,South Dakota,Quarterly Establishments,35638,35641,35657,35662,35659,35659
2021,1,South Dakota,January Employment,412300,412384,412376,412376,412363,412363
2021,1,South Dakota,February Employment,413056,413196,413191,413191,413177,413177
2021,1,South Dakota,March Employment,417138,417394,417385,417386,417371,417371
2021,1,South Dakota,Total Quarterly Wages,5019241938,5017933899,5017912317,5017912317,5017772527,5017772527
2021,1,Tennessee,Quarterly Establishments,180217,179257,179250,179187,179651,179651
2021,1,Tennessee,January Employment,2935348,2933069,2933033,2933125,2932952,2932952
2021,1,Tennessee,February Employment,2947786,2945782,2945666,2945761,2945569,2945569
2021,1,Tennessee,March Employment,2968669,2967538,2967326,2967466,2967265,2967265
2021,1,Tennessee,Total Quarterly Wages,41301789833,41272441991,41272659582,41270737432,41268773509,41268773509
2021,1,Texas,Quarterly Establishments,750146,754102,754163,754162,754151,754151
2021,1,Texas,January Employment,12070540,12085551,12088105,12086914,12087458,12087458
2021,1,Texas,February Employment,12090002,12106215,12108111,12106802,12107346,12107346
2021,1,Texas,March Employment,12216672,12241284,12243039,12241850,12242391,12242391
2021,1,Texas,Total Quarterly Wages,198714391983,198811021543,198779422204,198775815642,198788593102,198788593102
2021,1,Utah,Quarterly Establishments,117349,116741,116738,116737,116735,116735
2021,1,Utah,January Employment,1527961,1533063,1533058,1533386,1533388,1533388
2021,1,Utah,February Employment,1542475,1547541,1547531,1547878,1547881,1547881
2021,1,Utah,March Employment,1548810,1554924,1554932,1555292,1555296,1555296
2021,1,Utah,Total Quarterly Wages,21320584591,21399964151,21400401997,21404419106,21404510911,21404510911
2021,1,Vermont,Quarterly Establishments,26962,27183,27185,27185,27204,27204
2021,1,Vermont,January Employment,280581,281434,281438,281438,281464,281464
2021,1,Vermont,February Employment,282643,283669,283627,283627,283661,283661
2021,1,Vermont,March Employment,283659,284816,284765,284765,284795,284795
2021,1,Vermont,Total Quarterly Wages,3770951068,3787822642,3785525631,3785525631,3785915851,3785915851
2021,1,Virginia,Quarterly Establishments,291260,288991,289048,289054,289037,289037
2021,1,Virginia,January Employment,3736786,3741239,3740559,3740940,3740830,3740830
2021,1,Virginia,February Employment,3742867,3747738,3748908,3749340,3749217,3749217
2021,1,Virginia,March Employment,3765848,3773944,3773832,3774412,3774285,3774285
2021,1,Virginia,Total Quarterly Wages,62599045814,62589282229,62567970312,62563063338,62561065065,62561065065
2021,1,Washington,Quarterly Establishments,261184,262720,263593,264474,264455,264455
2021,1,Washington,January Employment,3178290,3175756,3177169,3181175,3181135,3181135
2021,1,Washington,February Employment,3208744,3207072,3208151,3212080,3212032,3212032
2021,1,Washington,March Employment,3252026,3251587,3252871,3257467,3257420,3257420
2021,1,Washington,Total Quarterly Wages,64311906326,64214072555,64243831363,64298612809,64298116618,64298116618
2021,1,West Virginia,Quarterly Establishments,52265,52368,52276,52260,52317,52317
2021,1,West Virginia,January Employment,638108,638085,638130,637855,637900,637900
2021,1,West Virginia,February Employment,640671,641035,640989,640888,640913,640913
2021,1,West Virginia,March Employment,648608,649415,649399,649135,649091,649091
2021,1,West Virginia,Total Quarterly Wages,7611150274,7615661056,7614938085,7612392073,7616430461,7616430461
2021,1,Wisconsin,Quarterly Establishments,183107,183535,183139,182748,180601,180601
2021,1,Wisconsin,January Employment,2710014,2713512,2713445,2714426,2715050,2715050
2021,1,Wisconsin,February Employment,2712812,2716884,2716805,2717824,2718431,2718431
2021,1,Wisconsin,March Employment,2730029,2735358,2735355,2736401,2736978,2736978
2021,1,Wisconsin,Total Quarterly Wages,36989603295,37012864363,37006232366,37036311175,37041606318,37041606318
2021,1,Wyoming,Quarterly Establishments,27838,27729,27728,27665,27668,27668
2021,1,Wyoming,January Employment,253210,253905,254021,254153,254155,254155
2021,1,Wyoming,February Employment,254379,255034,255147,255292,255295,255295
2021,1,Wyoming,March Employment,255914,256795,256889,257019,257022,257022
2021,1,Wyoming,Total Quarterly Wages,3154593175,3158949914,3160602261,3162381608,3162418628,3162418628
2021,1,Puerto Rico,Quarterly Establishments,47127,47476,47136,46950,47065,47065
2021,1,Puerto Rico,January Employment,841725,842698,843139,842996,843058,843058
2021,1,Puerto Rico,February Employment,845115,846079,846568,846437,846475,846475
2021,1,Puerto Rico,March Employment,856497,858667,859097,858887,858858,858858
2021,1,Puerto Rico,Total Quarterly Wages,6192498256,6203386672,6208858055,6211605630,6212802750,6212802750
2021,1,Virgin Islands,Quarterly Establishments,3579,3778,3755,3633,3642,3642
2021,1,Virgin Islands,January Employment,34055,34139,34189,34211,34214,34214
2021,1,Virgin Islands,February Employment,34505,34640,34695,34704,34709,34709
2021,1,Virgin Islands,March Employment,34725,34855,34895,34904,34907,34907
2021,1,Virgin Islands,Total Quarterly Wages,430085374,430160566,430860671,442104923,442137907,442137907
2021,2,United States,Quarterly Establishments,10863217,10857152,10826949,10814259,Not applicable,10814259
2021,2,United States,April Employment,142039835,142127280,142091797,142090495,Not applicable,142090495
2021,2,United States,May Employment,143260164,143363437,143331140,143331102,Not applicable,143331102
2021,2,United States,June Employment,144044799,144199481,144184114,144185813,Not applicable,144185813
2021,2,United States,Total Quarterly Wages,2308339308628,2309670638331,2309719159814,2309683260644,Not applicable,2309683260644
2021,2,Alabama,Quarterly Establishments,137847,138096,138144,138214,Not applicable,138214
2021,2,Alabama,April Employment,1936487,1946313,1946568,1946697,Not applicable,1946697
2021,2,Alabama,May Employment,1943482,1954135,1954367,1954571,Not applicable,1954571
2021,2,Alabama,June Employment,1951992,1964338,1964953,1965217,Not applicable,1965217
2021,2,Alabama,Total Quarterly Wages,25533813558,25599127208,25601396487,25602520632,Not applicable,25602520632
2021,2,Alaska,Quarterly Establishments,23676,23573,23443,23368,Not applicable,23368
2021,2,Alaska,April Employment,300095,300102,300185,300252,Not applicable,300252
2021,2,Alaska,May Employment,307076,307159,307217,307311,Not applicable,307311
2021,2,Alaska,June Employment,315497,315636,315713,315800,Not applicable,315800
2021,2,Alaska,Total Quarterly Wages,4723445759,4747949626,4724684492,4725091050,Not applicable,4725091050
2021,2,Arizona,Quarterly Establishments,180186,181159,181334,181542,Not applicable,181542
2021,2,Arizona,April Employment,2900149,2900994,2906016,2906917,Not applicable,2906917
2021,2,Arizona,May Employment,2901059,2901803,2907146,2908173,Not applicable,2908173
2021,2,Arizona,June Employment,2857836,2858398,2865080,2866247,Not applicable,2866247
2021,2,Arizona,Total Quarterly Wages,43302702350,43308366299,43363549558,43371252069,Not applicable,43371252069
2021,2,Arkansas,Quarterly Establishments,96100,95833,95677,95604,Not applicable,95604
2021,2,Arkansas,April Employment,1202355,1203693,1203731,1202630,Not applicable,1202630
2021,2,Arkansas,May Employment,1204998,1207071,1207111,1206023,Not applicable,1206023
2021,2,Arkansas,June Employment,1205262,1207438,1207483,1206325,Not applicable,1206325
2021,2,Arkansas,Total Quarterly Wages,15246719626,15258544538,15258632270,15258614949,Not applicable,15258614949
2021,2,California,Quarterly Establishments,1662879,1652762,1645602,1643383,Not applicable,1643383
2021,2,California,April Employment,16761861,16762319,16716418,16715370,Not applicable,16715370
2021,2,California,May Employment,16959940,16960518,16917549,16917165,Not applicable,16917165
2021,2,California,June Employment,16992090,17001488,16962565,16961970,Not applicable,16961970
2021,2,California,Total Quarterly Wages,346942046115,346925989782,346870385482,346847946461,Not applicable,346847946461
2021,2,Colorado,Quarterly Establishments,228862,228963,228907,228914,Not applicable,228914
2021,2,Colorado,April Employment,2661703,2662001,2661631,2661989,Not applicable,2661989
2021,2,Colorado,May Employment,2677413,2678691,2678304,2678667,Not applicable,2678667
2021,2,Colorado,June Employment,2723895,2725352,2725056,2725400,Not applicable,2725400
2021,2,Colorado,Total Quarterly Wages,44815277335,44821443307,44820646925,44825565018,Not applicable,44825565018
2021,2,Connecticut,Quarterly Establishments,130068,129984,129985,129987,Not applicable,129987
2021,2,Connecticut,April Employment,1567628,1568235,1568423,1568445,Not applicable,1568445
2021,2,Connecticut,May Employment,1592090,1592493,1592710,1592718,Not applicable,1592718
2021,2,Connecticut,June Employment,1604136,1604807,1605180,1605193,Not applicable,1605193
2021,2,Connecticut,Total Quarterly Wages,29134554640,29095994948,29099224641,29099144828,Not applicable,29099144828
2021,2,Delaware,Quarterly Establishments,35059,35806,35785,36074,Not applicable,36074
2021,2,Delaware,April Employment,434059,436120,436399,436271,Not applicable,436271
2021,2,Delaware,May Employment,437521,439794,440104,440090,Not applicable,440090
2021,2,Delaware,June Employment,440067,442576,443965,445171,Not applicable,445171
2021,2,Delaware,Total Quarterly Wages,6619833119,6648852165,6643771259,6643519636,Not applicable,6643519636
2021,2,District of Columbia,Quarterly Establishments,43957,43954,43653,43548,Not applicable,43548
2021,2,District of Columbia,April Employment,714326,714211,713625,713077,Not applicable,713077
2021,2,District of Columbia,May Employment,716297,716174,715566,715016,Not applicable,715016
2021,2,District of Columbia,June Employment,724625,725387,724787,724202,Not applicable,724202
2021,2,District of Columbia,Total Quarterly Wages,19572393152,19574120852,19566027215,19564135841,Not applicable,19564135841
2021,2,Florida,Quarterly Establishments,782543,791498,791368,791285,Not applicable,791285
2021,2,Florida,April Employment,8729403,8766792,8766075,8765015,Not applicable,8765015
2021,2,Florida,May Employment,8760642,8798890,8798189,8796997,Not applicable,8796997
2021,2,Florida,June Employment,8654040,8691587,8692731,8691405,Not applicable,8691405
2021,2,Florida,Total Quarterly Wages,126105150134,126739976797,126727752971,126737227839,Not applicable,126737227839
2021,2,Georgia,Quarterly Establishments,337013,334634,332703,331918,Not applicable,331918
2021,2,Georgia,April Employment,4406877,4408234,4407160,4406276,Not applicable,4406276
2021,2,Georgia,May Employment,4437180,4437939,4436676,4435671,Not applicable,4435671
2021,2,Georgia,June Employment,4453523,4456173,4454267,4452744,Not applicable,4452744
2021,2,Georgia,Total Quarterly Wages,65647108810,65644817370,65630816214,65610006240,Not applicable,65610006240
2021,2,Hawaii,Quarterly Establishments,48734,48176,48150,47436,Not applicable,47436
2021,2,Hawaii,April Employment,577735,578669,579241,579461,Not applicable,579461
2021,2,Hawaii,May Employment,585494,586481,587083,587319,Not applicable,587319
2021,2,Hawaii,June Employment,590457,591684,592312,592595,Not applicable,592595
2021,2,Hawaii,Total Quarterly Wages,8487419692,8499502592,8506345756,8509160256,Not applicable,8509160256
2021,2,Idaho,Quarterly Establishments,76431,77339,77340,77342,Not applicable,77342
2021,2,Idaho,April Employment,780897,781199,781154,781134,Not applicable,781134
2021,2,Idaho,May Employment,788978,789397,789349,789338,Not applicable,789338
2021,2,Idaho,June Employment,801764,802256,802254,802242,Not applicable,802242
2021,2,Idaho,Total Quarterly Wages,9557577379,9561766504,9561790020,9561786825,Not applicable,9561786825
2021,2,Illinois,Quarterly Establishments,394632,389814,385625,383477,Not applicable,383477
2021,2,Illinois,April Employment,5635075,5635079,5634664,5636022,Not applicable,5636022
2021,2,Illinois,May Employment,5679981,5680326,5675026,5676445,Not applicable,5676445
2021,2,Illinois,June Employment,5743507,5745293,5746152,5747982,Not applicable,5747982
2021,2,Illinois,Total Quarterly Wages,93164114990,93168678522,93160916952,93179446414,Not applicable,93179446414
2021,2,Indiana,Quarterly Establishments,178175,179282,179084,179015,Not applicable,179015
2021,2,Indiana,April Employment,2977491,2976568,2976459,2976235,Not applicable,2976235
2021,2,Indiana,May Employment,3004836,3003850,3003572,3003214,Not applicable,3003214
2021,2,Indiana,June Employment,3011822,3012114,3012016,3011741,Not applicable,3011741
2021,2,Indiana,Total Quarterly Wages,39482644827,39458065948,39458377352,39457338774,Not applicable,39457338774
2021,2,Iowa,Quarterly Establishments,106110,106464,106465,106468,Not applicable,106468
2021,2,Iowa,April Employment,1497397,1497729,1497731,1497730,Not applicable,1497730
2021,2,Iowa,May Employment,1512461,1513104,1513105,1513104,Not applicable,1513104
2021,2,Iowa,June Employment,1528025,1529141,1529498,1529497,Not applicable,1529497
2021,2,Iowa,Total Quarterly Wages,19639716302,19653938283,19653937997,19653936077,Not applicable,19653936077
2021,2,Kansas,Quarterly Establishments,90529,90540,89689,89629,Not applicable,89629
2021,2,Kansas,April Employment,1345893,1348432,1349634,1349626,Not applicable,1349626
2021,2,Kansas,May Employment,1355232,1357991,1359095,1359086,Not applicable,1359086
2021,2,Kansas,June Employment,1355958,1359124,1360526,1360517,Not applicable,1360517
2021,2,Kansas,Total Quarterly Wages,17489835057,17513473662,17517700617,17517563516,Not applicable,17517563516
2021,2,Kentucky,Quarterly Establishments,132367,132861,132869,132879,Not applicable,132879
2021,2,Kentucky,April Employment,1843603,1843914,1843852,1843820,Not applicable,1843820
2021,2,Kentucky,May Employment,1857802,1858965,1860064,1860051,Not applicable,1860051
2021,2,Kentucky,June Employment,1851239,1853170,1853490,1853574,Not applicable,1853574
2021,2,Kentucky,Total Quarterly Wages,24034786387,24027533640,24052025106,24053466352,Not applicable,24053466352
2021,2,Louisiana,Quarterly Establishments,142672,142792,142294,142057,Not applicable,142057
2021,2,Louisiana,April Employment,1805667,1807488,1808265,1812368,Not applicable,1812368
2021,2,Louisiana,May Employment,1814301,1816471,1817309,1821712,Not applicable,1821712
2021,2,Louisiana,June Employment,1806574,1809883,1811658,1816061,Not applicable,1816061
2021,2,Louisiana,Total Quarterly Wages,23639070615,23660854526,23654955800,23668018165,Not applicable,23668018165
2021,2,Maine,Quarterly Establishments,57009,57398,57461,57519,Not applicable,57519
2021,2,Maine,April Employment,595048,595962,596295,596586,Not applicable,596586
2021,2,Maine,May Employment,608538,609872,610271,610582,Not applicable,610582
2021,2,Maine,June Employment,623030,624940,625479,625858,Not applicable,625858
2021,2,Maine,Total Quarterly Wages,7958828917,7980343300,7988799409,7992258005,Not applicable,7992258005
2021,2,Maryland,Quarterly Establishments,175607,176767,176548,175615,Not applicable,175615
2021,2,Maryland,April Employment,2561904,2560737,2559770,2557508,Not applicable,2557508
2021,2,Maryland,May Employment,2584032,2584094,2583084,2580317,Not applicable,2580317
2021,2,Maryland,June Employment,2599672,2603811,2603913,2601534,Not applicable,2601534
2021,2,Maryland,Total Quarterly Wages,44280518688,44313268049,44278678259,44214663442,Not applicable,44214663442
2021,2,Massachusetts,Quarterly Establishments,277417,275159,275267,275259,Not applicable,275259
2021,2,Massachusetts,April Employment,3411310,3411804,3412123,3410747,Not applicable,3410747
2021,2,Massachusetts,May Employment,3448056,3449176,3449556,3448785,Not applicable,3448785
2021,2,Massachusetts,June Employment,3497031,3502700,3503093,3501999,Not applicable,3501999
2021,2,Massachusetts,Total Quarterly Wages,71407669400,71448540163,71502925375,71512280818,Not applicable,71512280818
2021,2,Michigan,Quarterly Establishments,270239,270679,271002,272168,Not applicable,272168
2021,2,Michigan,April Employment,4061740,4060883,4059748,4059110,Not applicable,4059110
2021,2,Michigan,May Employment,4124104,4123629,4122513,4121970,Not applicable,4121970
2021,2,Michigan,June Employment,4175563,4175524,4174487,4173989,Not applicable,4173989
2021,2,Michigan,Total Quarterly Wages,61242467418,61216179820,61209264999,61200383410,Not applicable,61200383410
2021,2,Minnesota,Quarterly Establishments,192774,192866,184102,184169,Not applicable,184169
2021,2,Minnesota,April Employment,2743506,2744691,2745659,2745896,Not applicable,2745896
2021,2,Minnesota,May Employment,2787119,2788679,2789840,2790174,Not applicable,2790174
2021,2,Minnesota,June Employment,2814512,2818000,2819520,2819901,Not applicable,2819901
2021,2,Minnesota,Total Quarterly Wages,44834354851,44871307616,44894142696,44896141894,Not applicable,44896141894
2021,2,Mississippi,Quarterly Establishments,75728,75818,75558,75554,Not applicable,75554
2021,2,Mississippi,April Employment,1104755,1105462,1105725,1105716,Not applicable,1105716
2021,2,Mississippi,May Employment,1110464,1111575,1111845,1111823,Not applicable,1111823
2021,2,Mississippi,June Employment,1107140,1109840,1110127,1110110,Not applicable,1110110
2021,2,Mississippi,Total Quarterly Wages,12134645331,12136577073,12137261080,12137053522,Not applicable,12137053522
2021,2,Missouri,Quarterly Establishments,221563,220293,218268,218044,Not applicable,218044
2021,2,Missouri,April Employment,2736949,2737142,2737005,2736829,Not applicable,2736829
2021,2,Missouri,May Employment,2750261,2750380,2750160,2749974,Not applicable,2749974
2021,2,Missouri,June Employment,2759286,2760821,2760595,2760410,Not applicable,2760410
2021,2,Missouri,Total Quarterly Wages,37588412951,37591623489,37591555196,37588929534,Not applicable,37588929534
2021,2,Montana,Quarterly Establishments,55116,55092,55094,55248,Not applicable,55248
2021,2,Montana,April Employment,473872,474111,474156,474057,Not applicable,474057
2021,2,Montana,May Employment,481648,482349,482409,482305,Not applicable,482305
2021,2,Montana,June Employment,490666,491807,491876,491758,Not applicable,491758
2021,2,Montana,Total Quarterly Wages,6010966306,6008915688,6009079218,6007640871,Not applicable,6007640871
2021,2,Nebraska,Quarterly Establishments,74365,74364,74364,74364,Not applicable,74364
2021,2,Nebraska,April Employment,961956,961945,961945,961945,Not applicable,961945
2021,2,Nebraska,May Employment,970482,970327,970327,970327,Not applicable,970327
2021,2,Nebraska,June Employment,976647,976585,976585,976585,Not applicable,976585
2021,2,Nebraska,Total Quarterly Wages,12562918689,12563789482,12563789482,12563789482,Not applicable,12563789482
2021,2,Nevada,Quarterly Establishments,93861,93548,92285,92252,Not applicable,92252
2021,2,Nevada,April Employment,1317938,1318686,1319237,1319360,Not applicable,1319360
2021,2,Nevada,May Employment,1337936,1338686,1339233,1339371,Not applicable,1339371
2021,2,Nevada,June Employment,1353940,1356319,1356904,1357124,Not applicable,1357124
2021,2,Nevada,Total Quarterly Wages,19224679536,19229376304,19235549477,19237338100,Not applicable,19237338100
2021,2,New Hampshire,Quarterly Establishments,58529,58203,57925,57947,Not applicable,57947
2021,2,New Hampshire,April Employment,638016,638288,638545,638537,Not applicable,638537
2021,2,New Hampshire,May Employment,647406,647795,648047,648098,Not applicable,648098
2021,2,New Hampshire,June Employment,657434,658235,658615,658675,Not applicable,658675
2021,2,New Hampshire,Total Quarterly Wages,11323772333,11328435463,11333458434,11333223901,Not applicable,11333223901
2021,2,New Jersey,Quarterly Establishments,300359,297236,293701,291086,Not applicable,291086
2021,2,New Jersey,April Employment,3873141,3870760,3869747,3868798,Not applicable,3868798
2021,2,New Jersey,May Employment,3919381,3917235,3915935,3914856,Not applicable,3914856
2021,2,New Jersey,June Employment,3993778,3991438,3989949,3988840,Not applicable,3988840
2021,2,New Jersey,Total Quarterly Wages,70824594192,70797313561,70780027361,70762723722,Not applicable,70762723722
2021,2,New Mexico,Quarterly Establishments,62967,63445,63445,63446,Not applicable,63446
2021,2,New Mexico,April Employment,785329,786953,787150,787302,Not applicable,787302
2021,2,New Mexico,May Employment,792634,794248,794491,794591,Not applicable,794591
2021,2,New Mexico,June Employment,790593,793245,793460,793615,Not applicable,793615
2021,2,New Mexico,Total Quarterly Wages,10135063857,10149933429,10152296283,10153134090,Not applicable,10153134090
2021,2,New York,Quarterly Establishments,667864,664596,661381,659088,Not applicable,659088
2021,2,New York,April Employment,8709304,8709596,8707313,8707293,Not applicable,8707293
2021,2,New York,May Employment,8790546,8791044,8788626,8788622,Not applicable,8788622
2021,2,New York,June Employment,8885368,8888577,8886255,8886384,Not applicable,8886384
2021,2,New York,Total Quarterly Wages,176102868343,176111037483,176078989289,176078737706,Not applicable,176078737706
2021,2,North Carolina,Quarterly Establishments,311060,311334,311339,311339,Not applicable,311339
2021,2,North Carolina,April Employment,4459183,4459818,4461014,4461212,Not applicable,4461212
2021,2,North Carolina,May Employment,4498476,4499068,4500141,4500283,Not applicable,4500283
2021,2,North Carolina,June Employment,4511338,4512421,4513503,4513754,Not applicable,4513754
2021,2,North Carolina,Total Quarterly Wages,63740581786,63725273990,63726227654,63734632634,Not applicable,63734632634
2021,2,North Dakota,Quarterly Establishments,32627,32718,32720,32720,Not applicable,32720
2021,2,North Dakota,April Employment,395946,396253,396253,396253,Not applicable,396253
2021,2,North Dakota,May Employment,402352,402615,402615,402615,Not applicable,402615
2021,2,North Dakota,June Employment,407352,407667,407667,407667,Not applicable,407667
2021,2,North Dakota,Total Quarterly Wages,5573865316,5577569182,5577569182,5577569182,Not applicable,5577569182
2021,2,Ohio,Quarterly Establishments,312440,313187,313198,313172,Not applicable,313172
2021,2,Ohio,April Employment,5195575,5196682,5196280,5196048,Not applicable,5196048
2021,2,Ohio,May Employment,5244161,5246318,5245659,5245353,Not applicable,5245353
2021,2,Ohio,June Employment,5266695,5270616,5269956,5269608,Not applicable,5269608
2021,2,Ohio,Total Quarterly Wages,72718115680,72773247426,72768551518,72768144988,Not applicable,72768144988
2021,2,Oklahoma,Quarterly Establishments,114583,114986,114984,114987,Not applicable,114987
2021,2,Oklahoma,April Employment,1564181,1565571,1565465,1565465,Not applicable,1565465
2021,2,Oklahoma,May Employment,1569944,1571735,1571653,1571653,Not applicable,1571653
2021,2,Oklahoma,June Employment,1568683,1571326,1571237,1571237,Not applicable,1571237
2021,2,Oklahoma,Total Quarterly Wages,19618598496,19678615655,19671795842,19678495152,Not applicable,19678495152
2021,2,Oregon,Quarterly Establishments,169230,168464,169123,169189,Not applicable,169189
2021,2,Oregon,April Employment,1867765,1870221,1869860,1869883,Not applicable,1869883
2021,2,Oregon,May Employment,1877927,1881224,1880895,1880894,Not applicable,1880894
2021,2,Oregon,June Employment,1899616,1904504,1904310,1904441,Not applicable,1904441
2021,2,Oregon,Total Quarterly Wages,29264249654,29306158995,29299794325,29300841085,Not applicable,29300841085
2021,2,Pennsylvania,Quarterly Establishments,370922,367199,367198,367198,Not applicable,367198
2021,2,Pennsylvania,April Employment,5592855,5594641,5594639,5594639,Not applicable,5594639
2021,2,Pennsylvania,May Employment,5639048,5642232,5642421,5642421,Not applicable,5642421
2021,2,Pennsylvania,June Employment,5674650,5679628,5679795,5679795,Not applicable,5679795
2021,2,Pennsylvania,Total Quarterly Wages,87398521778,87453037178,87453034422,87452926664,Not applicable,87452926664
2021,2,Rhode Island,Quarterly Establishments,42131,42298,42397,42469,Not applicable,42469
2021,2,Rhode Island,April Employment,457480,457651,457734,457723,Not applicable,457723
2021,2,Rhode Island,May Employment,464998,465352,465425,465414,Not applicable,465414
2021,2,Rhode Island,June Employment,472219,472725,472801,472788,Not applicable,472788
2021,2,Rhode Island,Total Quarterly Wages,7061397612,7070680637,7069623149,7069375815,Not applicable,7069375815
2021,2,South Carolina,Quarterly Establishments,150092,150049,150110,150110,Not applicable,150110
2021,2,South Carolina,April Employment,2074803,2075820,2076404,2076497,Not applicable,2076497
2021,2,South Carolina,May Employment,2089610,2089956,2091337,2091428,Not applicable,2091428
2021,2,South Carolina,June Employment,2091872,2093714,2096338,2096429,Not applicable,2096429
2021,2,South Carolina,Total Quarterly Wages,26489618277,26510125443,26523607445,26525089756,Not applicable,26525089756
2021,2,South Dakota,Quarterly Establishments,36263,36283,36286,36284,Not applicable,36284
2021,2,South Dakota,April Employment,425354,425468,425472,425458,Not applicable,425458
2021,2,South Dakota,May Employment,434565,434689,434692,434677,Not applicable,434677
2021,2,South Dakota,June Employment,442310,442642,442646,442632,Not applicable,442632
2021,2,South Dakota,Total Quarterly Wages,5280359131,5281569190,5281608125,5281393554,Not applicable,5281393554
2021,2,Tennessee,Quarterly Establishments,182326,182093,182010,182492,Not applicable,182492
2021,2,Tennessee,April Employment,2977690,2977475,2977515,2977208,Not applicable,2977208
2021,2,Tennessee,May Employment,3000032,3000431,3000572,3000243,Not applicable,3000243
2021,2,Tennessee,June Employment,3012438,3012292,3012250,3011755,Not applicable,3011755
2021,2,Tennessee,Total Quarterly Wages,42631626342,42654021007,42653451673,42647793347,Not applicable,42647793347
2021,2,Texas,Quarterly Establishments,757991,764751,765002,765001,Not applicable,765001
2021,2,Texas,April Employment,12334839,12345885,12345921,12346712,Not applicable,12346712
2021,2,Texas,May Employment,12406039,12418272,12418408,12419424,Not applicable,12419424
2021,2,Texas,June Employment,12466650,12479979,12479819,12481157,Not applicable,12481157
2021,2,Texas,Total Quarterly Wages,195071420295,195211942336,195211826475,195224772859,Not applicable,195224772859
2021,2,Utah,Quarterly Establishments,119914,119822,119822,119820,Not applicable,119820
2021,2,Utah,April Employment,1571317,1570921,1571325,1571292,Not applicable,1571292
2021,2,Utah,May Employment,1579743,1579235,1579592,1579559,Not applicable,1579559
2021,2,Utah,June Employment,1585955,1585496,1585835,1585801,Not applicable,1585801
2021,2,Utah,Total Quarterly Wages,21767190617,21772268833,21778424390,21778311186,Not applicable,21778311186
2021,2,Vermont,Quarterly Establishments,27796,27451,27453,27473,Not applicable,27473
2021,2,Vermont,April Employment,286721,287328,287323,287518,Not applicable,287518
2021,2,Vermont,May Employment,289149,289578,289572,289754,Not applicable,289754
2021,2,Vermont,June Employment,292448,294022,294012,294229,Not applicable,294229
2021,2,Vermont,Total Quarterly Wages,3961868545,3965894649,3965845178,3966703462,Not applicable,3966703462
2021,2,Virginia,Quarterly Establishments,293625,294023,294021,294012,Not applicable,294012
2021,2,Virginia,April Employment,3800629,3801625,3802105,3802007,Not applicable,3802007
2021,2,Virginia,May Employment,3825870,3827453,3827912,3827812,Not applicable,3827812
2021,2,Virginia,June Employment,3854347,3854830,3855519,3855428,Not applicable,3855428
2021,2,Virginia,Total Quarterly Wages,62548223013,62545910084,62541649554,62539822831,Not applicable,62539822831
2021,2,Washington,Quarterly Establishments,263550,265534,269085,269071,Not applicable,269071
2021,2,Washington,April Employment,3291702,3293431,3298328,3298285,Not applicable,3298285
2021,2,Washington,May Employment,3319563,3321939,3330257,3330213,Not applicable,3330213
2021,2,Washington,June Employment,3376721,3380086,3386824,3386771,Not applicable,3386771
2021,2,Washington,Total Quarterly Wages,66958034919,66967943272,67047631855,67046907720,Not applicable,67046907720
2021,2,West Virginia,Quarterly Establishments,52739,52856,52805,52844,Not applicable,52844
2021,2,West Virginia,April Employment,655166,655727,655731,655708,Not applicable,655708
2021,2,West Virginia,May Employment,660093,660998,660779,660862,Not applicable,660862
2021,2,West Virginia,June Employment,663799,664731,664482,664352,Not applicable,664352
2021,2,West Virginia,Total Quarterly Wages,8190016990,8202874534,8202694472,8204014435,Not applicable,8204014435
2021,2,Wisconsin,Quarterly Establishments,186469,186858,186721,184020,Not applicable,184020
2021,2,Wisconsin,April Employment,2775969,2777948,2778931,2779712,Not applicable,2779712
2021,2,Wisconsin,May Employment,2803599,2805768,2806913,2807608,Not applicable,2807608
2021,2,Wisconsin,June Employment,2845660,2849196,2850446,2851168,Not applicable,2851168
2021,2,Wisconsin,Total Quarterly Wages,37873287127,37890577668,37887062544,37892335618,Not applicable,37892335618
2021,2,Wyoming,Quarterly Establishments,28221,28252,28157,28159,Not applicable,28159
2021,2,Wyoming,April Employment,259191,259703,259848,259856,Not applicable,259856
2021,2,Wyoming,May Employment,265605,266233,266418,266423,Not applicable,266423
2021,2,Wyoming,June Employment,275077,275919,276130,276136,Not applicable,276136
2021,2,Wyoming,Total Quarterly Wages,3422362391,3427290763,3430008339,3430090917,Not applicable,3430090917
2021,2,Puerto Rico,Quarterly Establishments,47618,47876,47603,47706,Not applicable,47706
2021,2,Puerto Rico,April Employment,860785,861125,860911,860961,Not applicable,860961
2021,2,Puerto Rico,May Employment,858748,859367,859103,859144,Not applicable,859144
2021,2,Puerto Rico,June Employment,867167,868135,867845,868087,Not applicable,868087
2021,2,Puerto Rico,Total Quarterly Wages,6350545969,6358570865,6361716743,6363023481,Not applicable,6363023481
2021,2,Virgin Islands,Quarterly Establishments,3521,3609,3487,3503,Not applicable,3503
2021,2,Virgin Islands,April Employment,35107,35221,35298,35307,Not applicable,35307
2021,2,Virgin Islands,May Employment,35055,35106,35220,35231,Not applicable,35231
2021,2,Virgin Islands,June Employment,35692,35421,35528,35538,Not applicable,35538
2021,2,Virgin Islands,Total Quarterly Wages,423375211,422566620,426678800,426882045,Not applicable,426882045
2021,3,United States,Quarterly Establishments,11021414,11006576,10988319,Not applicable,Not applicable,10988319
2021,3,United States,July Employment,143754256,143795016,143794527,Not applicable,Not applicable,143794527
2021,3,United States,August Employment,144442240,144500524,144497781,Not applicable,Not applicable,144497781
2021,3,United States,September Employment,144863915,145059881,145071052,Not applicable,Not applicable,145071052
2021,3,United States,Total Quarterly Wages,2347434816996,2347996295478,2348241048503,Not applicable,Not applicable,2348241048503
2021,3,Alabama,Quarterly Establishments,139821,140867,141303,Not applicable,Not applicable,141303
2021,3,Alabama,July Employment,1962849,1967537,1968018,Not applicable,Not applicable,1968018
2021,3,Alabama,August Employment,1959816,1965778,1966211,Not applicable,Not applicable,1966211
2021,3,Alabama,September Employment,1955314,1968942,1969406,Not applicable,Not applicable,1969406
2021,3,Alabama,Total Quarterly Wages,26237758320,26275696209,26284441592,Not applicable,Not applicable,26284441592
2021,3,Alaska,Quarterly Establishments,24019,23898,23794,Not applicable,Not applicable,23794
2021,3,Alaska,July Employment,318626,318808,318891,Not applicable,Not applicable,318891
2021,3,Alaska,August Employment,319116,319371,319412,Not applicable,Not applicable,319412
2021,3,Alaska,September Employment,316920,317285,317309,Not applicable,Not applicable,317309
2021,3,Alaska,Total Quarterly Wages,4984992633,4988517473,4988633366,Not applicable,Not applicable,4988633366
2021,3,Arizona,Quarterly Establishments,184450,186083,186301,Not applicable,Not applicable,186301
2021,3,Arizona,July Employment,2843821,2853747,2854398,Not applicable,Not applicable,2854398
2021,3,Arizona,August Employment,2927214,2938116,2939061,Not applicable,Not applicable,2939061
2021,3,Arizona,September Employment,2926276,2962758,2965473,Not applicable,Not applicable,2965473
2021,3,Arizona,Total Quarterly Wages,43997502401,44113611704,44117757050,Not applicable,Not applicable,44117757050
2021,3,Arkansas,Quarterly Establishments,97370,95806,95621,Not applicable,Not applicable,95621
2021,3,Arkansas,July Employment,1168273,1166362,1165581,Not applicable,Not applicable,1165581
2021,3,Arkansas,August Employment,1198724,1196172,1195481,Not applicable,Not applicable,1195481
2021,3,Arkansas,September Employment,1212883,1209890,1209120,Not applicable,Not applicable,1209120
2021,3,Arkansas,Total Quarterly Wages,14934742364,14914208591,14916338019,Not applicable,Not applicable,14916338019
2021,3,California,Quarterly Establishments,1679627,1670686,1663548,Not applicable,Not applicable,1663548
2021,3,California,July Employment,17049106,17020828,17019587,Not applicable,Not applicable,17019587
2021,3,California,August Employment,17192223,17166752,17165478,Not applicable,Not applicable,17165478
2021,3,California,September Employment,17208712,17206676,17207171,Not applicable,Not applicable,17207171
2021,3,California,Total Quarterly Wages,351279660124,351164901909,351141637459,Not applicable,Not applicable,351141637459
2021,3,Colorado,Quarterly Establishments,231797,231652,231650,Not applicable,Not applicable,231650
2021,3,Colorado,July Employment,2737144,2737734,2738047,Not applicable,Not applicable,2738047
2021,3,Colorado,August Employment,2736892,2737522,2737777,Not applicable,Not applicable,2737777
2021,3,Colorado,September Employment,2723380,2723836,2724087,Not applicable,Not applicable,2724087
2021,3,Colorado,Total Quarterly Wages,46977028897,46894763240,46914192270,Not applicable,Not applicable,46914192270
2021,3,Connecticut,Quarterly Establishments,131984,132399,132306,Not applicable,Not applicable,132306
2021,3,Connecticut,July Employment,1588986,1589737,1589492,Not applicable,Not applicable,1589492
2021,3,Connecticut,August Employment,1587731,1588501,1588276,Not applicable,Not applicable,1588276
2021,3,Connecticut,September Employment,1605080,1607435,1608170,Not applicable,Not applicable,1608170
2021,3,Connecticut,Total Quarterly Wages,29032665132,29044206453,29035182433,Not applicable,Not applicable,29035182433
2021,3,Delaware,Quarterly Establishments,35949,36660,37039,Not applicable,Not applicable,37039
2021,3,Delaware,July Employment,446089,449035,449687,Not applicable,Not applicable,449687
2021,3,Delaware,August Employment,444930,447222,447986,Not applicable,Not applicable,447986
2021,3,Delaware,September Employment,439677,442133,443306,Not applicable,Not applicable,443306
2021,3,Delaware,Total Quarterly Wages,6910237923,6918288937,6927415045,Not applicable,Not applicable,6927415045
2021,3,District of Columbia,Quarterly Establishments,45352,45043,44884,Not applicable,Not applicable,44884
2021,3,District of Columbia,July Employment,730014,729831,730030,Not applicable,Not applicable,730030
2021,3,District of Columbia,August Employment,727865,727815,727933,Not applicable,Not applicable,727933
2021,3,District of Columbia,September Employment,736122,736404,736520,Not applicable,Not applicable,736520
2021,3,District of Columbia,Total Quarterly Wages,19412240518,19408274449,19420322051,Not applicable,Not applicable,19420322051
2021,3,Florida,Quarterly Establishments,808370,805184,805083,Not applicable,Not applicable,805083
2021,3,Florida,July Employment,8728400,8724310,8723503,Not applicable,Not applicable,8723503
2021,3,Florida,August Employment,8877580,8877369,8874503,Not applicable,Not applicable,8874503
2021,3,Florida,September Employment,8910914,8918165,8917612,Not applicable,Not applicable,8917612
2021,3,Florida,Total Quarterly Wages,128691070690,128691002667,128607031499,Not applicable,Not applicable,128607031499
2021,3,Georgia,Quarterly Establishments,343937,341224,340416,Not applicable,Not applicable,340416
2021,3,Georgia,July Employment,4483553,4485012,4482493,Not applicable,Not applicable,4482493
2021,3,Georgia,August Employment,4497776,4501027,4498780,Not applicable,Not applicable,4498780
2021,3,Georgia,September Employment,4491441,4496563,4495252,Not applicable,Not applicable,4495252
2021,3,Georgia,Total Quarterly Wages,67585268202,67548126489,67549377574,Not applicable,Not applicable,67549377574
2021,3,Hawaii,Quarterly Establishments,49229,49472,48621,Not applicable,Not applicable,48621
2021,3,Hawaii,July Employment,596229,597952,598625,Not applicable,Not applicable,598625
2021,3,Hawaii,August Employment,593642,595488,596177,Not applicable,Not applicable,596177
2021,3,Hawaii,September Employment,592837,595475,596364,Not applicable,Not applicable,596364
2021,3,Hawaii,Total Quarterly Wages,8884137126,8904387868,8914731180,Not applicable,Not applicable,8914731180
2021,3,Idaho,Quarterly Establishments,79151,80172,80192,Not applicable,Not applicable,80192
2021,3,Idaho,July Employment,806366,806370,806424,Not applicable,Not applicable,806424
2021,3,Idaho,August Employment,805472,805515,805575,Not applicable,Not applicable,805575
2021,3,Idaho,September Employment,804027,804099,804053,Not applicable,Not applicable,804053
2021,3,Idaho,Total Quarterly Wages,9981502002,9981329935,9980110108,Not applicable,Not applicable,9980110108
2021,3,Illinois,Quarterly Establishments,398367,392609,390200,Not applicable,Not applicable,390200
2021,3,Illinois,July Employment,5711193,5714014,5715165,Not applicable,Not applicable,5715165
2021,3,Illinois,August Employment,5717569,5719797,5721062,Not applicable,Not applicable,5721062
2021,3,Illinois,September Employment,5751178,5754529,5754901,Not applicable,Not applicable,5754901
2021,3,Illinois,Total Quarterly Wages,94833014036,94845354640,94860716163,Not applicable,Not applicable,94860716163
2021,3,Indiana,Quarterly Establishments,178927,179732,179623,Not applicable,Not applicable,179623
2021,3,Indiana,July Employment,3005552,3006209,3006590,Not applicable,Not applicable,3006590
2021,3,Indiana,August Employment,3033538,3034648,3034601,Not applicable,Not applicable,3034601
2021,3,Indiana,September Employment,3020609,3022842,3023093,Not applicable,Not applicable,3023093
2021,3,Indiana,Total Quarterly Wages,40503191951,40609048581,40609097348,Not applicable,Not applicable,40609097348
2021,3,Iowa,Quarterly Establishments,106802,107179,107195,Not applicable,Not applicable,107195
2021,3,Iowa,July Employment,1516046,1518278,1518287,Not applicable,Not applicable,1518287
2021,3,Iowa,August Employment,1509471,1512099,1512117,Not applicable,Not applicable,1512117
2021,3,Iowa,September Employment,1509631,1512584,1512598,Not applicable,Not applicable,1512598
2021,3,Iowa,Total Quarterly Wages,19938203675,19979711989,19979806920,Not applicable,Not applicable,19979806920
2021,3,Kansas,Quarterly Establishments,92070,91258,91056,Not applicable,Not applicable,91056
2021,3,Kansas,July Employment,1346188,1346670,1346795,Not applicable,Not applicable,1346795
2021,3,Kansas,August Employment,1349992,1350916,1351038,Not applicable,Not applicable,1351038
2021,3,Kansas,September Employment,1349306,1351386,1351500,Not applicable,Not applicable,1351500
2021,3,Kansas,Total Quarterly Wages,17478466696,17486126215,17488496011,Not applicable,Not applicable,17488496011
2021,3,Kentucky,Quarterly Establishments,134275,135055,135040,Not applicable,Not applicable,135040
2021,3,Kentucky,July Employment,1810859,1811055,1810754,Not applicable,Not applicable,1810754
2021,3,Kentucky,August Employment,1859668,1860746,1860415,Not applicable,Not applicable,1860415
2021,3,Kentucky,September Employment,1868960,1871031,1870795,Not applicable,Not applicable,1870795
2021,3,Kentucky,Total Quarterly Wages,23729350906,23762432091,23762450932,Not applicable,Not applicable,23762450932
2021,3,Louisiana,Quarterly Establishments,144201,144607,144302,Not applicable,Not applicable,144302
2021,3,Louisiana,July Employment,1806569,1809900,1813722,Not applicable,Not applicable,1813722
2021,3,Louisiana,August Employment,1816536,1820277,1824334,Not applicable,Not applicable,1824334
2021,3,Louisiana,September Employment,1772748,1779438,1786628,Not applicable,Not applicable,1786628
2021,3,Louisiana,Total Quarterly Wages,23880894861,23921598095,23945778755,Not applicable,Not applicable,23945778755
2021,3,Maine,Quarterly Establishments,58474,58624,58761,Not applicable,Not applicable,58761
2021,3,Maine,July Employment,630459,631568,632281,Not applicable,Not applicable,632281
2021,3,Maine,August Employment,628330,629400,630092,Not applicable,Not applicable,630092
2021,3,Maine,September Employment,619916,621011,621991,Not applicable,Not applicable,621991
2021,3,Maine,Total Quarterly Wages,8389531309,8404291516,8411426452,Not applicable,Not applicable,8411426452
2021,3,Maryland,Quarterly Establishments,178057,178299,176997,Not applicable,Not applicable,176997
2021,3,Maryland,July Employment,2600068,2599683,2595240,Not applicable,Not applicable,2595240
2021,3,Maryland,August Employment,2591915,2591764,2587140,Not applicable,Not applicable,2587140
2021,3,Maryland,September Employment,2604555,2608197,2604049,Not applicable,Not applicable,2604049
2021,3,Maryland,Total Quarterly Wages,44400119587,44395753441,44336086165,Not applicable,Not applicable,44336086165
2021,3,Massachusetts,Quarterly Establishments,281364,278553,278719,Not applicable,Not applicable,278719
2021,3,Massachusetts,July Employment,3500713,3503575,3501211,Not applicable,Not applicable,3501211
2021,3,Massachusetts,August Employment,3494053,3496797,3494312,Not applicable,Not applicable,3494312
2021,3,Massachusetts,September Employment,3501008,3505965,3503495,Not applicable,Not applicable,3503495
2021,3,Massachusetts,Total Quarterly Wages,72431793066,72480610306,72520297219,Not applicable,Not applicable,72520297219
2021,3,Michigan,Quarterly Establishments,271305,272117,273242,Not applicable,Not applicable,273242
2021,3,Michigan,July Employment,4163186,4161897,4164563,Not applicable,Not applicable,4164563
2021,3,Michigan,August Employment,4168268,4167311,4170010,Not applicable,Not applicable,4170010
2021,3,Michigan,September Employment,4181372,4183243,4186264,Not applicable,Not applicable,4186264
2021,3,Michigan,Total Quarterly Wages,62557234988,62312229810,62557540863,Not applicable,Not applicable,62557540863
2021,3,Minnesota,Quarterly Establishments,186927,187510,187618,Not applicable,Not applicable,187618
2021,3,Minnesota,July Employment,2794425,2797396,2797781,Not applicable,Not applicable,2797781
2021,3,Minnesota,August Employment,2800509,2803882,2804530,Not applicable,Not applicable,2804530
2021,3,Minnesota,September Employment,2780520,2785781,2786853,Not applicable,Not applicable,2786853
2021,3,Minnesota,Total Quarterly Wages,45314383155,45368782522,45375838986,Not applicable,Not applicable,45375838986
2021,3,Mississippi,Quarterly Establishments,77296,77286,76901,Not applicable,Not applicable,76901
2021,3,Mississippi,July Employment,1113164,1114359,1114477,Not applicable,Not applicable,1114477
2021,3,Mississippi,August Employment,1118705,1119677,1119682,Not applicable,Not applicable,1119682
2021,3,Mississippi,September Employment,1122221,1124872,1124658,Not applicable,Not applicable,1124658
2021,3,Mississippi,Total Quarterly Wages,12482933552,12489833405,12490115381,Not applicable,Not applicable,12490115381
2021,3,Missouri,Quarterly Establishments,223918,221585,221187,Not applicable,Not applicable,221187
2021,3,Missouri,July Employment,2701112,2700632,2700566,Not applicable,Not applicable,2700566
2021,3,Missouri,August Employment,2721188,2720642,2720529,Not applicable,Not applicable,2720529
2021,3,Missouri,September Employment,2760342,2760601,2760445,Not applicable,Not applicable,2760445
2021,3,Missouri,Total Quarterly Wages,37390940182,37391123001,37391787703,Not applicable,Not applicable,37391787703
2021,3,Montana,Quarterly Establishments,57018,55377,55371,Not applicable,Not applicable,55371
2021,3,Montana,July Employment,481872,480660,480736,Not applicable,Not applicable,480736
2021,3,Montana,August Employment,483222,481961,482041,Not applicable,Not applicable,482041
2021,3,Montana,September Employment,487531,486304,486392,Not applicable,Not applicable,486392
2021,3,Montana,Total Quarterly Wages,6063522205,6044762094,6045240268,Not applicable,Not applicable,6045240268
2021,3,Nebraska,Quarterly Establishments,75574,76130,76124,Not applicable,Not applicable,76124
2021,3,Nebraska,July Employment,971633,971950,971968,Not applicable,Not applicable,971968
2021,3,Nebraska,August Employment,971620,971771,971770,Not applicable,Not applicable,971770
2021,3,Nebraska,September Employment,964631,965502,965567,Not applicable,Not applicable,965567
2021,3,Nebraska,Total Quarterly Wages,12811974616,12826037102,12809914018,Not applicable,Not applicable,12809914018
2021,3,Nevada,Quarterly Establishments,96014,95736,95734,Not applicable,Not applicable,95734
2021,3,Nevada,July Employment,1373909,1374920,1374905,Not applicable,Not applicable,1374905
2021,3,Nevada,August Employment,1385779,1386584,1387120,Not applicable,Not applicable,1387120
2021,3,Nevada,September Employment,1389464,1391024,1392056,Not applicable,Not applicable,1392056
2021,3,Nevada,Total Quarterly Wages,20400414746,20421454457,20429913794,Not applicable,Not applicable,20429913794
2021,3,New Hampshire,Quarterly Establishments,59992,59654,59703,Not applicable,Not applicable,59703
2021,3,New Hampshire,July Employment,655549,655751,655831,Not applicable,Not applicable,655831
2021,3,New Hampshire,August Employment,657249,657593,657626,Not applicable,Not applicable,657626
2021,3,New Hampshire,September Employment,654611,654887,654960,Not applicable,Not applicable,654960
2021,3,New Hampshire,Total Quarterly Wages,11499688439,11504576289,11505362879,Not applicable,Not applicable,11505362879
2021,3,New Jersey,Quarterly Establishments,304140,300655,297812,Not applicable,Not applicable,297812
2021,3,New Jersey,July Employment,3883269,3883354,3882754,Not applicable,Not applicable,3882754
2021,3,New Jersey,August Employment,3867240,3867002,3865924,Not applicable,Not applicable,3865924
2021,3,New Jersey,September Employment,3977249,3977701,3977394,Not applicable,Not applicable,3977394
2021,3,New Jersey,Total Quarterly Wages,70357054556,70343993623,70332846791,Not applicable,Not applicable,70332846791
2021,3,New Mexico,Quarterly Establishments,64825,65404,65404,Not applicable,Not applicable,65404
2021,3,New Mexico,July Employment,786620,788261,788403,Not applicable,Not applicable,788403
2021,3,New Mexico,August Employment,810467,812422,812555,Not applicable,Not applicable,812555
2021,3,New Mexico,September Employment,806230,809449,809623,Not applicable,Not applicable,809623
2021,3,New Mexico,Total Quarterly Wages,10383209742,10404921705,10406158219,Not applicable,Not applicable,10406158219
2021,3,New York,Quarterly Establishments,671247,667909,665555,Not applicable,Not applicable,665555
2021,3,New York,July Employment,8751684,8748643,8748982,Not applicable,Not applicable,8748982
2021,3,New York,August Employment,8731621,8730577,8730949,Not applicable,Not applicable,8730949
2021,3,New York,September Employment,8922380,8923570,8924916,Not applicable,Not applicable,8924916
2021,3,New York,Total Quarterly Wages,175550637686,175553962162,175548937429,Not applicable,Not applicable,175548937429
2021,3,North Carolina,Quarterly Establishments,318383,319146,319135,Not applicable,Not applicable,319135
2021,3,North Carolina,July Employment,4496152,4499252,4499180,Not applicable,Not applicable,4499180
2021,3,North Carolina,August Employment,4532642,4533022,4533069,Not applicable,Not applicable,4533069
2021,3,North Carolina,September Employment,4516417,4518254,4518318,Not applicable,Not applicable,4518318
2021,3,North Carolina,Total Quarterly Wages,65241954962,65266082454,65272330974,Not applicable,Not applicable,65272330974
2021,3,North Dakota,Quarterly Establishments,33001,33064,33064,Not applicable,Not applicable,33064
2021,3,North Dakota,July Employment,399890,400321,400321,Not applicable,Not applicable,400321
2021,3,North Dakota,August Employment,401496,401999,401999,Not applicable,Not applicable,401999
2021,3,North Dakota,September Employment,407247,407838,407838,Not applicable,Not applicable,407838
2021,3,North Dakota,Total Quarterly Wages,5633197876,5639024243,5639024243,Not applicable,Not applicable,5639024243
2021,3,Ohio,Quarterly Establishments,315687,317269,317245,Not applicable,Not applicable,317245
2021,3,Ohio,July Employment,5295147,5296044,5295727,Not applicable,Not applicable,5295727
2021,3,Ohio,August Employment,5300202,5300329,5299962,Not applicable,Not applicable,5299962
2021,3,Ohio,September Employment,5248006,5251807,5251136,Not applicable,Not applicable,5251136
2021,3,Ohio,Total Quarterly Wages,75403195991,75407312413,75408052499,Not applicable,Not applicable,75408052499
2021,3,Oklahoma,Quarterly Establishments,116357,116494,116468,Not applicable,Not applicable,116468
2021,3,Oklahoma,July Employment,1534340,1542568,1542444,Not applicable,Not applicable,1542444
2021,3,Oklahoma,August Employment,1554556,1563093,1562969,Not applicable,Not applicable,1562969
2021,3,Oklahoma,September Employment,1576638,1586254,1586120,Not applicable,Not applicable,1586120
2021,3,Oklahoma,Total Quarterly Wages,19520989835,19596990583,19596573472,Not applicable,Not applicable,19596573472
2021,3,Oregon,Quarterly Establishments,171221,172272,172852,Not applicable,Not applicable,172852
2021,3,Oregon,July Employment,1893659,1893484,1893259,Not applicable,Not applicable,1893259
2021,3,Oregon,August Employment,1889612,1890717,1890654,Not applicable,Not applicable,1890654
2021,3,Oregon,September Employment,1909492,1911494,1911699,Not applicable,Not applicable,1911699
2021,3,Oregon,Total Quarterly Wages,30084624366,30106712977,30109554149,Not applicable,Not applicable,30109554149
2021,3,Pennsylvania,Quarterly Establishments,375378,371660,371671,Not applicable,Not applicable,371671
2021,3,Pennsylvania,July Employment,5658310,5659790,5659812,Not applicable,Not applicable,5659812
2021,3,Pennsylvania,August Employment,5652669,5657299,5657319,Not applicable,Not applicable,5657319
2021,3,Pennsylvania,September Employment,5685429,5697730,5697755,Not applicable,Not applicable,5697755
2021,3,Pennsylvania,Total Quarterly Wages,88728342964,88757803383,88757917644,Not applicable,Not applicable,88757917644
2021,3,Rhode Island,Quarterly Establishments,43150,43378,43437,Not applicable,Not applicable,43437
2021,3,Rhode Island,July Employment,470127,468314,468622,Not applicable,Not applicable,468622
2021,3,Rhode Island,August Employment,470224,467711,468036,Not applicable,Not applicable,468036
2021,3,Rhode Island,September Employment,474081,472059,472414,Not applicable,Not applicable,472414
2021,3,Rhode Island,Total Quarterly Wages,6934392629,6902700411,6906471753,Not applicable,Not applicable,6906471753
2021,3,South Carolina,Quarterly Establishments,152920,152973,152973,Not applicable,Not applicable,152973
2021,3,South Carolina,July Employment,2089857,2089126,2089380,Not applicable,Not applicable,2089380
2021,3,South Carolina,August Employment,2102199,2102565,2102891,Not applicable,Not applicable,2102891
2021,3,South Carolina,September Employment,2086007,2101334,2101695,Not applicable,Not applicable,2101695
2021,3,South Carolina,Total Quarterly Wages,26884965241,26896762598,26898719478,Not applicable,Not applicable,26898719478
2021,3,South Dakota,Quarterly Establishments,36990,36990,36988,Not applicable,Not applicable,36988
2021,3,South Dakota,July Employment,439674,439839,439825,Not applicable,Not applicable,439825
2021,3,South Dakota,August Employment,439993,440175,440161,Not applicable,Not applicable,440161
2021,3,South Dakota,September Employment,435557,435811,435798,Not applicable,Not applicable,435798
2021,3,South Dakota,Total Quarterly Wages,5502154636,5503326409,5503187634,Not applicable,Not applicable,5503187634
2021,3,Tennessee,Quarterly Establishments,187717,187287,187338,Not applicable,Not applicable,187338
2021,3,Tennessee,July Employment,3003904,3003247,3002794,Not applicable,Not applicable,3002794
2021,3,Tennessee,August Employment,3041197,3041852,3041230,Not applicable,Not applicable,3041230
2021,3,Tennessee,September Employment,3044134,3047979,3047543,Not applicable,Not applicable,3047543
2021,3,Tennessee,Total Quarterly Wages,43761645393,43733979809,43731143133,Not applicable,Not applicable,43731143133
2021,3,Texas,Quarterly Establishments,770012,775410,775412,Not applicable,Not applicable,775412
2021,3,Texas,July Employment,12520019,12531729,12532603,Not applicable,Not applicable,12532603
2021,3,Texas,August Employment,12570541,12582511,12583377,Not applicable,Not applicable,12583377
2021,3,Texas,September Employment,12613071,12631616,12631718,Not applicable,Not applicable,12631718
2021,3,Texas,Total Quarterly Wages,200467047990,200654102021,200662899150,Not applicable,Not applicable,200662899150
2021,3,Utah,Quarterly Establishments,123134,122692,122685,Not applicable,Not applicable,122685
2021,3,Utah,July Employment,1584837,1584545,1584628,Not applicable,Not applicable,1584628
2021,3,Utah,August Employment,1594933,1594357,1594459,Not applicable,Not applicable,1594459
2021,3,Utah,September Employment,1594663,1594454,1594559,Not applicable,Not applicable,1594559
2021,3,Utah,Total Quarterly Wages,22489043433,22496934680,22501631180,Not applicable,Not applicable,22501631180
2021,3,Vermont,Quarterly Establishments,28051,28264,28282,Not applicable,Not applicable,28282
2021,3,Vermont,July Employment,296019,295749,295240,Not applicable,Not applicable,295240
2021,3,Vermont,August Employment,295496,295298,295042,Not applicable,Not applicable,295042
2021,3,Vermont,September Employment,293520,293621,293581,Not applicable,Not applicable,293581
2021,3,Vermont,Total Quarterly Wages,4044822455,4044465168,4053045388,Not applicable,Not applicable,4053045388
2021,3,Virginia,Quarterly Establishments,299224,298995,300368,Not applicable,Not applicable,300368
2021,3,Virginia,July Employment,3857034,3860934,3860148,Not applicable,Not applicable,3860148
2021,3,Virginia,August Employment,3862452,3866287,3864604,Not applicable,Not applicable,3864604
2021,3,Virginia,September Employment,3845272,3849656,3847543,Not applicable,Not applicable,3847543
2021,3,Virginia,Total Quarterly Wages,63333943690,63369455963,63358749609,Not applicable,Not applicable,63358749609
2021,3,Washington,Quarterly Establishments,266581,273179,273157,Not applicable,Not applicable,273157
2021,3,Washington,July Employment,3414338,3421095,3421059,Not applicable,Not applicable,3421059
2021,3,Washington,August Employment,3403507,3410448,3410415,Not applicable,Not applicable,3410415
2021,3,Washington,September Employment,3415150,3422291,3422270,Not applicable,Not applicable,3422270
2021,3,Washington,Total Quarterly Wages,69963174886,70002556688,70001734054,Not applicable,Not applicable,70001734054
2021,3,West Virginia,Quarterly Establishments,53563,53950,53979,Not applicable,Not applicable,53979
2021,3,West Virginia,July Employment,643182,644528,644752,Not applicable,Not applicable,644752
2021,3,West Virginia,August Employment,649111,650260,650581,Not applicable,Not applicable,650581
2021,3,West Virginia,September Employment,664189,665798,666230,Not applicable,Not applicable,666230
2021,3,West Virginia,Total Quarterly Wages,8139217883,8173634035,8179186465,Not applicable,Not applicable,8179186465
2021,3,Wisconsin,Quarterly Establishments,189527,190653,187487,Not applicable,Not applicable,187487
2021,3,Wisconsin,July Employment,2822606,2826086,2826615,Not applicable,Not applicable,2826615
2021,3,Wisconsin,August Employment,2823731,2827671,2828083,Not applicable,Not applicable,2828083
2021,3,Wisconsin,September Employment,2815943,2820331,2820817,Not applicable,Not applicable,2820817
2021,3,Wisconsin,Total Quarterly Wages,38485029534,38530563740,38535823741,Not applicable,Not applicable,38535823741
2021,3,Wyoming,Quarterly Establishments,28669,28475,28476,Not applicable,Not applicable,28476
2021,3,Wyoming,July Employment,271635,272327,272331,Not applicable,Not applicable,272331
2021,3,Wyoming,August Employment,271758,272416,272433,Not applicable,Not applicable,272433
2021,3,Wyoming,September Employment,271054,271976,271997,Not applicable,Not applicable,271997
2021,3,Wyoming,Total Quarterly Wages,3511706946,3519968935,3520021995,Not applicable,Not applicable,3520021995
2021,3,Puerto Rico,Quarterly Establishments,47872,47914,47983,Not applicable,Not applicable,47983
2021,3,Puerto Rico,July Employment,863598,864706,864513,Not applicable,Not applicable,864513
2021,3,Puerto Rico,August Employment,871676,872829,872590,Not applicable,Not applicable,872590
2021,3,Puerto Rico,September Employment,887941,889673,889562,Not applicable,Not applicable,889562
2021,3,Puerto Rico,Total Quarterly Wages,6456445356,6465006926,6465058773,Not applicable,Not applicable,6465058773
2021,3,Virgin Islands,Quarterly Establishments,3628,3653,3668,Not applicable,Not applicable,3668
2021,3,Virgin Islands,July Employment,35057,35143,35173,Not applicable,Not applicable,35173
2021,3,Virgin Islands,August Employment,34562,34658,34689,Not applicable,Not applicable,34689
2021,3,Virgin Islands,September Employment,34496,34635,34687,Not applicable,Not applicable,34687
2021,3,Virgin Islands,Total Quarterly Wages,431405684,432029773,427016639,Not applicable,Not applicable,427016639
2021,4,United States,Quarterly Establishments,11194120,11178274,Not applicable,Not applicable,Not applicable,11178274
2021,4,United States,October Employment,147297244,147362623,Not applicable,Not applicable,Not applicable,147362623
2021,4,United States,November Employment,148151337,148217180,Not applicable,Not applicable,Not applicable,148217180
2021,4,United States,December Employment,148293597,148407894,Not applicable,Not applicable,Not applicable,148407894
2021,4,United States,Total Quarterly Wages,2726086283293,2727377694348,Not applicable,Not applicable,Not applicable,2727377694348
2021,4,Alabama,Quarterly Establishments,141189,142869,Not applicable,Not applicable,Not applicable,142869
2021,4,Alabama,October Employment,1990217,1993743,Not applicable,Not applicable,Not applicable,1993743
2021,4,Alabama,November Employment,2004554,2008993,Not applicable,Not applicable,Not applicable,2008993
2021,4,Alabama,December Employment,2007007,2013394,Not applicable,Not applicable,Not applicable,2013394
2021,4,Alabama,Total Quarterly Wages,29976751568,30045819303,Not applicable,Not applicable,Not applicable,30045819303
2021,4,Alaska,Quarterly Establishments,24101,23946,Not applicable,Not applicable,Not applicable,23946
2021,4,Alaska,October Employment,307046,307120,Not applicable,Not applicable,Not applicable,307120
2021,4,Alaska,November Employment,300156,300260,Not applicable,Not applicable,Not applicable,300260
2021,4,Alaska,December Employment,299357,299510,Not applicable,Not applicable,Not applicable,299510
2021,4,Alaska,Total Quarterly Wages,5152009126,5149997721,Not applicable,Not applicable,Not applicable,5149997721
2021,4,Arizona,Quarterly Establishments,190229,191756,Not applicable,Not applicable,Not applicable,191756
2021,4,Arizona,October Employment,3009833,3013685,Not applicable,Not applicable,Not applicable,3013685
2021,4,Arizona,November Employment,3042062,3045782,Not applicable,Not applicable,Not applicable,3045782
2021,4,Arizona,December Employment,3057805,3062198,Not applicable,Not applicable,Not applicable,3062198
2021,4,Arizona,Total Quarterly Wages,50578029220,50690074575,Not applicable,Not applicable,Not applicable,50690074575
2021,4,Arkansas,Quarterly Establishments,97039,97225,Not applicable,Not applicable,Not applicable,97225
2021,4,Arkansas,October Employment,1228176,1228605,Not applicable,Not applicable,Not applicable,1228605
2021,4,Arkansas,November Employment,1232670,1233120,Not applicable,Not applicable,Not applicable,1233120
2021,4,Arkansas,December Employment,1236063,1236628,Not applicable,Not applicable,Not applicable,1236628
2021,4,Arkansas,Total Quarterly Wages,17046827887,17087547204,Not applicable,Not applicable,Not applicable,17087547204
2021,4,California,Quarterly Establishments,1701863,1694313,Not applicable,Not applicable,Not applicable,1694313
2021,4,California,October Employment,17578511,17579010,Not applicable,Not applicable,Not applicable,17579010
2021,4,California,November Employment,17685158,17686149,Not applicable,Not applicable,Not applicable,17686149
2021,4,California,December Employment,17622235,17641250,Not applicable,Not applicable,Not applicable,17641250
2021,4,California,Total Quarterly Wages,413423673352,413360241078,Not applicable,Not applicable,Not applicable,413360241078
2021,4,Colorado,Quarterly Establishments,232927,232985,Not applicable,Not applicable,Not applicable,232985
2021,4,Colorado,October Employment,2751282,2751512,Not applicable,Not applicable,Not applicable,2751512
2021,4,Colorado,November Employment,2760983,2761074,Not applicable,Not applicable,Not applicable,2761074
2021,4,Colorado,December Employment,2776384,2777146,Not applicable,Not applicable,Not applicable,2777146
2021,4,Colorado,Total Quarterly Wages,53296686472,53348439666,Not applicable,Not applicable,Not applicable,53348439666
2021,4,Connecticut,Quarterly Establishments,133960,133884,Not applicable,Not applicable,Not applicable,133884
2021,4,Connecticut,October Employment,1629679,1630246,Not applicable,Not applicable,Not applicable,1630246
2021,4,Connecticut,November Employment,1639610,1640043,Not applicable,Not applicable,Not applicable,1640043
2021,4,Connecticut,December Employment,1639884,1641216,Not applicable,Not applicable,Not applicable,1641216
2021,4,Connecticut,Total Quarterly Wages,34274762773,34199783714,Not applicable,Not applicable,Not applicable,34199783714
2021,4,Delaware,Quarterly Establishments,36963,37706,Not applicable,Not applicable,Not applicable,37706
2021,4,Delaware,October Employment,449443,448920,Not applicable,Not applicable,Not applicable,448920
2021,4,Delaware,November Employment,451600,452049,Not applicable,Not applicable,Not applicable,452049
2021,4,Delaware,December Employment,451984,453486,Not applicable,Not applicable,Not applicable,453486
2021,4,Delaware,Total Quarterly Wages,7841306162,7867295757,Not applicable,Not applicable,Not applicable,7867295757
2021,4,District of Columbia,Quarterly Establishments,46084,45925,Not applicable,Not applicable,Not applicable,45925
2021,4,District of Columbia,October Employment,746864,747715,Not applicable,Not applicable,Not applicable,747715
2021,4,District of Columbia,November Employment,749649,751021,Not applicable,Not applicable,Not applicable,751021
2021,4,District of Columbia,December Employment,749370,750778,Not applicable,Not applicable,Not applicable,750778
2021,4,District of Columbia,Total Quarterly Wages,22574509792,22586562408,Not applicable,Not applicable,Not applicable,22586562408
2021,4,Florida,Quarterly Establishments,834718,820343,Not applicable,Not applicable,Not applicable,820343
2021,4,Florida,October Employment,9097196,9105947,Not applicable,Not applicable,Not applicable,9105947
2021,4,Florida,November Employment,9208559,9215799,Not applicable,Not applicable,Not applicable,9215799
2021,4,Florida,December Employment,9241147,9251180,Not applicable,Not applicable,Not applicable,9251180
2021,4,Florida,Total Quarterly Wages,154789606944,154575088892,Not applicable,Not applicable,Not applicable,154575088892
2021,4,Georgia,Quarterly Establishments,351190,350189,Not applicable,Not applicable,Not applicable,350189
2021,4,Georgia,October Employment,4582107,4578786,Not applicable,Not applicable,Not applicable,4578786
2021,4,Georgia,November Employment,4620689,4616855,Not applicable,Not applicable,Not applicable,4616855
2021,4,Georgia,December Employment,4629754,4622668,Not applicable,Not applicable,Not applicable,4622668
2021,4,Georgia,Total Quarterly Wages,77453566366,77406164422,Not applicable,Not applicable,Not applicable,77406164422
2021,4,Hawaii,Quarterly Establishments,50402,49528,Not applicable,Not applicable,Not applicable,49528
2021,4,Hawaii,October Employment,601408,602889,Not applicable,Not applicable,Not applicable,602889
2021,4,Hawaii,November Employment,607862,609485,Not applicable,Not applicable,Not applicable,609485
2021,4,Hawaii,December Employment,613795,615421,Not applicable,Not applicable,Not applicable,615421
2021,4,Hawaii,Total Quarterly Wages,9709492281,9731786428,Not applicable,Not applicable,Not applicable,9731786428
2021,4,Idaho,Quarterly Establishments,81821,82118,Not applicable,Not applicable,Not applicable,82118
2021,4,Idaho,October Employment,806638,806287,Not applicable,Not applicable,Not applicable,806287
2021,4,Idaho,November Employment,803972,803645,Not applicable,Not applicable,Not applicable,803645
2021,4,Idaho,December Employment,802322,801994,Not applicable,Not applicable,Not applicable,801994
2021,4,Idaho,Total Quarterly Wages,11611451817,11607568971,Not applicable,Not applicable,Not applicable,11607568971
2021,4,Illinois,Quarterly Establishments,400506,396697,Not applicable,Not applicable,Not applicable,396697
2021,4,Illinois,October Employment,5829886,5831357,Not applicable,Not applicable,Not applicable,5831357
2021,4,Illinois,November Employment,5860541,5861354,Not applicable,Not applicable,Not applicable,5861354
2021,4,Illinois,December Employment,5877314,5877520,Not applicable,Not applicable,Not applicable,5877520
2021,4,Illinois,Total Quarterly Wages,112113848689,112143042683,Not applicable,Not applicable,Not applicable,112143042683
2021,4,Indiana,Quarterly Establishments,179400,177988,Not applicable,Not applicable,Not applicable,177988
2021,4,Indiana,October Employment,3065774,3065069,Not applicable,Not applicable,Not applicable,3065069
2021,4,Indiana,November Employment,3089116,3088415,Not applicable,Not applicable,Not applicable,3088415
2021,4,Indiana,December Employment,3089279,3088792,Not applicable,Not applicable,Not applicable,3088792
2021,4,Indiana,Total Quarterly Wages,46186650580,46183064173,Not applicable,Not applicable,Not applicable,46183064173
2021,4,Iowa,Quarterly Establishments,107345,107889,Not applicable,Not applicable,Not applicable,107889
2021,4,Iowa,October Employment,1526544,1528433,Not applicable,Not applicable,Not applicable,1528433
2021,4,Iowa,November Employment,1526089,1528398,Not applicable,Not applicable,Not applicable,1528398
2021,4,Iowa,December Employment,1527441,1529541,Not applicable,Not applicable,Not applicable,1529541
2021,4,Iowa,Total Quarterly Wages,22959496115,22982900289,Not applicable,Not applicable,Not applicable,22982900289
2021,4,Kansas,Quarterly Establishments,92509,91640,Not applicable,Not applicable,Not applicable,91640
2021,4,Kansas,October Employment,1376459,1376556,Not applicable,Not applicable,Not applicable,1376556
2021,4,Kansas,November Employment,1382900,1382927,Not applicable,Not applicable,Not applicable,1382927
2021,4,Kansas,December Employment,1381000,1380962,Not applicable,Not applicable,Not applicable,1380962
2021,4,Kansas,Total Quarterly Wages,20312306848,20322741750,Not applicable,Not applicable,Not applicable,20322741750
2021,4,Kentucky,Quarterly Establishments,136535,136947,Not applicable,Not applicable,Not applicable,136947
2021,4,Kentucky,October Employment,1895944,1896513,Not applicable,Not applicable,Not applicable,1896513
2021,4,Kentucky,November Employment,1913231,1913564,Not applicable,Not applicable,Not applicable,1913564
2021,4,Kentucky,December Employment,1919766,1920266,Not applicable,Not applicable,Not applicable,1920266
2021,4,Kentucky,Total Quarterly Wages,27545208856,27550096593,Not applicable,Not applicable,Not applicable,27550096593
2021,4,Louisiana,Quarterly Establishments,146051,145940,Not applicable,Not applicable,Not applicable,145940
2021,4,Louisiana,October Employment,1841344,1845707,Not applicable,Not applicable,Not applicable,1845707
2021,4,Louisiana,November Employment,1853742,1858547,Not applicable,Not applicable,Not applicable,1858547
2021,4,Louisiana,December Employment,1853853,1859248,Not applicable,Not applicable,Not applicable,1859248
2021,4,Louisiana,Total Quarterly Wages,27469144417,27563558088,Not applicable,Not applicable,Not applicable,27563558088
2021,4,Maine,Quarterly Establishments,59683,59884,Not applicable,Not applicable,Not applicable,59884
2021,4,Maine,October Employment,621607,622327,Not applicable,Not applicable,Not applicable,622327
2021,4,Maine,November Employment,614456,615068,Not applicable,Not applicable,Not applicable,615068
2021,4,Maine,December Employment,613677,614513,Not applicable,Not applicable,Not applicable,614513
2021,4,Maine,Total Quarterly Wages,9322372827,9348019619,Not applicable,Not applicable,Not applicable,9348019619
2021,4,Maryland,Quarterly Establishments,178076,179847,Not applicable,Not applicable,Not applicable,179847
2021,4,Maryland,October Employment,2622338,2629134,Not applicable,Not applicable,Not applicable,2629134
2021,4,Maryland,November Employment,2637130,2645954,Not applicable,Not applicable,Not applicable,2645954
2021,4,Maryland,December Employment,2648432,2660337,Not applicable,Not applicable,Not applicable,2660337
2021,4,Maryland,Total Quarterly Wages,51372046621,51495702972,Not applicable,Not applicable,Not applicable,51495702972
2021,4,Massachusetts,Quarterly Establishments,281844,281956,Not applicable,Not applicable,Not applicable,281956
2021,4,Massachusetts,October Employment,3551538,3549610,Not applicable,Not applicable,Not applicable,3549610
2021,4,Massachusetts,November Employment,3559800,3558469,Not applicable,Not applicable,Not applicable,3558469
2021,4,Massachusetts,December Employment,3556919,3556762,Not applicable,Not applicable,Not applicable,3556762
2021,4,Massachusetts,Total Quarterly Wages,84693009846,84826655287,Not applicable,Not applicable,Not applicable,84826655287
2021,4,Michigan,Quarterly Establishments,274895,275636,Not applicable,Not applicable,Not applicable,275636
2021,4,Michigan,October Employment,4241427,4244395,Not applicable,Not applicable,Not applicable,4244395
2021,4,Michigan,November Employment,4256570,4259303,Not applicable,Not applicable,Not applicable,4259303
2021,4,Michigan,December Employment,4250847,4251309,Not applicable,Not applicable,Not applicable,4251309
2021,4,Michigan,Total Quarterly Wages,71313157531,71318900510,Not applicable,Not applicable,Not applicable,71318900510
2021,4,Minnesota,Quarterly Establishments,191005,191208,Not applicable,Not applicable,Not applicable,191208
2021,4,Minnesota,October Employment,2835189,2836328,Not applicable,Not applicable,Not applicable,2836328
2021,4,Minnesota,November Employment,2831210,2832680,Not applicable,Not applicable,Not applicable,2832680
2021,4,Minnesota,December Employment,2823664,2826093,Not applicable,Not applicable,Not applicable,2826093
2021,4,Minnesota,Total Quarterly Wages,50708245252,50722427273,Not applicable,Not applicable,Not applicable,50722427273
2021,4,Mississippi,Quarterly Establishments,78479,78098,Not applicable,Not applicable,Not applicable,78098
2021,4,Mississippi,October Employment,1136724,1137773,Not applicable,Not applicable,Not applicable,1137773
2021,4,Mississippi,November Employment,1144207,1144979,Not applicable,Not applicable,Not applicable,1144979
2021,4,Mississippi,December Employment,1147285,1147958,Not applicable,Not applicable,Not applicable,1147958
2021,4,Mississippi,Total Quarterly Wages,14031018985,14051539398,Not applicable,Not applicable,Not applicable,14051539398
2021,4,Missouri,Quarterly Establishments,226111,224744,Not applicable,Not applicable,Not applicable,224744
2021,4,Missouri,October Employment,2798875,2798198,Not applicable,Not applicable,Not applicable,2798198
2021,4,Missouri,November Employment,2808950,2808194,Not applicable,Not applicable,Not applicable,2808194
2021,4,Missouri,December Employment,2804806,2803998,Not applicable,Not applicable,Not applicable,2803998
2021,4,Missouri,Total Quarterly Wages,42978287081,42978256037,Not applicable,Not applicable,Not applicable,42978256037
2021,4,Montana,Quarterly Establishments,56741,56820,Not applicable,Not applicable,Not applicable,56820
2021,4,Montana,October Employment,488185,488281,Not applicable,Not applicable,Not applicable,488281
2021,4,Montana,November Employment,485618,485723,Not applicable,Not applicable,Not applicable,485723
2021,4,Montana,December Employment,488956,489055,Not applicable,Not applicable,Not applicable,489055
2021,4,Montana,Total Quarterly Wages,7021733090,7022418664,Not applicable,Not applicable,Not applicable,7022418664
2021,4,Nebraska,Quarterly Establishments,77467,77528,Not applicable,Not applicable,Not applicable,77528
2021,4,Nebraska,October Employment,977918,977020,Not applicable,Not applicable,Not applicable,977020
2021,4,Nebraska,November Employment,979008,978292,Not applicable,Not applicable,Not applicable,978292
2021,4,Nebraska,December Employment,978540,979234,Not applicable,Not applicable,Not applicable,979234
2021,4,Nebraska,Total Quarterly Wages,14550397346,14492744444,Not applicable,Not applicable,Not applicable,14492744444
2021,4,Nevada,Quarterly Establishments,98269,99151,Not applicable,Not applicable,Not applicable,99151
2021,4,Nevada,October Employment,1420049,1421542,Not applicable,Not applicable,Not applicable,1421542
2021,4,Nevada,November Employment,1433344,1435143,Not applicable,Not applicable,Not applicable,1435143
2021,4,Nevada,December Employment,1432570,1435722,Not applicable,Not applicable,Not applicable,1435722
2021,4,Nevada,Total Quarterly Wages,23148977355,23165756125,Not applicable,Not applicable,Not applicable,23165756125
2021,4,New Hampshire,Quarterly Establishments,61236,60864,Not applicable,Not applicable,Not applicable,60864
2021,4,New Hampshire,October Employment,661326,661784,Not applicable,Not applicable,Not applicable,661784
2021,4,New Hampshire,November Employment,661034,660671,Not applicable,Not applicable,Not applicable,660671
2021,4,New Hampshire,December Employment,662228,662754,Not applicable,Not applicable,Not applicable,662754
2021,4,New Hampshire,Total Quarterly Wages,13589465127,13600409285,Not applicable,Not applicable,Not applicable,13600409285
2021,4,New Jersey,Quarterly Establishments,315639,312658,Not applicable,Not applicable,Not applicable,312658
2021,4,New Jersey,October Employment,4059319,4059267,Not applicable,Not applicable,Not applicable,4059267
2021,4,New Jersey,November Employment,4098214,4097350,Not applicable,Not applicable,Not applicable,4097350
2021,4,New Jersey,December Employment,4123726,4122561,Not applicable,Not applicable,Not applicable,4122561
2021,4,New Jersey,Total Quarterly Wages,83187232220,83243071491,Not applicable,Not applicable,Not applicable,83243071491
2021,4,New Mexico,Quarterly Establishments,66505,67068,Not applicable,Not applicable,Not applicable,67068
2021,4,New Mexico,October Employment,820470,822284,Not applicable,Not applicable,Not applicable,822284
2021,4,New Mexico,November Employment,820893,823106,Not applicable,Not applicable,Not applicable,823106
2021,4,New Mexico,December Employment,819116,821925,Not applicable,Not applicable,Not applicable,821925
2021,4,New Mexico,Total Quarterly Wages,11693304146,11727499443,Not applicable,Not applicable,Not applicable,11727499443
2021,4,New York,Quarterly Establishments,674447,671758,Not applicable,Not applicable,Not applicable,671758
2021,4,New York,October Employment,9104988,9107096,Not applicable,Not applicable,Not applicable,9107096
2021,4,New York,November Employment,9176419,9178319,Not applicable,Not applicable,Not applicable,9178319
2021,4,New York,December Employment,9195839,9199692,Not applicable,Not applicable,Not applicable,9199692
2021,4,New York,Total Quarterly Wages,217795329835,217916171084,Not applicable,Not applicable,Not applicable,217916171084
2021,4,North Carolina,Quarterly Establishments,324748,325058,Not applicable,Not applicable,Not applicable,325058
2021,4,North Carolina,October Employment,4603056,4602906,Not applicable,Not applicable,Not applicable,4602906
2021,4,North Carolina,November Employment,4635170,4634546,Not applicable,Not applicable,Not applicable,4634546
2021,4,North Carolina,December Employment,4646589,4645639,Not applicable,Not applicable,Not applicable,4645639
2021,4,North Carolina,Total Quarterly Wages,74693019066,74736501572,Not applicable,Not applicable,Not applicable,74736501572
2021,4,North Dakota,Quarterly Establishments,33306,33306,Not applicable,Not applicable,Not applicable,33306
2021,4,North Dakota,October Employment,410900,410680,Not applicable,Not applicable,Not applicable,410680
2021,4,North Dakota,November Employment,408471,408252,Not applicable,Not applicable,Not applicable,408252
2021,4,North Dakota,December Employment,407932,407708,Not applicable,Not applicable,Not applicable,407708
2021,4,North Dakota,Total Quarterly Wages,6341555578,6339068813,Not applicable,Not applicable,Not applicable,6339068813
2021,4,Ohio,Quarterly Establishments,318766,320047,Not applicable,Not applicable,Not applicable,320047
2021,4,Ohio,October Employment,5338113,5341057,Not applicable,Not applicable,Not applicable,5341057
2021,4,Ohio,November Employment,5364057,5366980,Not applicable,Not applicable,Not applicable,5366980
2021,4,Ohio,December Employment,5352629,5352963,Not applicable,Not applicable,Not applicable,5352963
2021,4,Ohio,Total Quarterly Wages,84977253322,85055122116,Not applicable,Not applicable,Not applicable,85055122116
2021,4,Oklahoma,Quarterly Establishments,117757,118011,Not applicable,Not applicable,Not applicable,118011
2021,4,Oklahoma,October Employment,1593299,1602538,Not applicable,Not applicable,Not applicable,1602538
2021,4,Oklahoma,November Employment,1600239,1610020,Not applicable,Not applicable,Not applicable,1610020
2021,4,Oklahoma,December Employment,1604478,1614497,Not applicable,Not applicable,Not applicable,1614497
2021,4,Oklahoma,Total Quarterly Wages,22454215163,22568669871,Not applicable,Not applicable,Not applicable,22568669871
2021,4,Oregon,Quarterly Establishments,173387,176154,Not applicable,Not applicable,Not applicable,176154
2021,4,Oregon,October Employment,1920329,1921753,Not applicable,Not applicable,Not applicable,1921753
2021,4,Oregon,November Employment,1919359,1921158,Not applicable,Not applicable,Not applicable,1921158
2021,4,Oregon,December Employment,1914974,1919892,Not applicable,Not applicable,Not applicable,1919892
2021,4,Oregon,Total Quarterly Wages,33212652819,33236577889,Not applicable,Not applicable,Not applicable,33236577889
2021,4,Pennsylvania,Quarterly Establishments,379721,375765,Not applicable,Not applicable,Not applicable,375765
2021,4,Pennsylvania,October Employment,5769256,5769606,Not applicable,Not applicable,Not applicable,5769606
2021,4,Pennsylvania,November Employment,5805689,5806224,Not applicable,Not applicable,Not applicable,5806224
2021,4,Pennsylvania,December Employment,5807876,5820202,Not applicable,Not applicable,Not applicable,5820202
2021,4,Pennsylvania,Total Quarterly Wages,101849286471,101880678778,Not applicable,Not applicable,Not applicable,101880678778
2021,4,Rhode Island,Quarterly Establishments,44149,44393,Not applicable,Not applicable,Not applicable,44393
2021,4,Rhode Island,October Employment,476342,475987,Not applicable,Not applicable,Not applicable,475987
2021,4,Rhode Island,November Employment,477495,477277,Not applicable,Not applicable,Not applicable,477277
2021,4,Rhode Island,December Employment,475481,475229,Not applicable,Not applicable,Not applicable,475229
2021,4,Rhode Island,Total Quarterly Wages,8147253822,8155302078,Not applicable,Not applicable,Not applicable,8155302078
2021,4,South Carolina,Quarterly Establishments,155781,155945,Not applicable,Not applicable,Not applicable,155945
2021,4,South Carolina,October Employment,2126835,2127878,Not applicable,Not applicable,Not applicable,2127878
2021,4,South Carolina,November Employment,2141721,2142958,Not applicable,Not applicable,Not applicable,2142958
2021,4,South Carolina,December Employment,2147851,2149077,Not applicable,Not applicable,Not applicable,2149077
2021,4,South Carolina,Total Quarterly Wages,30622092792,30625168421,Not applicable,Not applicable,Not applicable,30625168421
2021,4,South Dakota,Quarterly Establishments,37634,37608,Not applicable,Not applicable,Not applicable,37608
2021,4,South Dakota,October Employment,436838,436826,Not applicable,Not applicable,Not applicable,436826
2021,4,South Dakota,November Employment,435852,435876,Not applicable,Not applicable,Not applicable,435876
2021,4,South Dakota,December Employment,435500,435513,Not applicable,Not applicable,Not applicable,435513
2021,4,South Dakota,Total Quarterly Wages,6278302711,6278226689,Not applicable,Not applicable,Not applicable,6278226689
2021,4,Tennessee,Quarterly Establishments,191690,191861,Not applicable,Not applicable,Not applicable,191861
2021,4,Tennessee,October Employment,3083254,3069667,Not applicable,Not applicable,Not applicable,3069667
2021,4,Tennessee,November Employment,3111068,3096294,Not applicable,Not applicable,Not applicable,3096294
2021,4,Tennessee,December Employment,3123276,3104979,Not applicable,Not applicable,Not applicable,3104979
2021,4,Tennessee,Total Quarterly Wages,50796534006,50765495292,Not applicable,Not applicable,Not applicable,50765495292
2021,4,Texas,Quarterly Establishments,779417,782991,Not applicable,Not applicable,Not applicable,782991
2021,4,Texas,October Employment,12860929,12872054,Not applicable,Not applicable,Not applicable,12872054
2021,4,Texas,November Employment,12973622,12983290,Not applicable,Not applicable,Not applicable,12983290
2021,4,Texas,December Employment,13012661,13025292,Not applicable,Not applicable,Not applicable,13025292
2021,4,Texas,Total Quarterly Wages,231555637708,231666877161,Not applicable,Not applicable,Not applicable,231666877161
2021,4,Utah,Quarterly Establishments,126918,126644,Not applicable,Not applicable,Not applicable,126644
2021,4,Utah,October Employment,1614664,1614563,Not applicable,Not applicable,Not applicable,1614563
2021,4,Utah,November Employment,1619831,1619628,Not applicable,Not applicable,Not applicable,1619628
2021,4,Utah,December Employment,1624055,1623923,Not applicable,Not applicable,Not applicable,1623923
2021,4,Utah,Total Quarterly Wages,25908886732,25915267986,Not applicable,Not applicable,Not applicable,25915267986
2021,4,Vermont,Quarterly Establishments,28678,28650,Not applicable,Not applicable,Not applicable,28650
2021,4,Vermont,October Employment,297785,298534,Not applicable,Not applicable,Not applicable,298534
2021,4,Vermont,November Employment,295951,296617,Not applicable,Not applicable,Not applicable,296617
2021,4,Vermont,December Employment,298675,299518,Not applicable,Not applicable,Not applicable,299518
2021,4,Vermont,Total Quarterly Wages,4599656472,4613865139,Not applicable,Not applicable,Not applicable,4613865139
2021,4,Virginia,Quarterly Establishments,303402,305345,Not applicable,Not applicable,Not applicable,305345
2021,4,Virginia,October Employment,3893937,3897599,Not applicable,Not applicable,Not applicable,3897599
2021,4,Virginia,November Employment,3919483,3923121,Not applicable,Not applicable,Not applicable,3923121
2021,4,Virginia,December Employment,3917973,3923742,Not applicable,Not applicable,Not applicable,3923742
2021,4,Virginia,Total Quarterly Wages,72399903645,72542684779,Not applicable,Not applicable,Not applicable,72542684779
2021,4,Washington,Quarterly Establishments,276086,284440,Not applicable,Not applicable,Not applicable,284440
2021,4,Washington,October Employment,3438829,3445768,Not applicable,Not applicable,Not applicable,3445768
2021,4,Washington,November Employment,3426829,3433862,Not applicable,Not applicable,Not applicable,3433862
2021,4,Washington,December Employment,3427042,3432059,Not applicable,Not applicable,Not applicable,3432059
2021,4,Washington,Total Quarterly Wages,75043961199,75167901047,Not applicable,Not applicable,Not applicable,75167901047
2021,4,West Virginia,Quarterly Establishments,54667,55027,Not applicable,Not applicable,Not applicable,55027
2021,4,West Virginia,October Employment,671983,672797,Not applicable,Not applicable,Not applicable,672797
2021,4,West Virginia,November Employment,674429,675186,Not applicable,Not applicable,Not applicable,675186
2021,4,West Virginia,December Employment,674428,675298,Not applicable,Not applicable,Not applicable,675298
2021,4,West Virginia,Total Quarterly Wages,9218209982,9218326974,Not applicable,Not applicable,Not applicable,9218326974
2021,4,Wisconsin,Quarterly Establishments,194018,191209,Not applicable,Not applicable,Not applicable,191209
2021,4,Wisconsin,October Employment,2837252,2839559,Not applicable,Not applicable,Not applicable,2839559
2021,4,Wisconsin,November Employment,2836905,2839562,Not applicable,Not applicable,Not applicable,2839562
2021,4,Wisconsin,December Employment,2832567,2839645,Not applicable,Not applicable,Not applicable,2839645
2021,4,Wisconsin,Total Quarterly Wages,44297678687,44324341204,Not applicable,Not applicable,Not applicable,44324341204
2021,4,Wyoming,Quarterly Establishments,28766,28712,Not applicable,Not applicable,Not applicable,28712
2021,4,Wyoming,October Employment,269339,269712,Not applicable,Not applicable,Not applicable,269712
2021,4,Wyoming,November Employment,265170,265598,Not applicable,Not applicable,Not applicable,265598
2021,4,Wyoming,December Employment,267245,267607,Not applicable,Not applicable,Not applicable,267607
2021,4,Wyoming,Total Quarterly Wages,3970276591,3976273192,Not applicable,Not applicable,Not applicable,3976273192
2021,4,Puerto Rico,Quarterly Establishments,48222,48586,Not applicable,Not applicable,Not applicable,48586
2021,4,Puerto Rico,October Employment,902316,903331,Not applicable,Not applicable,Not applicable,903331
2021,4,Puerto Rico,November Employment,913393,914369,Not applicable,Not applicable,Not applicable,914369
2021,4,Puerto Rico,December Employment,935324,936583,Not applicable,Not applicable,Not applicable,936583
2021,4,Puerto Rico,Total Quarterly Wages,7690349271,7713009454,Not applicable,Not applicable,Not applicable,7713009454
2021,4,Virgin Islands,Quarterly Establishments,3449,3441,Not applicable,Not applicable,Not applicable,3441
2021,4,Virgin Islands,October Employment,34378,34433,Not applicable,Not applicable,Not applicable,34433
2021,4,Virgin Islands,November Employment,34794,34851,Not applicable,Not applicable,Not applicable,34851
2021,4,Virgin Islands,December Employment,35049,35112,Not applicable,Not applicable,Not applicable,35112
2021,4,Virgin Islands,Total Quarterly Wages,492197831,445325644,Not applicable,Not applicable,Not applicable,445325644
2022,1,United States,Quarterly Establishments,11299030,11294919,11281490,11281736,11273186,11273186
2022,1,United States,January Employment,145509278,145582488,145598412,145592423,145546514,145546514
2022,1,United States,February Employment,147086687,147172213,147185607,147178427,147135587,147135587
2022,1,United States,March Employment,147648359,147781400,147815124,147815394,147775977,147775977
2022,1,United States,Total Quarterly Wages,2621223948846,2622652420011,2622989830355,2622964147728,2623077175426,2623077175426
2022,1,Alabama,Quarterly Establishments,143711,146120,146210,146573,146576,146576
2022,1,Alabama,January Employment,1974054,1979741,1979479,1979882,1979365,1979365
2022,1,Alabama,February Employment,1996270,2003307,2003087,2003101,2002560,2002560
2022,1,Alabama,March Employment,1990429,2003197,2003277,2003331,2002768,2002768
2022,1,Alabama,Total Quarterly Wages,27683546282,27729944688,27725777293,27725830552,27713067504,27713067504
2022,1,Alaska,Quarterly Establishments,24184,23948,23826,23757,23682,23682
2022,1,Alaska,January Employment,295308,295219,295353,295362,295369,295369
2022,1,Alaska,February Employment,301537,301456,301614,301620,301627,301627
2022,1,Alaska,March Employment,303868,303871,304053,304054,304067,304067
2022,1,Alaska,Total Quarterly Wages,4599476743,4599839094,4601727313,4605236867,4605914378,4605914378
2022,1,Arizona,Quarterly Establishments,195834,196042,197015,198868,198949,198949
2022,1,Arizona,January Employment,3011525,3012501,3015928,3017258,3022275,3022275
2022,1,Arizona,February Employment,3049211,3050674,3054915,3055653,3061122,3061122
2022,1,Arizona,March Employment,3048191,3049456,3053982,3055035,3060912,3060912
2022,1,Arizona,Total Quarterly Wages,48692786005,48857127707,48901588458,48942305718,49014850647,49014850647
2022,1,Arkansas,Quarterly Establishments,98275,97780,97602,97550,97501,97501
2022,1,Arkansas,January Employment,1219256,1216381,1215393,1215427,1215308,1215308
2022,1,Arkansas,February Employment,1230325,1230990,1230371,1230408,1230296,1230296
2022,1,Arkansas,March Employment,1232689,1234642,1234027,1234089,1234002,1234002
2022,1,Arkansas,Total Quarterly Wages,16908948716,16888985700,16888992558,16883170464,16882841081,16882841081
2022,1,California,Quarterly Establishments,1667619,1658354,1650879,1649133,1648706,1648706
2022,1,California,January Employment,17435823,17434489,17432169,17431398,17385639,17385639
2022,1,California,February Employment,17690682,17685777,17683720,17684411,17638325,17638325
2022,1,California,March Employment,17720778,17731739,17730116,17730844,17684796,17684796
2022,1,California,Total Quarterly Wages,376425851552,376039788524,375877118741,375848019428,375783542363,375783542363
2022,1,Colorado,Quarterly Establishments,237950,237904,238041,238036,238040,238040
2022,1,Colorado,January Employment,2735610,2736743,2736308,2736031,2735925,2735925
2022,1,Colorado,February Employment,2759019,2759547,2759111,2758835,2758734,2758734
2022,1,Colorado,March Employment,2767893,2769953,2769507,2769231,2769137,2769137
2022,1,Colorado,Total Quarterly Wages,52086837500,52089382753,52084640455,52082729288,52086383475,52086383475
2022,1,Connecticut,Quarterly Establishments,135749,136159,136180,136181,136183,136183
2022,1,Connecticut,January Employment,1595423,1596103,1596421,1596451,1596442,1596442
2022,1,Connecticut,February Employment,1608577,1609245,1609615,1609640,1609632,1609632
2022,1,Connecticut,March Employment,1618597,1619315,1619407,1619414,1619407,1619407
2022,1,Connecticut,Total Quarterly Wages,35857480015,35866872677,35873045382,35874417728,35874948272,35874948272
2022,1,Delaware,Quarterly Establishments,38114,38874,39383,39714,40010,40010
2022,1,Delaware,January Employment,440521,442052,442037,442083,442093,442093
2022,1,Delaware,February Employment,445236,446348,446083,446102,446112,446112
2022,1,Delaware,March Employment,447834,449013,448890,448918,448928,448928
2022,1,Delaware,Total Quarterly Wages,7872544841,7938262874,7935908324,7918667275,7917455545,7917455545
2022,1,District of Columbia,Quarterly Establishments,46889,47182,47184,47183,47182,47182
2022,1,District of Columbia,January Employment,738289,737392,737366,737338,736673,736673
2022,1,District of Columbia,February Employment,744745,743685,743659,743631,741274,741274
2022,1,District of Columbia,March Employment,749070,748266,748240,748212,745530,745530
2022,1,District of Columbia,Total Quarterly Wages,21479994408,21514805497,21513440592,21512480918,21454068439,21454068439
2022,1,Florida,Quarterly Establishments,843961,836661,837829,837772,837709,837709
2022,1,Florida,January Employment,9121671,9129074,9129657,9128844,9128173,9128173
2022,1,Florida,February Employment,9234082,9242606,9243560,9242735,9241993,9241993
2022,1,Florida,March Employment,9249245,9262039,9263232,9262372,9261695,9261695
2022,1,Florida,Total Quarterly Wages,146189842836,145661250767,145704057636,145702210684,145695190539,145695190539
2022,1,Georgia,Quarterly Establishments,359583,358894,359520,359538,357864,357864
2022,1,Georgia,January Employment,4551691,4569567,4570743,4571773,4572625,4572625
2022,1,Georgia,February Employment,4603876,4622339,4623536,4624695,4628489,4628489
2022,1,Georgia,March Employment,4615150,4633360,4634449,4635931,4637546,4637546
2022,1,Georgia,Total Quarterly Wages,77650670766,77921645591,77927792538,77951506391,77792295128,77792295128
2022,1,Hawaii,Quarterly Establishments,50387,50578,50719,50824,50702,50702
2022,1,Hawaii,January Employment,600744,601719,602052,602288,602465,602465
2022,1,Hawaii,February Employment,609311,610383,610692,610949,611136,611136
2022,1,Hawaii,March Employment,612070,613305,613650,613913,614110,614110
2022,1,Hawaii,Total Quarterly Wages,8965013762,8982909619,8987301960,8991753637,8994513578,8994513578
2022,1,Idaho,Quarterly Establishments,83632,82696,83077,83595,83801,83801
2022,1,Idaho,January Employment,789171,788700,789067,789066,788507,788507
2022,1,Idaho,February Employment,799846,799793,800160,800168,799086,799086
2022,1,Idaho,March Employment,806369,805823,806303,806430,805623,805623
2022,1,Idaho,Total Quarterly Wages,10197723544,10207062306,10211967347,10211920316,10213621122,10213621122
2022,1,Illinois,Quarterly Establishments,403830,399419,395910,389971,386758,386758
2022,1,Illinois,January Employment,5719002,5719911,5718480,5720539,5720852,5720852
2022,1,Illinois,February Employment,5761176,5761109,5760051,5762298,5762552,5762552
2022,1,Illinois,March Employment,5808768,5809686,5809680,5812730,5813110,5813110
2022,1,Illinois,Total Quarterly Wages,111440063836,111324395630,111320580882,111339061383,111343633964,111343633964
2022,1,Indiana,Quarterly Establishments,183030,186962,187069,187096,187084,187084
2022,1,Indiana,January Employment,3027821,3028369,3028501,3028409,3028836,3028836
2022,1,Indiana,February Employment,3051230,3050398,3050882,3050811,3051314,3051314
2022,1,Indiana,March Employment,3071111,3069660,3070207,3069561,3070128,3070128
2022,1,Indiana,Total Quarterly Wages,44686970452,44692287969,44911241606,44907894510,44908358885,44908358885
2022,1,Iowa,Quarterly Establishments,108226,109641,109637,109628,109626,109626
2022,1,Iowa,January Employment,1496256,1496495,1496440,1495986,1495986,1495986
2022,1,Iowa,February Employment,1506212,1506875,1506821,1506376,1506376,1506376
2022,1,Iowa,March Employment,1511649,1512520,1512469,1512018,1512018,1512018
2022,1,Iowa,Total Quarterly Wages,21119432611,21253018256,21252176854,21245571101,21245571101,21245571101
2022,1,Kansas,Quarterly Establishments,93058,91279,91374,91215,91175,91175
2022,1,Kansas,January Employment,1356892,1356738,1357091,1357387,1357444,1357444
2022,1,Kansas,February Employment,1368600,1368558,1369011,1369292,1369349,1369349
2022,1,Kansas,March Employment,1369780,1369858,1370289,1370562,1370605,1370605
2022,1,Kansas,Total Quarterly Wages,19033561714,19018170984,19022916797,19045489190,19045072283,19045072283
2022,1,Kentucky,Quarterly Establishments,137498,138170,138485,138777,138800,138800
2022,1,Kentucky,January Employment,1883409,1871903,1872603,1872308,1872313,1872313
2022,1,Kentucky,February Employment,1897343,1886395,1886936,1886628,1886633,1886633
2022,1,Kentucky,March Employment,1911484,1900488,1901263,1901006,1901004,1901004
2022,1,Kentucky,Total Quarterly Wages,25604111533,25533195322,25540773534,25538508403,25538485282,25538485282
2022,1,Louisiana,Quarterly Establishments,147593,147798,147275,146793,146343,146343
2022,1,Louisiana,January Employment,1805773,1826614,1826973,1828461,1829485,1829485
2022,1,Louisiana,February Employment,1823560,1844265,1844918,1846472,1847477,1847477
2022,1,Louisiana,March Employment,1820599,1842878,1843596,1845270,1846373,1846373
2022,1,Louisiana,Total Quarterly Wages,24993044828,25200013417,25204683377,25217080113,25226525350,25226525350
2022,1,Maine,Quarterly Establishments,60417,60620,60727,60863,60832,60832
2022,1,Maine,January Employment,597488,597726,598323,598572,598373,598373
2022,1,Maine,February Employment,600930,601327,602288,602537,602549,602549
2022,1,Maine,March Employment,604139,604904,606116,606435,606441,606441
2022,1,Maine,Total Quarterly Wages,8613454690,8623104464,8629048983,8632820645,8634825272,8634825272
2022,1,Maryland,Quarterly Establishments,179918,181889,181604,182151,183905,183905
2022,1,Maryland,January Employment,2589057,2581321,2587370,2577999,2567007,2567007
2022,1,Maryland,February Employment,2614254,2607518,2613077,2604205,2593337,2593337
2022,1,Maryland,March Employment,2623102,2598830,2614899,2605836,2595325,2595325
2022,1,Maryland,Total Quarterly Wages,47816493575,47822774569,47824062749,47647713118,47509624574,47509624574
2022,1,Massachusetts,Quarterly Establishments,286587,285361,285307,285249,285242,285242
2022,1,Massachusetts,January Employment,3470615,3472117,3473002,3473235,3472916,3472916
2022,1,Massachusetts,February Employment,3499724,3501747,3502614,3502788,3502932,3502932
2022,1,Massachusetts,March Employment,3516038,3519646,3520599,3520800,3521021,3521021
2022,1,Massachusetts,Total Quarterly Wages,83023263946,83031675542,83055908404,83060651955,83063263126,83063263126
2022,1,Michigan,Quarterly Establishments,282241,284086,284873,285446,285834,285834
2022,1,Michigan,January Employment,4149394,4155923,4157744,4158846,4158809,4158809
2022,1,Michigan,February Employment,4194500,4200604,4202326,4203448,4203420,4203420
2022,1,Michigan,March Employment,4212492,4218649,4220759,4223203,4223175,4223175
2022,1,Michigan,Total Quarterly Wages,66680160854,66759283023,66774580842,66790323411,66815276192,66815276192
2022,1,Minnesota,Quarterly Establishments,194132,194667,195141,196309,194773,194773
2022,1,Minnesota,January Employment,2766591,2768577,2769391,2768360,2769663,2769663
2022,1,Minnesota,February Employment,2778426,2781510,2782042,2781618,2783240,2783240
2022,1,Minnesota,March Employment,2772633,2776968,2777929,2780918,2782732,2782732
2022,1,Minnesota,Total Quarterly Wages,49512168402,49534938392,49512008804,49544119714,49558461622,49558461622
2022,1,Mississippi,Quarterly Establishments,77902,78862,79090,79303,79294,79294
2022,1,Mississippi,January Employment,1124669,1124872,1125646,1125483,1125489,1125489
2022,1,Mississippi,February Employment,1135031,1135898,1136217,1135686,1135692,1135692
2022,1,Mississippi,March Employment,1134199,1135700,1136126,1135638,1135644,1135644
2022,1,Mississippi,Total Quarterly Wages,12932768732,12952027138,12965124149,12969525868,12970316099,12970316099
2022,1,Missouri,Quarterly Establishments,227148,227370,227512,227404,227303,227303
2022,1,Missouri,January Employment,2748303,2747862,2747488,2747274,2747271,2747271
2022,1,Missouri,February Employment,2773277,2772702,2772272,2772099,2772096,2772096
2022,1,Missouri,March Employment,2788202,2788358,2787921,2787780,2787776,2787776
2022,1,Missouri,Total Quarterly Wages,40611412584,40608041537,40603717053,40602241388,40602235192,40602235192
2022,1,Montana,Quarterly Establishments,57460,57466,57494,57464,57457,57457
2022,1,Montana,January Employment,470563,476626,476359,476328,476480,476480
2022,1,Montana,February Employment,476881,482847,482567,482544,482687,482687
2022,1,Montana,March Employment,479893,485864,485620,485599,485743,485743
2022,1,Montana,Total Quarterly Wages,6129619806,6182222192,6178965049,6178635764,6179352209,6179352209
2022,1,Nebraska,Quarterly Establishments,78663,78727,78424,78423,78423,78423
2022,1,Nebraska,January Employment,955264,956119,955074,955127,955127,955127
2022,1,Nebraska,February Employment,962504,963449,962343,962394,962394,962394
2022,1,Nebraska,March Employment,965387,967379,966230,966277,966277,966277
2022,1,Nebraska,Total Quarterly Wages,13486276592,13502739803,13490853954,13489584094,13489584094,13489584094
2022,1,Nevada,Quarterly Establishments,102669,103811,104131,102270,102384,102384
2022,1,Nevada,January Employment,1411206,1412618,1410750,1410864,1411893,1411893
2022,1,Nevada,February Employment,1432711,1433650,1431861,1432165,1432994,1432994
2022,1,Nevada,March Employment,1441320,1442906,1440987,1441425,1442470,1442470
2022,1,Nevada,Total Quarterly Wages,21613466625,21592884813,21542275033,21536557302,21550215968,21550215968
2022,1,New Hampshire,Quarterly Establishments,61053,60439,60383,60390,60380,60380
2022,1,New Hampshire,January Employment,651410,651670,651700,651682,651654,651654
2022,1,New Hampshire,February Employment,656600,656722,656754,656728,656698,656698
2022,1,New Hampshire,March Employment,659906,660039,660069,659965,659946,659946
2022,1,New Hampshire,Total Quarterly Wages,11609721896,11613200674,11611034485,11610604925,11609772736,11609772736
2022,1,New Jersey,Quarterly Establishments,317879,314243,307606,307885,302523,302523
2022,1,New Jersey,January Employment,4003460,3999176,3995375,3994978,3993844,3993844
2022,1,New Jersey,February Employment,4053125,4048320,4044567,4044169,4042792,4042792
2022,1,New Jersey,March Employment,4085071,4079588,4076527,4076160,4075042,4075042
2022,1,New Jersey,Total Quarterly Wages,84485989201,84436935142,84405297978,84404626554,84395878154,84395878154
2022,1,New Mexico,Quarterly Establishments,68041,68539,68750,68714,68748,68748
2022,1,New Mexico,January Employment,807660,808138,808586,809302,810208,810208
2022,1,New Mexico,February Employment,815850,816546,816988,817692,818623,818623
2022,1,New Mexico,March Employment,817378,818971,819420,820124,821054,821054
2022,1,New Mexico,Total Quarterly Wages,10762634647,10761883433,10766355836,10771902477,10779004553,10779004553
2022,1,New York,Quarterly Establishments,681295,682043,678536,683565,685536,685536
2022,1,New York,January Employment,8946188,8943754,8942965,8943306,8943209,8943209
2022,1,New York,February Employment,9052166,9050345,9045007,9042091,9043934,9043934
2022,1,New York,March Employment,9107188,9109289,9105347,9103157,9105176,9105176
2022,1,New York,Total Quarterly Wages,231620670918,231635575178,231605303523,231574172323,231586165517,231586165517
2022,1,North Carolina,Quarterly Establishments,335779,337128,337118,337072,337010,337010
2022,1,North Carolina,January Employment,4557409,4554803,4556368,4555858,4556542,4556542
2022,1,North Carolina,February Employment,4618142,4616772,4618473,4617936,4618485,4618485
2022,1,North Carolina,March Employment,4638279,4637283,4639029,4638485,4639176,4639176
2022,1,North Carolina,Total Quarterly Wages,74314701554,75336577061,75363701993,75361306020,75568535948,75568535948
2022,1,North Dakota,Quarterly Establishments,33345,33392,33392,33392,33392,33392
2022,1,North Dakota,January Employment,396047,396596,396596,396596,396596,396596
2022,1,North Dakota,February Employment,397980,398562,398562,398562,398562,398562
2022,1,North Dakota,March Employment,400535,401490,401490,401490,401490,401490
2022,1,North Dakota,Total Quarterly Wages,5724799486,5737860321,5737860321,5737860321,5737860321,5737860321
2022,1,Ohio,Quarterly Establishments,320454,321707,321724,321725,321728,321728
2022,1,Ohio,January Employment,5244062,5245550,5245642,5245554,5245432,5245432
2022,1,Ohio,February Employment,5273528,5275649,5275680,5275656,5275548,5275548
2022,1,Ohio,March Employment,5298986,5301159,5301212,5301920,5302874,5302874
2022,1,Ohio,Total Quarterly Wages,80780640732,80788009856,80802133899,80806126346,80811372792,80811372792
2022,1,Oklahoma,Quarterly Establishments,120708,120539,120539,120539,120540,120540
2022,1,Oklahoma,January Employment,1584679,1582259,1582662,1582878,1583133,1583133
2022,1,Oklahoma,February Employment,1597256,1595501,1595818,1596030,1596329,1596329
2022,1,Oklahoma,March Employment,1601840,1600806,1601160,1601372,1601679,1601679
2022,1,Oklahoma,Total Quarterly Wages,20974985146,21065234287,21068522292,21070366418,21077346197,21077346197
2022,1,Oregon,Quarterly Establishments,175062,176210,176544,177560,177566,177566
2022,1,Oregon,January Employment,1888461,1889821,1890424,1892049,1893312,1893312
2022,1,Oregon,February Employment,1910375,1912715,1913367,1915030,1916169,1916169
2022,1,Oregon,March Employment,1921866,1925532,1929278,1931201,1932543,1932543
2022,1,Oregon,Total Quarterly Wages,31210840684,31168433607,31179380955,31203089124,31218033698,31218033698
2022,1,Pennsylvania,Quarterly Establishments,384014,379668,379661,379655,379655,379655
2022,1,Pennsylvania,January Employment,5695797,5693435,5693289,5693247,5693247,5693247
2022,1,Pennsylvania,February Employment,5737010,5735571,5735401,5735360,5735360,5735360
2022,1,Pennsylvania,March Employment,5778217,5784390,5783487,5783443,5783443,5783443
2022,1,Pennsylvania,Total Quarterly Wages,97612153209,97614533011,97607002588,97606830115,97606830115,97606830115
2022,1,Rhode Island,Quarterly Establishments,45014,45066,45144,45143,45142,45142
2022,1,Rhode Island,January Employment,461517,460401,459903,459901,459901,459901
2022,1,Rhode Island,February Employment,467010,465983,466182,466181,466181,466181
2022,1,Rhode Island,March Employment,469326,468406,468550,468549,468549,468549
2022,1,Rhode Island,Total Quarterly Wages,7566286286,7555727853,7557691166,7557662018,7557662018,7557662018
2022,1,South Carolina,Quarterly Establishments,164146,164274,164261,164263,164263,164263
2022,1,South Carolina,January Employment,2114241,2116528,2117416,2117662,2117688,2117688
2022,1,South Carolina,February Employment,2140293,2143648,2144429,2144789,2144810,2144810
2022,1,South Carolina,March Employment,2142875,2146912,2147862,2148319,2148337,2148337
2022,1,South Carolina,Total Quarterly Wages,28902027968,28908059817,28901628550,28905452288,28904829749,28904829749
2022,1,South Dakota,Quarterly Establishments,37770,37710,37714,37714,37714,37714
2022,1,South Dakota,January Employment,425839,425784,425785,425785,425785,425785
2022,1,South Dakota,February Employment,428654,428634,428635,428635,428635,428635
2022,1,South Dakota,March Employment,432011,432033,432035,432035,432035,432035
2022,1,South Dakota,Total Quarterly Wages,5643640112,5644405934,5644419413,5644419413,5644419413,5644419413
2022,1,Tennessee,Quarterly Establishments,198090,196662,196574,196457,196478,196478
2022,1,Tennessee,January Employment,3049636,3055172,3057819,3057330,3057863,3057863
2022,1,Tennessee,February Employment,3089126,3095066,3097676,3097321,3097874,3097874
2022,1,Tennessee,March Employment,3104060,3109677,3112569,3112184,3112726,3112726
2022,1,Tennessee,Total Quarterly Wages,46954757190,47101322806,47115087051,47099820296,47106211583,47106211583
2022,1,Texas,Quarterly Establishments,788445,792306,792321,792325,792319,792319
2022,1,Texas,January Employment,12788905,12803525,12802909,12803690,12804006,12804006
2022,1,Texas,February Employment,12946994,12962716,12962023,12962891,12963253,12963253
2022,1,Texas,March Employment,12985441,13008038,13007782,13008005,13008420,13008420
2022,1,Texas,Total Quarterly Wages,229686935640,229872908355,229861245099,229894460948,230037986366,230037986366
2022,1,Utah,Quarterly Establishments,126450,126806,126782,126768,126763,126763
2022,1,Utah,January Employment,1599429,1600683,1600584,1600568,1600554,1600554
2022,1,Utah,February Employment,1619412,1621190,1621095,1620966,1620961,1620961
2022,1,Utah,March Employment,1625602,1627986,1627885,1627829,1628542,1628542
2022,1,Utah,Total Quarterly Wages,24193277715,24261327347,24260237187,24260064639,24260009685,24260009685
2022,1,Vermont,Quarterly Establishments,29265,29501,29501,29606,28846,28846
2022,1,Vermont,January Employment,291933,294170,294290,294197,294187,294187
2022,1,Vermont,February Employment,295325,297325,297306,297219,297214,297214
2022,1,Vermont,March Employment,295776,297704,297706,297621,297624,297624
2022,1,Vermont,Total Quarterly Wages,4235649184,4253686406,4253797008,4251742398,4253035906,4253035906
2022,1,Virginia,Quarterly Establishments,310760,313421,314710,314701,314705,314705
2022,1,Virginia,January Employment,3838429,3839924,3845139,3845442,3845505,3845505
2022,1,Virginia,February Employment,3881416,3883274,3888644,3888930,3889228,3889228
2022,1,Virginia,March Employment,3889415,3894220,3899598,3900035,3900136,3900136
2022,1,Virginia,Total Quarterly Wages,68717810822,68708037805,68801886408,68808378296,68811254963,68811254963
2022,1,Washington,Quarterly Establishments,277287,280018,281731,281237,282255,282255
2022,1,Washington,January Employment,3378438,3380382,3379212,3376105,3375712,3375712
2022,1,Washington,February Employment,3426185,3428230,3426805,3423366,3422983,3422983
2022,1,Washington,March Employment,3453412,3456907,3455628,3452935,3452567,3452567
2022,1,Washington,Total Quarterly Wages,70950243868,70880795326,70970564136,70996518961,70995074969,70995074969
2022,1,West Virginia,Quarterly Establishments,55159,55353,55115,54504,54437,54437
2022,1,West Virginia,January Employment,658630,659223,660882,660498,660635,660635
2022,1,West Virginia,February Employment,663170,663626,665662,665205,665421,665421
2022,1,West Virginia,March Employment,668133,668621,671042,670289,670500,670500
2022,1,West Virginia,Total Quarterly Wages,8349400276,8361808175,8396549679,8389056387,8386855914,8386855914
2022,1,Wisconsin,Quarterly Establishments,193851,193618,192906,192547,192163,192163
2022,1,Wisconsin,January Employment,2784630,2786666,2786157,2785905,2787207,2787207
2022,1,Wisconsin,February Employment,2805415,2807896,2807093,2807167,2807925,2807925
2022,1,Wisconsin,March Employment,2816455,2820053,2819386,2819105,2821438,2821438
2022,1,Wisconsin,Total Quarterly Wages,41407933284,41391748397,41388985042,41383961571,41389957056,41389957056
2022,1,Wyoming,Quarterly Establishments,28903,28956,28960,28888,28885,28885
2022,1,Wyoming,January Employment,261089,261356,261501,261511,261491,261491
2022,1,Wyoming,February Employment,262579,262920,263091,263194,263174,263174
2022,1,Wyoming,March Employment,263608,264023,264239,264339,264317,264317
2022,1,Wyoming,Total Quarterly Wages,3611861278,3625698372,3628869079,3629698665,3629584489,3629584489
2022,1,Puerto Rico,Quarterly Establishments,48739,49266,49655,49865,50000,50000
2022,1,Puerto Rico,January Employment,901530,902945,903446,903422,903381,903381
2022,1,Puerto Rico,February Employment,905253,907066,907567,907592,907540,907540
2022,1,Puerto Rico,March Employment,917052,918866,919549,919570,919510,919510
2022,1,Puerto Rico,Total Quarterly Wages,6838414336,6851860754,6865112564,6865963984,6869047948,6869047948
2022,1,Virgin Islands,Quarterly Establishments,3535,3532,3560,3585,3588,3588
2022,1,Virgin Islands,January Employment,33794,33896,33949,34156,34158,34158
2022,1,Virgin Islands,February Employment,34251,34430,34502,34712,34729,34729
2022,1,Virgin Islands,March Employment,34805,35003,35074,35271,35296,35296
2022,1,Virgin Islands,Total Quarterly Wages,422116954,423942306,424153982,423290103,423165228,423165228
2022,2,United States,Quarterly Establishments,11460819,11445290,11453208,11444566,Not applicable,11444566
2022,2,United States,April Employment,149140379,149265287,149283515,149292669,Not applicable,149292669
2022,2,United States,May Employment,150044072,150188543,150205576,150218335,Not applicable,150218335
2022,2,United States,June Employment,149901995,150541452,150658220,150675725,Not applicable,150675725
2022,2,United States,Total Quarterly Wages,2517903680902,2519073440204,2519285376172,2519113158803,Not applicable,2519113158803
2022,2,Alabama,Quarterly Establishments,147764,147283,146638,147066,Not applicable,147066
2022,2,Alabama,April Employment,2015450,2015849,2015897,2015571,Not applicable,2015571
2022,2,Alabama,May Employment,2018284,2019465,2019975,2019727,Not applicable,2019727
2022,2,Alabama,June Employment,2006959,2020439,2025064,2024965,Not applicable,2024965
2022,2,Alabama,Total Quarterly Wages,27985074296,27961484593,27952925135,27945915032,Not applicable,27945915032
2022,2,Alaska,Quarterly Establishments,24410,24309,24222,24128,Not applicable,24128
2022,2,Alaska,April Employment,308664,308818,308826,308850,Not applicable,308850
2022,2,Alaska,May Employment,319648,319814,319792,319810,Not applicable,319810
2022,2,Alaska,June Employment,329540,330529,330481,330526,Not applicable,330526
2022,2,Alaska,Total Quarterly Wages,5135484304,5141271122,5141507646,5142258915,Not applicable,5142258915
2022,2,Arizona,Quarterly Establishments,199833,201582,203802,203976,Not applicable,203976
2022,2,Arizona,April Employment,3063210,3066971,3068020,3072991,Not applicable,3072991
2022,2,Arizona,May Employment,3057802,3059577,3060548,3066824,Not applicable,3066824
2022,2,Arizona,June Employment,2962090,2970776,2994091,3001589,Not applicable,3001589
2022,2,Arizona,Total Quarterly Wages,48001176729,48132054544,48153022842,48237264028,Not applicable,48237264028
2022,2,Arkansas,Quarterly Establishments,98503,98383,98270,98182,Not applicable,98182
2022,2,Arkansas,April Employment,1240996,1245054,1245057,1244772,Not applicable,1244772
2022,2,Arkansas,May Employment,1246956,1251679,1251683,1251393,Not applicable,1251393
2022,2,Arkansas,June Employment,1240421,1252602,1252727,1252456,Not applicable,1252456
2022,2,Arkansas,Total Quarterly Wages,16104689608,16164960579,16162266958,16162260571,Not applicable,16162260571
2022,2,California,Quarterly Establishments,1706149,1699055,1691989,1690344,Not applicable,1690344
2022,2,California,April Employment,17853148,17850479,17850493,17847525,Not applicable,17847525
2022,2,California,May Employment,17953973,17953659,17952994,17949773,Not applicable,17949773
2022,2,California,June Employment,17915283,17982842,17983961,17980588,Not applicable,17980588
2022,2,California,Total Quarterly Wages,366007189539,365953506121,365922451353,365860953727,Not applicable,365860953727
2022,2,Colorado,Quarterly Establishments,242271,242313,242288,242289,Not applicable,242289
2022,2,Colorado,April Employment,2808265,2808481,2807578,2807561,Not applicable,2807561
2022,2,Colorado,May Employment,2813859,2814169,2813294,2813268,Not applicable,2813268
2022,2,Colorado,June Employment,2838451,2838992,2838629,2838838,Not applicable,2838838
2022,2,Colorado,Total Quarterly Wages,49883395297,49882612620,49875780376,49879585910,Not applicable,49879585910
2022,2,Connecticut,Quarterly Establishments,137638,138004,138010,138012,Not applicable,138012
2022,2,Connecticut,April Employment,1635382,1636321,1636181,1636259,Not applicable,1636259
2022,2,Connecticut,May Employment,1650194,1653430,1653357,1653412,Not applicable,1653412
2022,2,Connecticut,June Employment,1654687,1662841,1662779,1662831,Not applicable,1662831
2022,2,Connecticut,Total Quarterly Wages,31221946069,31219689930,31214796830,31215223486,Not applicable,31215223486
2022,2,Delaware,Quarterly Establishments,39060,39949,40423,40803,Not applicable,40803
2022,2,Delaware,April Employment,454860,460179,457350,456479,Not applicable,456479
2022,2,Delaware,May Employment,456907,460788,457955,459207,Not applicable,459207
2022,2,Delaware,June Employment,456438,463702,460929,462213,Not applicable,462213
2022,2,Delaware,Total Quarterly Wages,7272054106,7327190234,7285740297,7285249977,Not applicable,7285249977
2022,2,District of Columbia,Quarterly Establishments,48172,48170,48170,48167,Not applicable,48167
2022,2,District of Columbia,April Employment,750177,750202,750223,747151,Not applicable,747151
2022,2,District of Columbia,May Employment,749308,749346,749296,746300,Not applicable,746300
2022,2,District of Columbia,June Employment,747597,749338,749749,746493,Not applicable,746493
2022,2,District of Columbia,Total Quarterly Wages,20825902953,20643577995,20638774862,20527205848,Not applicable,20527205848
2022,2,Florida,Quarterly Establishments,858716,844572,846433,846274,Not applicable,846274
2022,2,Florida,April Employment,9327718,9334472,9347289,9346975,Not applicable,9346975
2022,2,Florida,May Employment,9331874,9338285,9351578,9350456,Not applicable,9350456
2022,2,Florida,June Employment,9126707,9192071,9206621,9205415,Not applicable,9205415
2022,2,Florida,Total Quarterly Wages,142816771686,142864016739,143087776237,143076269384,Not applicable,143076269384
2022,2,Georgia,Quarterly Establishments,369177,369684,381839,380039,Not applicable,380039
2022,2,Georgia,April Employment,4673426,4677821,4678869,4681099,Not applicable,4681099
2022,2,Georgia,May Employment,4685529,4692568,4692842,4696385,Not applicable,4696385
2022,2,Georgia,June Employment,4669558,4695708,4694624,4697396,Not applicable,4697396
2022,2,Georgia,Total Quarterly Wages,74199463075,74262291050,74287852359,74078713636,Not applicable,74078713636
2022,2,Hawaii,Quarterly Establishments,51556,51752,51874,51738,Not applicable,51738
2022,2,Hawaii,April Employment,616063,617033,616926,616977,Not applicable,616977
2022,2,Hawaii,May Employment,615941,616913,616888,616937,Not applicable,616937
2022,2,Hawaii,June Employment,612602,616361,616359,616401,Not applicable,616401
2022,2,Hawaii,Total Quarterly Wages,9207598008,9223819646,9232930327,9236704456,Not applicable,9236704456
2022,2,Idaho,Quarterly Establishments,83170,84581,85068,85354,Not applicable,85354
2022,2,Idaho,April Employment,811647,812480,812626,812667,Not applicable,812667
2022,2,Idaho,May Employment,819180,820081,820221,820292,Not applicable,820292
2022,2,Idaho,June Employment,824150,825676,830463,830506,Not applicable,830506
2022,2,Idaho,Total Quarterly Wages,10729036759,10731543507,10724358354,10727503561,Not applicable,10727503561
2022,2,Illinois,Quarterly Establishments,407973,403876,397530,393541,Not applicable,393541
2022,2,Illinois,April Employment,5870573,5871129,5875166,5875318,Not applicable,5875318
2022,2,Illinois,May Employment,5920000,5921835,5926124,5926352,Not applicable,5926352
2022,2,Illinois,June Employment,5959269,5969247,5986400,5987062,Not applicable,5987062
2022,2,Illinois,Total Quarterly Wages,101913183409,101924359658,101958346928,101968891511,Not applicable,101968891511
2022,2,Indiana,Quarterly Establishments,184640,183265,183312,183301,Not applicable,183301
2022,2,Indiana,April Employment,3090762,3096953,3097338,3097788,Not applicable,3097788
2022,2,Indiana,May Employment,3112755,3119022,3119701,3120033,Not applicable,3120033
2022,2,Indiana,June Employment,3087833,3118775,3118923,3119423,Not applicable,3119423
2022,2,Indiana,Total Quarterly Wages,43586775710,43694565384,43694852292,43698950087,Not applicable,43698950087
2022,2,Iowa,Quarterly Establishments,110192,110678,110669,110667,Not applicable,110667
2022,2,Iowa,April Employment,1532474,1534647,1534277,1534267,Not applicable,1534267
2022,2,Iowa,May Employment,1543147,1545878,1545483,1545473,Not applicable,1545473
2022,2,Iowa,June Employment,1555253,1565594,1565188,1565178,Not applicable,1565178
2022,2,Iowa,Total Quarterly Wages,21210949178,21239667264,21233193914,21233058537,Not applicable,21233058537
2022,2,Kansas,Quarterly Establishments,93827,93705,92810,92710,Not applicable,92710
2022,2,Kansas,April Employment,1386627,1387661,1387565,1387380,Not applicable,1387380
2022,2,Kansas,May Employment,1392232,1393723,1393431,1393244,Not applicable,1393244
2022,2,Kansas,June Employment,1381206,1383697,1384984,1384767,Not applicable,1384767
2022,2,Kansas,Total Quarterly Wages,18735762055,18762494447,18760066551,18752411878,Not applicable,18752411878
2022,2,Kentucky,Quarterly Establishments,140918,141498,141901,142114,Not applicable,142114
2022,2,Kentucky,April Employment,1892134,1911274,1914457,1914409,Not applicable,1914409
2022,2,Kentucky,May Employment,1901079,1920654,1923703,1923679,Not applicable,1923679
2022,2,Kentucky,June Employment,1886865,1915735,1920202,1920167,Not applicable,1920167
2022,2,Kentucky,Total Quarterly Wages,26326147924,26597417555,26644805984,26640230287,Not applicable,26640230287
2022,2,Louisiana,Quarterly Establishments,149932,149511,148917,148333,Not applicable,148333
2022,2,Louisiana,April Employment,1853452,1855425,1858366,1861035,Not applicable,1861035
2022,2,Louisiana,May Employment,1857007,1859946,1862961,1865623,Not applicable,1865623
2022,2,Louisiana,June Employment,1836979,1841367,1853332,1856165,Not applicable,1856165
2022,2,Louisiana,Total Quarterly Wages,25641919960,25670212723,25701678043,25729085122,Not applicable,25729085122
2022,2,Maine,Quarterly Establishments,61610,61495,61646,61684,Not applicable,61684
2022,2,Maine,April Employment,614129,614287,614715,614864,Not applicable,614864
2022,2,Maine,May Employment,625809,626163,626723,626966,Not applicable,626966
2022,2,Maine,June Employment,637605,639339,640434,640756,Not applicable,640756
2022,2,Maine,Total Quarterly Wages,8839671048,8846979816,8860773644,8864598286,Not applicable,8864598286
2022,2,Maryland,Quarterly Establishments,184929,185263,185916,188037,Not applicable,188037
2022,2,Maryland,April Employment,2628157,2640814,2635994,2635181,Not applicable,2635181
2022,2,Maryland,May Employment,2646761,2659563,2654752,2654094,Not applicable,2654094
2022,2,Maryland,June Employment,2640272,2664799,2661334,2660858,Not applicable,2660858
2022,2,Maryland,Total Quarterly Wages,47247712882,47379922465,47276939882,47282827899,Not applicable,47282827899
2022,2,Massachusetts,Quarterly Establishments,288467,289527,289359,289333,Not applicable,289333
2022,2,Massachusetts,April Employment,3574291,3577911,3578082,3578244,Not applicable,3578244
2022,2,Massachusetts,May Employment,3598620,3603723,3604031,3604208,Not applicable,3604208
2022,2,Massachusetts,June Employment,3654275,3660447,3660723,3660692,Not applicable,3660692
2022,2,Massachusetts,Total Quarterly Wages,76824755431,76926198640,76947717479,76947376905,Not applicable,76947376905
2022,2,Michigan,Quarterly Establishments,289593,291439,292440,293034,Not applicable,293034
2022,2,Michigan,April Employment,4270336,4272649,4274043,4274509,Not applicable,4274509
2022,2,Michigan,May Employment,4318996,4321458,4323111,4323603,Not applicable,4323603
2022,2,Michigan,June Employment,4326638,4351773,4354619,4355723,Not applicable,4355723
2022,2,Michigan,Total Quarterly Wages,66235350747,66252314099,66258030905,66263028056,Not applicable,66263028056
2022,2,Minnesota,Quarterly Establishments,197803,198214,200298,198754,Not applicable,198754
2022,2,Minnesota,April Employment,2828885,2829955,2828584,2830800,Not applicable,2830800
2022,2,Minnesota,May Employment,2873637,2875113,2873985,2876381,Not applicable,2876381
2022,2,Minnesota,June Employment,2876572,2887204,2894902,2897417,Not applicable,2897417
2022,2,Minnesota,Total Quarterly Wages,47913980051,47897434256,47938099066,47985946467,Not applicable,47985946467
2022,2,Mississippi,Quarterly Establishments,79452,79911,80225,80215,Not applicable,80215
2022,2,Mississippi,April Employment,1139120,1142865,1142108,1141834,Not applicable,1141834
2022,2,Mississippi,May Employment,1141910,1144871,1144305,1144062,Not applicable,1144062
2022,2,Mississippi,June Employment,1136558,1142409,1141782,1141605,Not applicable,1141605
2022,2,Mississippi,Total Quarterly Wages,13131602318,13152278416,13154031487,13156226337,Not applicable,13156226337
2022,2,Missouri,Quarterly Establishments,231648,231861,231728,231639,Not applicable,231639
2022,2,Missouri,April Employment,2824333,2825546,2825052,2825310,Not applicable,2825310
2022,2,Missouri,May Employment,2840269,2841149,2840418,2840676,Not applicable,2840676
2022,2,Missouri,June Employment,2851967,2852729,2852087,2852372,Not applicable,2852372
2022,2,Missouri,Total Quarterly Wages,40803630685,40828939932,40829692726,40832719627,Not applicable,40832719627
2022,2,Montana,Quarterly Establishments,59353,59363,59313,59303,Not applicable,59303
2022,2,Montana,April Employment,492590,492400,492421,492542,Not applicable,492542
2022,2,Montana,May Employment,498859,498688,498745,498955,Not applicable,498955
2022,2,Montana,June Employment,504844,505683,505755,505895,Not applicable,505895
2022,2,Montana,Total Quarterly Wages,6665818225,6664665604,6664490879,6665106869,Not applicable,6665106869
2022,2,Nebraska,Quarterly Establishments,79895,78564,78549,78549,Not applicable,78549
2022,2,Nebraska,April Employment,977141,978506,978491,978491,Not applicable,978491
2022,2,Nebraska,May Employment,981816,984556,984317,984317,Not applicable,984317
2022,2,Nebraska,June Employment,988519,992876,992640,992640,Not applicable,992640
2022,2,Nebraska,Total Quarterly Wages,13536212482,13526535960,13524388025,13524388025,Not applicable,13524388025
2022,2,Nevada,Quarterly Establishments,106941,108066,105910,105792,Not applicable,105792
2022,2,Nevada,April Employment,1462134,1461166,1460563,1461523,Not applicable,1461523
2022,2,Nevada,May Employment,1469658,1469200,1469092,1470507,Not applicable,1470507
2022,2,Nevada,June Employment,1462363,1475007,1475088,1476240,Not applicable,1476240
2022,2,Nevada,Total Quarterly Wages,22142514098,22093406646,22080318079,22089481164,Not applicable,22089481164
2022,2,New Hampshire,Quarterly Establishments,62365,62031,62047,62036,Not applicable,62036
2022,2,New Hampshire,April Employment,664423,664517,664525,664496,Not applicable,664496
2022,2,New Hampshire,May Employment,670532,670829,670872,670834,Not applicable,670834
2022,2,New Hampshire,June Employment,671902,679426,679453,679423,Not applicable,679423
2022,2,New Hampshire,Total Quarterly Wages,11730128751,11732797192,11732784426,11731864434,Not applicable,11731864434
2022,2,New Jersey,Quarterly Establishments,321749,314826,314971,309494,Not applicable,309494
2022,2,New Jersey,April Employment,4121689,4117503,4116793,4115982,Not applicable,4115982
2022,2,New Jersey,May Employment,4161660,4157968,4157329,4156662,Not applicable,4156662
2022,2,New Jersey,June Employment,4221942,4223685,4223775,4222775,Not applicable,4222775
2022,2,New Jersey,Total Quarterly Wages,78027551770,78037239163,78035250787,78029414641,Not applicable,78029414641
2022,2,New Mexico,Quarterly Establishments,69642,69769,66470,66509,Not applicable,66509
2022,2,New Mexico,April Employment,827791,829303,830181,831131,Not applicable,831131
2022,2,New Mexico,May Employment,829985,831911,832813,833772,Not applicable,833772
2022,2,New Mexico,June Employment,822410,825645,826426,827484,Not applicable,827484
2022,2,New Mexico,Total Quarterly Wages,11180417864,11201706947,11209427573,11216561786,Not applicable,11216561786
2022,2,New York,Quarterly Establishments,672213,672048,678677,681799,Not applicable,681799
2022,2,New York,April Employment,9182385,9189863,9191743,9192238,Not applicable,9192238
2022,2,New York,May Employment,9275701,9282049,9282753,9283183,Not applicable,9283183
2022,2,New York,June Employment,9341476,9397769,9401159,9401610,Not applicable,9401610
2022,2,New York,Total Quarterly Wages,191215519719,191033665400,190979740673,190990001317,Not applicable,190990001317
2022,2,North Carolina,Quarterly Establishments,344029,344885,344812,344797,Not applicable,344797
2022,2,North Carolina,April Employment,4673518,4676384,4676440,4676005,Not applicable,4676005
2022,2,North Carolina,May Employment,4708227,4711452,4709189,4708738,Not applicable,4708738
2022,2,North Carolina,June Employment,4694965,4706899,4704760,4704248,Not applicable,4704248
2022,2,North Carolina,Total Quarterly Wages,70758223731,70818244363,70782578636,70770071711,Not applicable,70770071711
2022,2,North Dakota,Quarterly Establishments,33901,33975,33973,33973,Not applicable,33973
2022,2,North Dakota,April Employment,404704,404966,404966,404966,Not applicable,404966
2022,2,North Dakota,May Employment,412541,412869,412869,412869,Not applicable,412869
2022,2,North Dakota,June Employment,416901,418099,418099,418099,Not applicable,418099
2022,2,North Dakota,Total Quarterly Wages,6046388849,6048562008,6048562008,6048562008,Not applicable,6048562008
2022,2,Ohio,Quarterly Establishments,322710,324748,324743,324745,Not applicable,324745
2022,2,Ohio,April Employment,5371672,5374857,5373827,5374002,Not applicable,5374002
2022,2,Ohio,May Employment,5420050,5421787,5420692,5420770,Not applicable,5420770
2022,2,Ohio,June Employment,5404073,5426414,5427143,5428336,Not applicable,5428336
2022,2,Ohio,Total Quarterly Wages,79087172838,79113670758,79113296050,79106389297,Not applicable,79106389297
2022,2,Oklahoma,Quarterly Establishments,121907,121857,121853,121853,Not applicable,121853
2022,2,Oklahoma,April Employment,1615200,1618145,1618494,1618567,Not applicable,1618567
2022,2,Oklahoma,May Employment,1619546,1623167,1623595,1623668,Not applicable,1623668
2022,2,Oklahoma,June Employment,1610380,1617698,1618042,1618113,Not applicable,1618113
2022,2,Oklahoma,Total Quarterly Wages,21338236981,21378499913,21380135143,21385252684,Not applicable,21385252684
2022,2,Oregon,Quarterly Establishments,176749,178298,181078,181343,Not applicable,181343
2022,2,Oregon,April Employment,1939957,1941625,1943430,1945151,Not applicable,1945151
2022,2,Oregon,May Employment,1946375,1948640,1950956,1952628,Not applicable,1952628
2022,2,Oregon,June Employment,1956603,1963222,1966661,1968243,Not applicable,1968243
2022,2,Oregon,Total Quarterly Wages,31718666335,31742399336,31768073630,31788719203,Not applicable,31788719203
2022,2,Pennsylvania,Quarterly Establishments,387852,383092,383054,383054,Not applicable,383054
2022,2,Pennsylvania,April Employment,5842370,5842524,5842384,5842384,Not applicable,5842384
2022,2,Pennsylvania,May Employment,5882970,5883284,5883284,5883284,Not applicable,5883284
2022,2,Pennsylvania,June Employment,5901290,5902686,5902976,5902976,Not applicable,5902976
2022,2,Pennsylvania,Total Quarterly Wages,95646814450,95641038211,95639072395,95639072395,Not applicable,95639072395
2022,2,Rhode Island,Quarterly Establishments,45702,45921,45925,45927,Not applicable,45927
2022,2,Rhode Island,April Employment,479741,480428,480428,480426,Not applicable,480426
2022,2,Rhode Island,May Employment,484895,485325,485326,485324,Not applicable,485324
2022,2,Rhode Island,June Employment,488620,492256,492256,492254,Not applicable,492254
2022,2,Rhode Island,Total Quarterly Wages,7730032813,7737524812,7737226435,7737144222,Not applicable,7737144222
2022,2,South Carolina,Quarterly Establishments,162660,163236,163237,163237,Not applicable,163237
2022,2,South Carolina,April Employment,2170908,2171532,2172327,2172517,Not applicable,2172517
2022,2,South Carolina,May Employment,2183196,2184527,2185469,2185677,Not applicable,2185677
2022,2,South Carolina,June Employment,2170711,2186569,2187454,2187684,Not applicable,2187684
2022,2,South Carolina,Total Quarterly Wages,29501947332,29516261242,29524172292,29524033685,Not applicable,29524033685
2022,2,South Dakota,Quarterly Establishments,38438,38380,38381,38382,Not applicable,38382
2022,2,South Dakota,April Employment,437829,437861,437855,437862,Not applicable,437862
2022,2,South Dakota,May Employment,446182,446195,446185,446192,Not applicable,446192
2022,2,South Dakota,June Employment,454026,454236,454587,454594,Not applicable,454594
2022,2,South Dakota,Total Quarterly Wages,5780543464,5781415541,5781347522,5781377878,Not applicable,5781377878
2022,2,Tennessee,Quarterly Establishments,200993,200136,200046,200037,Not applicable,200037
2022,2,Tennessee,April Employment,3140558,3140033,3139707,3138888,Not applicable,3138888
2022,2,Tennessee,May Employment,3156014,3157700,3157380,3156292,Not applicable,3156292
2022,2,Tennessee,June Employment,3151882,3159684,3158864,3158137,Not applicable,3158137
2022,2,Tennessee,Total Quarterly Wages,47155908113,47139806190,47136891597,47136470317,Not applicable,47136470317
2022,2,Texas,Quarterly Establishments,796895,800003,800057,800056,Not applicable,800056
2022,2,Texas,April Employment,13128065,13138998,13141819,13142042,Not applicable,13142042
2022,2,Texas,May Employment,13178677,13192328,13195993,13196240,Not applicable,13196240
2022,2,Texas,June Employment,13135732,13177720,13195054,13195413,Not applicable,13195413
2022,2,Texas,Total Quarterly Wages,219474567365,219524386740,219520744640,219529018346,Not applicable,219529018346
2022,2,Utah,Quarterly Establishments,130259,130835,130812,130799,Not applicable,130799
2022,2,Utah,April Employment,1644174,1645364,1645288,1645273,Not applicable,1645273
2022,2,Utah,May Employment,1650635,1652314,1652403,1652386,Not applicable,1652386
2022,2,Utah,June Employment,1644004,1645941,1653179,1653164,Not applicable,1653164
2022,2,Utah,Total Quarterly Wages,24329225188,24344277140,24342544970,24342375705,Not applicable,24342375705
2022,2,Vermont,Quarterly Establishments,29857,30384,30451,29662,Not applicable,29662
2022,2,Vermont,April Employment,297771,298595,298443,298433,Not applicable,298433
2022,2,Vermont,May Employment,298282,299189,299045,299037,Not applicable,299037
2022,2,Vermont,June Employment,297654,303299,303233,303216,Not applicable,303216
2022,2,Vermont,Total Quarterly Wages,4394789025,4409657458,4406099702,4406982948,Not applicable,4406982948
2022,2,Virginia,Quarterly Establishments,320590,323703,323604,323607,Not applicable,323607
2022,2,Virginia,April Employment,3932905,3942344,3942727,3942619,Not applicable,3942619
2022,2,Virginia,May Employment,3949667,3959774,3960110,3960078,Not applicable,3960078
2022,2,Virginia,June Employment,3949093,3969536,3970680,3970750,Not applicable,3970750
2022,2,Virginia,Total Quarterly Wages,67469444145,67611278258,67615271392,67616368456,Not applicable,67616368456
2022,2,Washington,Quarterly Establishments,264925,268250,267936,268958,Not applicable,268958
2022,2,Washington,April Employment,3479417,3478591,3476204,3476078,Not applicable,3476078
2022,2,Washington,May Employment,3503753,3503530,3500807,3500438,Not applicable,3500438
2022,2,Washington,June Employment,3547150,3547612,3545394,3544970,Not applicable,3544970
2022,2,Washington,Total Quarterly Wages,71595170412,71643897172,71685981869,71680793358,Not applicable,71680793358
2022,2,West Virginia,Quarterly Establishments,56485,56208,55565,55504,Not applicable,55504
2022,2,West Virginia,April Employment,674657,676076,674703,674674,Not applicable,674674
2022,2,West Virginia,May Employment,678607,679792,678308,678264,Not applicable,678264
2022,2,West Virginia,June Employment,672051,676901,675720,675753,Not applicable,675753
2022,2,West Virginia,Total Quarterly Wages,8891936862,8923912008,8906618096,8903011927,Not applicable,8903011927
2022,2,Wisconsin,Quarterly Establishments,197851,197294,196450,195902,Not applicable,195902
2022,2,Wisconsin,April Employment,2848229,2851655,2851838,2853749,Not applicable,2853749
2022,2,Wisconsin,May Employment,2873325,2876866,2877147,2878317,Not applicable,2878317
2022,2,Wisconsin,June Employment,2897024,2916533,2917302,2920200,Not applicable,2920200
2022,2,Wisconsin,Total Quarterly Wages,40969622609,41006002679,41007950834,41016351163,Not applicable,41016351163
2022,2,Wyoming,Quarterly Establishments,29455,29538,29517,29514,Not applicable,29514
2022,2,Wyoming,April Employment,266272,266775,266836,266814,Not applicable,266814
2022,2,Wyoming,May Employment,271242,271731,271746,271725,Not applicable,271725
2022,2,Wyoming,June Employment,280605,281064,281133,281106,Not applicable,281106
2022,2,Wyoming,Total Quarterly Wages,3715603654,3721786128,3723996042,3723885734,Not applicable,3723885734
2022,2,Puerto Rico,Quarterly Establishments,49184,49790,50074,50248,Not applicable,50248
2022,2,Puerto Rico,April Employment,905386,909010,910028,909889,Not applicable,909889
2022,2,Puerto Rico,May Employment,904510,908356,909258,909142,Not applicable,909142
2022,2,Puerto Rico,June Employment,910079,914470,915495,915457,Not applicable,915457
2022,2,Puerto Rico,Total Quarterly Wages,7042386366,7070836721,7074179214,7078275598,Not applicable,7078275598
2022,2,Virgin Islands,Quarterly Establishments,3593,3605,3631,3632,Not applicable,3632
2022,2,Virgin Islands,April Employment,33458,34170,34439,34472,Not applicable,34472
2022,2,Virgin Islands,May Employment,33417,34139,34409,34454,Not applicable,34454
2022,2,Virgin Islands,June Employment,33683,34391,34660,34695,Not applicable,34695
2022,2,Virgin Islands,Total Quarterly Wages,441872647,439912320,440498438,440605248,Not applicable,440605248
2022,3,United States,Quarterly Establishments,11608876,11621394,11604587,Not applicable,Not applicable,11604587
2022,3,United States,July Employment,149647184,149853128,149870344,Not applicable,Not applicable,149870344
2022,3,United States,August Employment,150508255,150719639,150736983,Not applicable,Not applicable,150736983
2022,3,United States,September Employment,151239638,151498101,151524979,Not applicable,Not applicable,151524979
2022,3,United States,Total Quarterly Wages,2609769852933,2612160940853,2612346739128,Not applicable,Not applicable,2612346739128
2022,3,Alabama,Quarterly Establishments,150070,149459,149840,Not applicable,Not applicable,149840
2022,3,Alabama,July Employment,2022170,2028334,2031069,Not applicable,Not applicable,2031069
2022,3,Alabama,August Employment,2023755,2027430,2031393,Not applicable,Not applicable,2031393
2022,3,Alabama,September Employment,2031595,2038142,2042105,Not applicable,Not applicable,2042105
2022,3,Alabama,Total Quarterly Wages,29506998383,29519005791,29537442829,Not applicable,Not applicable,29537442829
2022,3,Alaska,Quarterly Establishments,24851,24726,24619,Not applicable,Not applicable,24619
2022,3,Alaska,July Employment,330346,330273,330326,Not applicable,Not applicable,330326
2022,3,Alaska,August Employment,329581,329550,329648,Not applicable,Not applicable,329648
2022,3,Alaska,September Employment,325228,325124,325256,Not applicable,Not applicable,325256
2022,3,Alaska,Total Quarterly Wages,5568797376,5562942464,5565796699,Not applicable,Not applicable,5565796699
2022,3,Arizona,Quarterly Establishments,205366,208450,208792,Not applicable,Not applicable,208792
2022,3,Arizona,July Employment,2975010,2983771,2991906,Not applicable,Not applicable,2991906
2022,3,Arizona,August Employment,3058749,3065414,3073239,Not applicable,Not applicable,3073239
2022,3,Arizona,September Employment,3080570,3088791,3097297,Not applicable,Not applicable,3097297
2022,3,Arizona,Total Quarterly Wages,49425515718,49522771867,49667115970,Not applicable,Not applicable,49667115970
2022,3,Arkansas,Quarterly Establishments,100088,100002,99773,Not applicable,Not applicable,99773
2022,3,Arkansas,July Employment,1213709,1217958,1217723,Not applicable,Not applicable,1217723
2022,3,Arkansas,August Employment,1244342,1249047,1248788,Not applicable,Not applicable,1248788
2022,3,Arkansas,September Employment,1262127,1267206,1266976,Not applicable,Not applicable,1266976
2022,3,Arkansas,Total Quarterly Wages,16707735108,16760462650,16760038710,Not applicable,Not applicable,16760038710
2022,3,California,Quarterly Establishments,1741332,1733273,1726403,Not applicable,Not applicable,1726403
2022,3,California,July Employment,17859114,17887742,17883504,Not applicable,Not applicable,17883504
2022,3,California,August Employment,17987826,18015504,18010770,Not applicable,Not applicable,18010770
2022,3,California,September Employment,18051073,18078147,18074348,Not applicable,Not applicable,18074348
2022,3,California,Total Quarterly Wages,374024828338,374229809317,374245816621,Not applicable,Not applicable,374245816621
2022,3,Colorado,Quarterly Establishments,247111,247241,247233,Not applicable,Not applicable,247233
2022,3,Colorado,July Employment,2836193,2840442,2840358,Not applicable,Not applicable,2840358
2022,3,Colorado,August Employment,2838373,2846477,2846391,Not applicable,Not applicable,2846391
2022,3,Colorado,September Employment,2813872,2824426,2824382,Not applicable,Not applicable,2824382
2022,3,Colorado,Total Quarterly Wages,52663914930,52981540200,53039960867,Not applicable,Not applicable,53039960867
2022,3,Connecticut,Quarterly Establishments,140621,141222,141222,Not applicable,Not applicable,141222
2022,3,Connecticut,July Employment,1636656,1638885,1638950,Not applicable,Not applicable,1638950
2022,3,Connecticut,August Employment,1634034,1636853,1636966,Not applicable,Not applicable,1636966
2022,3,Connecticut,September Employment,1652825,1655386,1655463,Not applicable,Not applicable,1655463
2022,3,Connecticut,Total Quarterly Wages,31802144657,31813214958,31813803282,Not applicable,Not applicable,31813803282
2022,3,Delaware,Quarterly Establishments,39748,40604,41108,Not applicable,Not applicable,41108
2022,3,Delaware,July Employment,467335,466967,466948,Not applicable,Not applicable,466948
2022,3,Delaware,August Employment,466329,465792,465828,Not applicable,Not applicable,465828
2022,3,Delaware,September Employment,465715,463046,462813,Not applicable,Not applicable,462813
2022,3,Delaware,Total Quarterly Wages,7835102833,7789934893,7794994972,Not applicable,Not applicable,7794994972
2022,3,District of Columbia,Quarterly Establishments,49036,49200,49195,Not applicable,Not applicable,49195
2022,3,District of Columbia,July Employment,755624,756813,753581,Not applicable,Not applicable,753581
2022,3,District of Columbia,August Employment,751724,752655,749331,Not applicable,Not applicable,749331
2022,3,District of Columbia,September Employment,756603,756239,752839,Not applicable,Not applicable,752839
2022,3,District of Columbia,Total Quarterly Wages,20934624949,20922741852,20815439061,Not applicable,Not applicable,20815439061
2022,3,Florida,Quarterly Establishments,860628,858604,858369,Not applicable,Not applicable,858369
2022,3,Florida,July Employment,9210358,9215894,9216329,Not applicable,Not applicable,9216329
2022,3,Florida,August Employment,9379858,9386974,9387398,Not applicable,Not applicable,9387398
2022,3,Florida,September Employment,9417200,9428839,9429268,Not applicable,Not applicable,9429268
2022,3,Florida,Total Quarterly Wages,148050417522,148112479129,148125548694,Not applicable,Not applicable,148125548694
2022,3,Georgia,Quarterly Establishments,378403,389747,385912,Not applicable,Not applicable,385912
2022,3,Georgia,July Employment,4699687,4705134,4706566,Not applicable,Not applicable,4706566
2022,3,Georgia,August Employment,4719284,4725879,4726840,Not applicable,Not applicable,4726840
2022,3,Georgia,September Employment,4726410,4733477,4734785,Not applicable,Not applicable,4734785
2022,3,Georgia,Total Quarterly Wages,76904335160,77028292818,76846206618,Not applicable,Not applicable,76846206618
2022,3,Hawaii,Quarterly Establishments,52847,53024,52863,Not applicable,Not applicable,52863
2022,3,Hawaii,July Employment,619353,619298,619325,Not applicable,Not applicable,619325
2022,3,Hawaii,August Employment,618715,618710,618740,Not applicable,Not applicable,618740
2022,3,Hawaii,September Employment,623227,623354,623527,Not applicable,Not applicable,623527
2022,3,Hawaii,Total Quarterly Wages,9745731245,9782509775,9786186267,Not applicable,Not applicable,9786186267
2022,3,Idaho,Quarterly Establishments,86743,87835,88300,Not applicable,Not applicable,88300
2022,3,Idaho,July Employment,833651,833870,833875,Not applicable,Not applicable,833875
2022,3,Idaho,August Employment,834331,834532,834548,Not applicable,Not applicable,834548
2022,3,Idaho,September Employment,834686,835268,835282,Not applicable,Not applicable,835282
2022,3,Idaho,Total Quarterly Wages,11526764091,11529271496,11532389029,Not applicable,Not applicable,11532389029
2022,3,Illinois,Quarterly Establishments,410944,404136,399725,Not applicable,Not applicable,399725
2022,3,Illinois,July Employment,5939100,5945869,5947249,Not applicable,Not applicable,5947249
2022,3,Illinois,August Employment,5953529,5960920,5962376,Not applicable,Not applicable,5962376
2022,3,Illinois,September Employment,5982169,5992372,5995063,Not applicable,Not applicable,5995063
2022,3,Illinois,Total Quarterly Wages,105412354444,105467359229,105468428348,Not applicable,Not applicable,105468428348
2022,3,Indiana,Quarterly Establishments,188285,186948,186926,Not applicable,Not applicable,186926
2022,3,Indiana,July Employment,3111976,3114228,3113935,Not applicable,Not applicable,3113935
2022,3,Indiana,August Employment,3142416,3145065,3144725,Not applicable,Not applicable,3144725
2022,3,Indiana,September Employment,3140604,3144293,3143939,Not applicable,Not applicable,3143939
2022,3,Indiana,Total Quarterly Wages,45732074014,45759121680,45751680941,Not applicable,Not applicable,45751680941
2022,3,Iowa,Quarterly Establishments,111094,111212,111209,Not applicable,Not applicable,111209
2022,3,Iowa,July Employment,1541500,1543556,1543546,Not applicable,Not applicable,1543546
2022,3,Iowa,August Employment,1535770,1538430,1538420,Not applicable,Not applicable,1538420
2022,3,Iowa,September Employment,1541087,1544429,1544455,Not applicable,Not applicable,1544455
2022,3,Iowa,Total Quarterly Wages,22375383973,22435770265,22435638740,Not applicable,Not applicable,22435638740
2022,3,Kansas,Quarterly Establishments,95638,94418,93672,Not applicable,Not applicable,93672
2022,3,Kansas,July Employment,1385561,1386496,1386147,Not applicable,Not applicable,1386147
2022,3,Kansas,August Employment,1390698,1391435,1391086,Not applicable,Not applicable,1391086
2022,3,Kansas,September Employment,1401283,1401742,1401306,Not applicable,Not applicable,1401306
2022,3,Kansas,Total Quarterly Wages,19642423341,19637719066,19628365191,Not applicable,Not applicable,19628365191
2022,3,Kentucky,Quarterly Establishments,142912,143612,143889,Not applicable,Not applicable,143889
2022,3,Kentucky,July Employment,1863155,1867290,1867168,Not applicable,Not applicable,1867168
2022,3,Kentucky,August Employment,1919887,1924753,1924893,Not applicable,Not applicable,1924893
2022,3,Kentucky,September Employment,1941508,1946503,1946660,Not applicable,Not applicable,1946660
2022,3,Kentucky,Total Quarterly Wages,26838191044,26893738251,26891616474,Not applicable,Not applicable,26891616474
2022,3,Louisiana,Quarterly Establishments,150660,150805,150002,Not applicable,Not applicable,150002
2022,3,Louisiana,July Employment,1848194,1855674,1857952,Not applicable,Not applicable,1857952
2022,3,Louisiana,August Employment,1861272,1869534,1871765,Not applicable,Not applicable,1871765
2022,3,Louisiana,September Employment,1866269,1874516,1877216,Not applicable,Not applicable,1877216
2022,3,Louisiana,Total Quarterly Wages,26640842262,26714848030,26736590683,Not applicable,Not applicable,26736590683
2022,3,Maine,Quarterly Establishments,62218,62384,62473,Not applicable,Not applicable,62473
2022,3,Maine,July Employment,646124,647086,647922,Not applicable,Not applicable,647922
2022,3,Maine,August Employment,644755,646037,646911,Not applicable,Not applicable,646911
2022,3,Maine,September Employment,637715,639047,639847,Not applicable,Not applicable,639847
2022,3,Maine,Total Quarterly Wages,9336221081,9353729353,9363773403,Not applicable,Not applicable,9363773403
2022,3,Maryland,Quarterly Establishments,188277,189389,192089,Not applicable,Not applicable,192089
2022,3,Maryland,July Employment,2666429,2666194,2663405,Not applicable,Not applicable,2663405
2022,3,Maryland,August Employment,2650648,2650967,2648714,Not applicable,Not applicable,2648714
2022,3,Maryland,September Employment,2669118,2669757,2669211,Not applicable,Not applicable,2669211
2022,3,Maryland,Total Quarterly Wages,49074932285,49010536905,49011314827,Not applicable,Not applicable,49011314827
2022,3,Massachusetts,Quarterly Establishments,292561,292285,292183,Not applicable,Not applicable,292183
2022,3,Massachusetts,July Employment,3629215,3635343,3635539,Not applicable,Not applicable,3635539
2022,3,Massachusetts,August Employment,3615364,3622189,3622693,Not applicable,Not applicable,3622693
2022,3,Massachusetts,September Employment,3628830,3634664,3635336,Not applicable,Not applicable,3635336
2022,3,Massachusetts,Total Quarterly Wages,77797945469,77975380912,78082556107,Not applicable,Not applicable,78082556107
2022,3,Michigan,Quarterly Establishments,295989,297980,298855,Not applicable,Not applicable,298855
2022,3,Michigan,July Employment,4315616,4321444,4323104,Not applicable,Not applicable,4323104
2022,3,Michigan,August Employment,4332926,4334976,4336697,Not applicable,Not applicable,4336697
2022,3,Michigan,September Employment,4334015,4340239,4341758,Not applicable,Not applicable,4341758
2022,3,Michigan,Total Quarterly Wages,69522732518,69531606994,69537466267,Not applicable,Not applicable,69537466267
2022,3,Minnesota,Quarterly Establishments,201645,203461,202076,Not applicable,Not applicable,202076
2022,3,Minnesota,July Employment,2877059,2872928,2876313,Not applicable,Not applicable,2876313
2022,3,Minnesota,August Employment,2883565,2879717,2883376,Not applicable,Not applicable,2883376
2022,3,Minnesota,September Employment,2880943,2880645,2884234,Not applicable,Not applicable,2884234
2022,3,Minnesota,Total Quarterly Wages,50393485624,50440561221,50446660412,Not applicable,Not applicable,50446660412
2022,3,Mississippi,Quarterly Establishments,81503,82086,82187,Not applicable,Not applicable,82187
2022,3,Mississippi,July Employment,1141158,1141379,1141172,Not applicable,Not applicable,1141172
2022,3,Mississippi,August Employment,1146992,1147499,1147123,Not applicable,Not applicable,1147123
2022,3,Mississippi,September Employment,1151836,1152804,1152308,Not applicable,Not applicable,1152308
2022,3,Mississippi,Total Quarterly Wages,13907165517,13912358691,13912097158,Not applicable,Not applicable,13912097158
2022,3,Missouri,Quarterly Establishments,236875,236632,236485,Not applicable,Not applicable,236485
2022,3,Missouri,July Employment,2773778,2774311,2774233,Not applicable,Not applicable,2774233
2022,3,Missouri,August Employment,2802709,2803644,2803579,Not applicable,Not applicable,2803579
2022,3,Missouri,September Employment,2849160,2850918,2850830,Not applicable,Not applicable,2850830
2022,3,Missouri,Total Quarterly Wages,41954645553,41980048587,41978962657,Not applicable,Not applicable,41978962657
2022,3,Montana,Quarterly Establishments,61177,61212,61185,Not applicable,Not applicable,61185
2022,3,Montana,July Employment,500455,500241,500252,Not applicable,Not applicable,500252
2022,3,Montana,August Employment,502403,502403,502408,Not applicable,Not applicable,502408
2022,3,Montana,September Employment,505539,505576,505579,Not applicable,Not applicable,505579
2022,3,Montana,Total Quarterly Wages,6923230488,6921452608,6921311004,Not applicable,Not applicable,6921311004
2022,3,Nebraska,Quarterly Establishments,80535,77707,77684,Not applicable,Not applicable,77684
2022,3,Nebraska,July Employment,987496,989210,989209,Not applicable,Not applicable,989209
2022,3,Nebraska,August Employment,988831,990616,990615,Not applicable,Not applicable,990615
2022,3,Nebraska,September Employment,989183,991404,991403,Not applicable,Not applicable,991403
2022,3,Nebraska,Total Quarterly Wages,14359900721,14371044781,14370857102,Not applicable,Not applicable,14370857102
2022,3,Nevada,Quarterly Establishments,107043,105038,105174,Not applicable,Not applicable,105174
2022,3,Nevada,July Employment,1469844,1471277,1472033,Not applicable,Not applicable,1472033
2022,3,Nevada,August Employment,1485000,1485475,1485972,Not applicable,Not applicable,1485972
2022,3,Nevada,September Employment,1496101,1496348,1496537,Not applicable,Not applicable,1496537
2022,3,Nevada,Total Quarterly Wages,23242120126,23239312229,23253666366,Not applicable,Not applicable,23253666366
2022,3,New Hampshire,Quarterly Establishments,63800,63549,63229,Not applicable,Not applicable,63229
2022,3,New Hampshire,July Employment,676376,676880,677020,Not applicable,Not applicable,677020
2022,3,New Hampshire,August Employment,676756,677327,677562,Not applicable,Not applicable,677562
2022,3,New Hampshire,September Employment,677325,677850,678011,Not applicable,Not applicable,678011
2022,3,New Hampshire,Total Quarterly Wages,12006785498,12017139287,12027338340,Not applicable,Not applicable,12027338340
2022,3,New Jersey,Quarterly Establishments,320904,320472,314637,Not applicable,Not applicable,314637
2022,3,New Jersey,July Employment,4099281,4098989,4097493,Not applicable,Not applicable,4097493
2022,3,New Jersey,August Employment,4084898,4084598,4082767,Not applicable,Not applicable,4082767
2022,3,New Jersey,September Employment,4176456,4177239,4176943,Not applicable,Not applicable,4176943
2022,3,New Jersey,Total Quarterly Wages,78275515631,78299768930,78299110058,Not applicable,Not applicable,78299110058
2022,3,New Mexico,Quarterly Establishments,70915,67392,67416,Not applicable,Not applicable,67416
2022,3,New Mexico,July Employment,814434,817995,818869,Not applicable,Not applicable,818869
2022,3,New Mexico,August Employment,837201,841758,842611,Not applicable,Not applicable,842611
2022,3,New Mexico,September Employment,838110,842866,843705,Not applicable,Not applicable,843705
2022,3,New Mexico,Total Quarterly Wages,11729878617,11761101749,11769704718,Not applicable,Not applicable,11769704718
2022,3,New York,Quarterly Establishments,683169,685035,687992,Not applicable,Not applicable,687992
2022,3,New York,July Employment,9218779,9227665,9228300,Not applicable,Not applicable,9228300
2022,3,New York,August Employment,9199496,9209735,9210133,Not applicable,Not applicable,9210133
2022,3,New York,September Employment,9354987,9368137,9370776,Not applicable,Not applicable,9370776
2022,3,New York,Total Quarterly Wages,193470287295,193525367609,193535691623,Not applicable,Not applicable,193535691623
2022,3,North Carolina,Quarterly Establishments,348904,350272,350211,Not applicable,Not applicable,350211
2022,3,North Carolina,July Employment,4641393,4643530,4642984,Not applicable,Not applicable,4642984
2022,3,North Carolina,August Employment,4734496,4737081,4736558,Not applicable,Not applicable,4736558
2022,3,North Carolina,September Employment,4737509,4740594,4739980,Not applicable,Not applicable,4739980
2022,3,North Carolina,Total Quarterly Wages,73835374617,73869239624,73845605681,Not applicable,Not applicable,73845605681
2022,3,North Dakota,Quarterly Establishments,34468,34617,34617,Not applicable,Not applicable,34617
2022,3,North Dakota,July Employment,411103,411540,411540,Not applicable,Not applicable,411540
2022,3,North Dakota,August Employment,412830,413208,413208,Not applicable,Not applicable,413208
2022,3,North Dakota,September Employment,419803,420471,420471,Not applicable,Not applicable,420471
2022,3,North Dakota,Total Quarterly Wages,6411087400,6414967986,6414967986,Not applicable,Not applicable,6414967986
2022,3,Ohio,Quarterly Establishments,328912,331005,331040,Not applicable,Not applicable,331040
2022,3,Ohio,July Employment,5425810,5431379,5431479,Not applicable,Not applicable,5431479
2022,3,Ohio,August Employment,5428128,5433383,5433502,Not applicable,Not applicable,5433502
2022,3,Ohio,September Employment,5402679,5413377,5415105,Not applicable,Not applicable,5415105
2022,3,Ohio,Total Quarterly Wages,83599433398,83630066209,83638570865,Not applicable,Not applicable,83638570865
2022,3,Oklahoma,Quarterly Establishments,123859,124209,124208,Not applicable,Not applicable,124208
2022,3,Oklahoma,July Employment,1591359,1596195,1596027,Not applicable,Not applicable,1596027
2022,3,Oklahoma,August Employment,1617889,1623098,1622931,Not applicable,Not applicable,1622931
2022,3,Oklahoma,September Employment,1646648,1651055,1650884,Not applicable,Not applicable,1650884
2022,3,Oklahoma,Total Quarterly Wages,22021524618,22090604927,22089989512,Not applicable,Not applicable,22089989512
2022,3,Oregon,Quarterly Establishments,179538,184347,185096,Not applicable,Not applicable,185096
2022,3,Oregon,July Employment,1909335,1951634,1954791,Not applicable,Not applicable,1954791
2022,3,Oregon,August Employment,1911704,1954818,1958354,Not applicable,Not applicable,1958354
2022,3,Oregon,September Employment,1932641,1977703,1981637,Not applicable,Not applicable,1981637
2022,3,Oregon,Total Quarterly Wages,32435351066,33016660055,33057617289,Not applicable,Not applicable,33057617289
2022,3,Pennsylvania,Quarterly Establishments,390734,386032,386032,Not applicable,Not applicable,386032
2022,3,Pennsylvania,July Employment,5882147,5884084,5884313,Not applicable,Not applicable,5884313
2022,3,Pennsylvania,August Employment,5875932,5876733,5876921,Not applicable,Not applicable,5876921
2022,3,Pennsylvania,September Employment,5913732,5919777,5919910,Not applicable,Not applicable,5919910
2022,3,Pennsylvania,Total Quarterly Wages,99210169644,99203527625,99205116864,Not applicable,Not applicable,99205116864
2022,3,Rhode Island,Quarterly Establishments,46485,46547,46556,Not applicable,Not applicable,46556
2022,3,Rhode Island,July Employment,485869,486513,486534,Not applicable,Not applicable,486534
2022,3,Rhode Island,August Employment,486203,486848,486860,Not applicable,Not applicable,486860
2022,3,Rhode Island,September Employment,487291,487486,487502,Not applicable,Not applicable,487502
2022,3,Rhode Island,Total Quarterly Wages,7746819191,7760426896,7760190111,Not applicable,Not applicable,7760190111
2022,3,South Carolina,Quarterly Establishments,166562,166794,166793,Not applicable,Not applicable,166793
2022,3,South Carolina,July Employment,2176887,2178399,2177197,Not applicable,Not applicable,2177197
2022,3,South Carolina,August Employment,2197965,2199223,2198119,Not applicable,Not applicable,2198119
2022,3,South Carolina,September Employment,2200900,2201279,2200261,Not applicable,Not applicable,2200261
2022,3,South Carolina,Total Quarterly Wages,30754191355,30762549084,30765310871,Not applicable,Not applicable,30765310871
2022,3,South Dakota,Quarterly Establishments,39128,39076,39088,Not applicable,Not applicable,39088
2022,3,South Dakota,July Employment,450460,450527,450536,Not applicable,Not applicable,450536
2022,3,South Dakota,August Employment,452729,452808,452818,Not applicable,Not applicable,452818
2022,3,South Dakota,September Employment,448452,448489,448499,Not applicable,Not applicable,448499
2022,3,South Dakota,Total Quarterly Wages,6159413556,6162572344,6162625390,Not applicable,Not applicable,6162625390
2022,3,Tennessee,Quarterly Establishments,204047,205051,204873,Not applicable,Not applicable,204873
2022,3,Tennessee,July Employment,3132692,3134454,3134188,Not applicable,Not applicable,3134188
2022,3,Tennessee,August Employment,3176603,3177985,3177592,Not applicable,Not applicable,3177592
2022,3,Tennessee,September Employment,3202442,3204849,3204352,Not applicable,Not applicable,3204352
2022,3,Tennessee,Total Quarterly Wages,49362558701,49391724954,49381086843,Not applicable,Not applicable,49381086843
2022,3,Texas,Quarterly Establishments,805527,811721,811689,Not applicable,Not applicable,811689
2022,3,Texas,July Employment,13246126,13257668,13258195,Not applicable,Not applicable,13258195
2022,3,Texas,August Employment,13317815,13330096,13330229,Not applicable,Not applicable,13330229
2022,3,Texas,September Employment,13371129,13388590,13389064,Not applicable,Not applicable,13389064
2022,3,Texas,Total Quarterly Wages,230656723822,230771545408,230770087796,Not applicable,Not applicable,230770087796
2022,3,Utah,Quarterly Establishments,134090,134629,134566,Not applicable,Not applicable,134566
2022,3,Utah,July Employment,1647264,1649648,1649602,Not applicable,Not applicable,1649602
2022,3,Utah,August Employment,1659349,1662196,1662177,Not applicable,Not applicable,1662177
2022,3,Utah,September Employment,1663949,1667770,1667748,Not applicable,Not applicable,1667748
2022,3,Utah,Total Quarterly Wages,25540447834,25576104180,25577925057,Not applicable,Not applicable,25577925057
2022,3,Vermont,Quarterly Establishments,30837,31306,30482,Not applicable,Not applicable,30482
2022,3,Vermont,July Employment,303633,304731,304822,Not applicable,Not applicable,304822
2022,3,Vermont,August Employment,301648,302971,303063,Not applicable,Not applicable,303063
2022,3,Vermont,September Employment,300604,302080,302156,Not applicable,Not applicable,302156
2022,3,Vermont,Total Quarterly Wages,4483982879,4504703343,4505874958,Not applicable,Not applicable,4505874958
2022,3,Virginia,Quarterly Establishments,330128,332289,332311,Not applicable,Not applicable,332311
2022,3,Virginia,July Employment,3971016,3975312,3975644,Not applicable,Not applicable,3975644
2022,3,Virginia,August Employment,3982523,3985366,3985967,Not applicable,Not applicable,3985967
2022,3,Virginia,September Employment,3979440,3983310,3983795,Not applicable,Not applicable,3983795
2022,3,Virginia,Total Quarterly Wages,71356464175,71234248189,71243325737,Not applicable,Not applicable,71243325737
2022,3,Washington,Quarterly Establishments,235298,237047,238048,Not applicable,Not applicable,238048
2022,3,Washington,July Employment,3585837,3582225,3582829,Not applicable,Not applicable,3582829
2022,3,Washington,August Employment,3573983,3569619,3570273,Not applicable,Not applicable,3570273
2022,3,Washington,September Employment,3572927,3570139,3570730,Not applicable,Not applicable,3570730
2022,3,Washington,Total Quarterly Wages,77055307835,77004344516,77007937109,Not applicable,Not applicable,77007937109
2022,3,West Virginia,Quarterly Establishments,56789,56246,56142,Not applicable,Not applicable,56142
2022,3,West Virginia,July Employment,655836,657606,657872,Not applicable,Not applicable,657872
2022,3,West Virginia,August Employment,659800,663371,663640,Not applicable,Not applicable,663640
2022,3,West Virginia,September Employment,678798,682880,683275,Not applicable,Not applicable,683275
2022,3,West Virginia,Total Quarterly Wages,9004336780,9022227878,9017335123,Not applicable,Not applicable,9017335123
2022,3,Wisconsin,Quarterly Establishments,200726,201120,200181,Not applicable,Not applicable,200181
2022,3,Wisconsin,July Employment,2887101,2898748,2901006,Not applicable,Not applicable,2901006
2022,3,Wisconsin,August Employment,2898902,2910134,2911669,Not applicable,Not applicable,2911669
2022,3,Wisconsin,September Employment,2899093,2910130,2910820,Not applicable,Not applicable,2910820
2022,3,Wisconsin,Total Quarterly Wages,42887306470,43004093715,43012084526,Not applicable,Not applicable,43012084526
2022,3,Wyoming,Quarterly Establishments,29856,29946,29937,Not applicable,Not applicable,29937
2022,3,Wyoming,July Employment,278580,279499,279464,Not applicable,Not applicable,279464
2022,3,Wyoming,August Employment,277739,278806,278796,Not applicable,Not applicable,278796
2022,3,Wyoming,September Employment,278232,279328,279332,Not applicable,Not applicable,279332
2022,3,Wyoming,Total Quarterly Wages,3916333781,3938390333,3937517372,Not applicable,Not applicable,3937517372
2022,3,Puerto Rico,Quarterly Establishments,49965,50476,50648,Not applicable,Not applicable,50648
2022,3,Puerto Rico,July Employment,904479,906475,905003,Not applicable,Not applicable,905003
2022,3,Puerto Rico,August Employment,910580,912982,911536,Not applicable,Not applicable,911536
2022,3,Puerto Rico,September Employment,924634,926944,925319,Not applicable,Not applicable,925319
2022,3,Puerto Rico,Total Quarterly Wages,7312972605,7317080702,7320732266,Not applicable,Not applicable,7320732266
2022,3,Virgin Islands,Quarterly Establishments,3672,3674,3672,Not applicable,Not applicable,3672
2022,3,Virgin Islands,July Employment,35072,35091,35111,Not applicable,Not applicable,35111
2022,3,Virgin Islands,August Employment,34376,34536,34548,Not applicable,Not applicable,34548
2022,3,Virgin Islands,September Employment,34329,34385,34391,Not applicable,Not applicable,34391
2022,3,Virgin Islands,Total Quarterly Wages,463334055,455753290,447533834,Not applicable,Not applicable,447533834
2022,4,United States,Quarterly Establishments,11785706,11754909,Not applicable,Not applicable,Not applicable,11754909
2022,4,United States,October Employment,152103385,152242784,Not applicable,Not applicable,Not applicable,152242784
2022,4,United States,November Employment,152616178,152762683,Not applicable,Not applicable,Not applicable,152762683
2022,4,United States,December Employment,152317914,152525285,Not applicable,Not applicable,Not applicable,152525285
2022,4,United States,Total Quarterly Wages,2742400927622,2745199961737,Not applicable,Not applicable,Not applicable,2745199961737
2022,4,Alabama,Quarterly Establishments,152551,152435,Not applicable,Not applicable,Not applicable,152435
2022,4,Alabama,October Employment,2044541,2046114,Not applicable,Not applicable,Not applicable,2046114
2022,4,Alabama,November Employment,2054394,2057009,Not applicable,Not applicable,Not applicable,2057009
2022,4,Alabama,December Employment,2057534,2060575,Not applicable,Not applicable,Not applicable,2060575
2022,4,Alabama,Total Quarterly Wages,30905231287,30918075957,Not applicable,Not applicable,Not applicable,30918075957
2022,4,Alaska,Quarterly Establishments,24927,24786,Not applicable,Not applicable,Not applicable,24786
2022,4,Alaska,October Employment,311800,312101,Not applicable,Not applicable,Not applicable,312101
2022,4,Alaska,November Employment,305344,305692,Not applicable,Not applicable,Not applicable,305692
2022,4,Alaska,December Employment,303922,304237,Not applicable,Not applicable,Not applicable,304237
2022,4,Alaska,Total Quarterly Wages,5183396041,5192578526,Not applicable,Not applicable,Not applicable,5192578526
2022,4,Arizona,Quarterly Establishments,211683,212428,Not applicable,Not applicable,Not applicable,212428
2022,4,Arizona,October Employment,3126908,3130919,Not applicable,Not applicable,Not applicable,3130919
2022,4,Arizona,November Employment,3163042,3164064,Not applicable,Not applicable,Not applicable,3164064
2022,4,Arizona,December Employment,3157771,3161988,Not applicable,Not applicable,Not applicable,3161988
2022,4,Arizona,Total Quarterly Wages,52065766066,52161361423,Not applicable,Not applicable,Not applicable,52161361423
2022,4,Arkansas,Quarterly Establishments,101038,100874,Not applicable,Not applicable,Not applicable,100874
2022,4,Arkansas,October Employment,1271524,1272690,Not applicable,Not applicable,Not applicable,1272690
2022,4,Arkansas,November Employment,1275330,1277091,Not applicable,Not applicable,Not applicable,1277091
2022,4,Arkansas,December Employment,1272913,1276170,Not applicable,Not applicable,Not applicable,1276170
2022,4,Arkansas,Total Quarterly Wages,17634258071,17682054172,Not applicable,Not applicable,Not applicable,17682054172
2022,4,California,Quarterly Establishments,1768793,1761233,Not applicable,Not applicable,Not applicable,1761233
2022,4,California,October Employment,18147656,18157042,Not applicable,Not applicable,Not applicable,18157042
2022,4,California,November Employment,18153035,18163246,Not applicable,Not applicable,Not applicable,18163246
2022,4,California,December Employment,18051313,18066913,Not applicable,Not applicable,Not applicable,18066913
2022,4,California,Total Quarterly Wages,395507255389,395816186905,Not applicable,Not applicable,Not applicable,395816186905
2022,4,Colorado,Quarterly Establishments,254280,254286,Not applicable,Not applicable,Not applicable,254286
2022,4,Colorado,October Employment,2839812,2840702,Not applicable,Not applicable,Not applicable,2840702
2022,4,Colorado,November Employment,2845050,2846217,Not applicable,Not applicable,Not applicable,2846217
2022,4,Colorado,December Employment,2856983,2858187,Not applicable,Not applicable,Not applicable,2858187
2022,4,Colorado,Total Quarterly Wages,54495182470,54519665476,Not applicable,Not applicable,Not applicable,54519665476
2022,4,Connecticut,Quarterly Establishments,142768,142858,Not applicable,Not applicable,Not applicable,142858
2022,4,Connecticut,October Employment,1661108,1661539,Not applicable,Not applicable,Not applicable,1661539
2022,4,Connecticut,November Employment,1670682,1670840,Not applicable,Not applicable,Not applicable,1670840
2022,4,Connecticut,December Employment,1667931,1668692,Not applicable,Not applicable,Not applicable,1668692
2022,4,Connecticut,Total Quarterly Wages,34521036983,34531201960,Not applicable,Not applicable,Not applicable,34531201960
2022,4,Delaware,Quarterly Establishments,40451,41212,Not applicable,Not applicable,Not applicable,41212
2022,4,Delaware,October Employment,464240,465409,Not applicable,Not applicable,Not applicable,465409
2022,4,Delaware,November Employment,465279,466764,Not applicable,Not applicable,Not applicable,466764
2022,4,Delaware,December Employment,464583,466569,Not applicable,Not applicable,Not applicable,466569
2022,4,Delaware,Total Quarterly Wages,8134136373,8137618912,Not applicable,Not applicable,Not applicable,8137618912
2022,4,District of Columbia,Quarterly Establishments,49713,49711,Not applicable,Not applicable,Not applicable,49711
2022,4,District of Columbia,October Employment,757605,754432,Not applicable,Not applicable,Not applicable,754432
2022,4,District of Columbia,November Employment,760023,756829,Not applicable,Not applicable,Not applicable,756829
2022,4,District of Columbia,December Employment,757679,754408,Not applicable,Not applicable,Not applicable,754408
2022,4,District of Columbia,Total Quarterly Wages,22588466781,22495304143,Not applicable,Not applicable,Not applicable,22495304143
2022,4,Florida,Quarterly Establishments,882578,864982,Not applicable,Not applicable,Not applicable,864982
2022,4,Florida,October Employment,9503912,9511991,Not applicable,Not applicable,Not applicable,9511991
2022,4,Florida,November Employment,9581728,9591051,Not applicable,Not applicable,Not applicable,9591051
2022,4,Florida,December Employment,9616337,9627996,Not applicable,Not applicable,Not applicable,9627996
2022,4,Florida,Total Quarterly Wages,159657973653,159890612666,Not applicable,Not applicable,Not applicable,159890612666
2022,4,Georgia,Quarterly Establishments,397515,393230,Not applicable,Not applicable,Not applicable,393230
2022,4,Georgia,October Employment,4765348,4772151,Not applicable,Not applicable,Not applicable,4772151
2022,4,Georgia,November Employment,4796359,4805711,Not applicable,Not applicable,Not applicable,4805711
2022,4,Georgia,December Employment,4794485,4804450,Not applicable,Not applicable,Not applicable,4804450
2022,4,Georgia,Total Quarterly Wages,80192349932,80170437417,Not applicable,Not applicable,Not applicable,80170437417
2022,4,Hawaii,Quarterly Establishments,54011,53803,Not applicable,Not applicable,Not applicable,53803
2022,4,Hawaii,October Employment,628434,628443,Not applicable,Not applicable,Not applicable,628443
2022,4,Hawaii,November Employment,633476,633582,Not applicable,Not applicable,Not applicable,633582
2022,4,Hawaii,December Employment,638079,638179,Not applicable,Not applicable,Not applicable,638179
2022,4,Hawaii,Total Quarterly Wages,10105574082,10101428562,Not applicable,Not applicable,Not applicable,10101428562
2022,4,Idaho,Quarterly Establishments,89454,90386,Not applicable,Not applicable,Not applicable,90386
2022,4,Idaho,October Employment,835116,834010,Not applicable,Not applicable,Not applicable,834010
2022,4,Idaho,November Employment,831189,830169,Not applicable,Not applicable,Not applicable,830169
2022,4,Idaho,December Employment,826965,825751,Not applicable,Not applicable,Not applicable,825751
2022,4,Idaho,Total Quarterly Wages,12040649316,12046324889,Not applicable,Not applicable,Not applicable,12046324889
2022,4,Illinois,Quarterly Establishments,409815,405287,Not applicable,Not applicable,Not applicable,405287
2022,4,Illinois,October Employment,6005527,6008531,Not applicable,Not applicable,Not applicable,6008531
2022,4,Illinois,November Employment,6020866,6024246,Not applicable,Not applicable,Not applicable,6024246
2022,4,Illinois,December Employment,5997266,6003272,Not applicable,Not applicable,Not applicable,6003272
2022,4,Illinois,Total Quarterly Wages,111808102041,111849374827,Not applicable,Not applicable,Not applicable,111849374827
2022,4,Indiana,Quarterly Establishments,189473,187431,Not applicable,Not applicable,Not applicable,187431
2022,4,Indiana,October Employment,3147697,3150174,Not applicable,Not applicable,Not applicable,3150174
2022,4,Indiana,November Employment,3160961,3163253,Not applicable,Not applicable,Not applicable,3163253
2022,4,Indiana,December Employment,3154396,3157485,Not applicable,Not applicable,Not applicable,3157485
2022,4,Indiana,Total Quarterly Wages,46360679473,46380421782,Not applicable,Not applicable,Not applicable,46380421782
2022,4,Iowa,Quarterly Establishments,110836,111155,Not applicable,Not applicable,Not applicable,111155
2022,4,Iowa,October Employment,1549878,1553542,Not applicable,Not applicable,Not applicable,1553542
2022,4,Iowa,November Employment,1551719,1555475,Not applicable,Not applicable,Not applicable,1555475
2022,4,Iowa,December Employment,1543944,1549230,Not applicable,Not applicable,Not applicable,1549230
2022,4,Iowa,Total Quarterly Wages,23210265354,23274526065,Not applicable,Not applicable,Not applicable,23274526065
2022,4,Kansas,Quarterly Establishments,96439,95421,Not applicable,Not applicable,Not applicable,95421
2022,4,Kansas,October Employment,1413488,1413413,Not applicable,Not applicable,Not applicable,1413413
2022,4,Kansas,November Employment,1418778,1418718,Not applicable,Not applicable,Not applicable,1418718
2022,4,Kansas,December Employment,1416199,1416340,Not applicable,Not applicable,Not applicable,1416340
2022,4,Kansas,Total Quarterly Wages,20715814948,20707157645,Not applicable,Not applicable,Not applicable,20707157645
2022,4,Kentucky,Quarterly Establishments,146011,146536,Not applicable,Not applicable,Not applicable,146536
2022,4,Kentucky,October Employment,1950751,1952056,Not applicable,Not applicable,Not applicable,1952056
2022,4,Kentucky,November Employment,1966625,1967911,Not applicable,Not applicable,Not applicable,1967911
2022,4,Kentucky,December Employment,1967392,1968583,Not applicable,Not applicable,Not applicable,1968583
2022,4,Kentucky,Total Quarterly Wages,28031329798,28095786435,Not applicable,Not applicable,Not applicable,28095786435
2022,4,Louisiana,Quarterly Establishments,151459,151192,Not applicable,Not applicable,Not applicable,151192
2022,4,Louisiana,October Employment,1878542,1888087,Not applicable,Not applicable,Not applicable,1888087
2022,4,Louisiana,November Employment,1884694,1895102,Not applicable,Not applicable,Not applicable,1895102
2022,4,Louisiana,December Employment,1880435,1890823,Not applicable,Not applicable,Not applicable,1890823
2022,4,Louisiana,Total Quarterly Wages,27737152031,27855953529,Not applicable,Not applicable,Not applicable,27855953529
2022,4,Maine,Quarterly Establishments,63107,63304,Not applicable,Not applicable,Not applicable,63304
2022,4,Maine,October Employment,635277,635942,Not applicable,Not applicable,Not applicable,635942
2022,4,Maine,November Employment,628779,629801,Not applicable,Not applicable,Not applicable,629801
2022,4,Maine,December Employment,626681,627870,Not applicable,Not applicable,Not applicable,627870
2022,4,Maine,Total Quarterly Wages,9545123233,9558953193,Not applicable,Not applicable,Not applicable,9558953193
2022,4,Maryland,Quarterly Establishments,189951,193897,Not applicable,Not applicable,Not applicable,193897
2022,4,Maryland,October Employment,2666642,2663783,Not applicable,Not applicable,Not applicable,2663783
2022,4,Maryland,November Employment,2674687,2672791,Not applicable,Not applicable,Not applicable,2672791
2022,4,Maryland,December Employment,2668513,2668544,Not applicable,Not applicable,Not applicable,2668544
2022,4,Maryland,Total Quarterly Wages,50740516084,50751083779,Not applicable,Not applicable,Not applicable,50751083779
2022,4,Massachusetts,Quarterly Establishments,293600,293362,Not applicable,Not applicable,Not applicable,293362
2022,4,Massachusetts,October Employment,3636001,3641102,Not applicable,Not applicable,Not applicable,3641102
2022,4,Massachusetts,November Employment,3642181,3647178,Not applicable,Not applicable,Not applicable,3647178
2022,4,Massachusetts,December Employment,3620180,3625725,Not applicable,Not applicable,Not applicable,3625725
2022,4,Massachusetts,Total Quarterly Wages,84524341688,84794394822,Not applicable,Not applicable,Not applicable,84794394822
2022,4,Michigan,Quarterly Establishments,302624,304220,Not applicable,Not applicable,Not applicable,304220
2022,4,Michigan,October Employment,4350674,4353533,Not applicable,Not applicable,Not applicable,4353533
2022,4,Michigan,November Employment,4360513,4363630,Not applicable,Not applicable,Not applicable,4363630
2022,4,Michigan,December Employment,4350027,4353358,Not applicable,Not applicable,Not applicable,4353358
2022,4,Michigan,Total Quarterly Wages,72082538343,72133401539,Not applicable,Not applicable,Not applicable,72133401539
2022,4,Minnesota,Quarterly Establishments,205630,204208,Not applicable,Not applicable,Not applicable,204208
2022,4,Minnesota,October Employment,2895745,2899049,Not applicable,Not applicable,Not applicable,2899049
2022,4,Minnesota,November Employment,2886221,2889919,Not applicable,Not applicable,Not applicable,2889919
2022,4,Minnesota,December Employment,2870045,2874467,Not applicable,Not applicable,Not applicable,2874467
2022,4,Minnesota,Total Quarterly Wages,50867203761,50997892042,Not applicable,Not applicable,Not applicable,50997892042
2022,4,Mississippi,Quarterly Establishments,83285,83434,Not applicable,Not applicable,Not applicable,83434
2022,4,Mississippi,October Employment,1155033,1156045,Not applicable,Not applicable,Not applicable,1156045
2022,4,Mississippi,November Employment,1161087,1162139,Not applicable,Not applicable,Not applicable,1162139
2022,4,Mississippi,December Employment,1161640,1162318,Not applicable,Not applicable,Not applicable,1162318
2022,4,Mississippi,Total Quarterly Wages,14277687025,14286501599,Not applicable,Not applicable,Not applicable,14286501599
2022,4,Missouri,Quarterly Establishments,239908,239400,Not applicable,Not applicable,Not applicable,239400
2022,4,Missouri,October Employment,2866092,2867234,Not applicable,Not applicable,Not applicable,2867234
2022,4,Missouri,November Employment,2870012,2871179,Not applicable,Not applicable,Not applicable,2871179
2022,4,Missouri,December Employment,2860406,2861772,Not applicable,Not applicable,Not applicable,2861772
2022,4,Missouri,Total Quarterly Wages,43653545597,43669373754,Not applicable,Not applicable,Not applicable,43669373754
2022,4,Montana,Quarterly Establishments,62591,62506,Not applicable,Not applicable,Not applicable,62506
2022,4,Montana,October Employment,503996,503912,Not applicable,Not applicable,Not applicable,503912
2022,4,Montana,November Employment,499156,499362,Not applicable,Not applicable,Not applicable,499362
2022,4,Montana,December Employment,500621,500904,Not applicable,Not applicable,Not applicable,500904
2022,4,Montana,Total Quarterly Wages,7286258204,7285759193,Not applicable,Not applicable,Not applicable,7285759193
2022,4,Nebraska,Quarterly Establishments,79080,74498,Not applicable,Not applicable,Not applicable,74498
2022,4,Nebraska,October Employment,995801,998476,Not applicable,Not applicable,Not applicable,998476
2022,4,Nebraska,November Employment,996898,999761,Not applicable,Not applicable,Not applicable,999761
2022,4,Nebraska,December Employment,995547,998902,Not applicable,Not applicable,Not applicable,998902
2022,4,Nebraska,Total Quarterly Wages,14941477516,14973177933,Not applicable,Not applicable,Not applicable,14973177933
2022,4,Nevada,Quarterly Establishments,105283,105852,Not applicable,Not applicable,Not applicable,105852
2022,4,Nevada,October Employment,1504570,1503345,Not applicable,Not applicable,Not applicable,1503345
2022,4,Nevada,November Employment,1508729,1507186,Not applicable,Not applicable,Not applicable,1507186
2022,4,Nevada,December Employment,1503344,1501961,Not applicable,Not applicable,Not applicable,1501961
2022,4,Nevada,Total Quarterly Wages,24346321366,24319885827,Not applicable,Not applicable,Not applicable,24319885827
2022,4,New Hampshire,Quarterly Establishments,64663,64280,Not applicable,Not applicable,Not applicable,64280
2022,4,New Hampshire,October Employment,675350,675670,Not applicable,Not applicable,Not applicable,675670
2022,4,New Hampshire,November Employment,676238,676752,Not applicable,Not applicable,Not applicable,676752
2022,4,New Hampshire,December Employment,678872,679669,Not applicable,Not applicable,Not applicable,679669
2022,4,New Hampshire,Total Quarterly Wages,13059307666,13084628465,Not applicable,Not applicable,Not applicable,13084628465
2022,4,New Jersey,Quarterly Establishments,331151,325248,Not applicable,Not applicable,Not applicable,325248
2022,4,New Jersey,October Employment,4187321,4189466,Not applicable,Not applicable,Not applicable,4189466
2022,4,New Jersey,November Employment,4223612,4224773,Not applicable,Not applicable,Not applicable,4224773
2022,4,New Jersey,December Employment,4235475,4236903,Not applicable,Not applicable,Not applicable,4236903
2022,4,New Jersey,Total Quarterly Wages,84065275145,84118873457,Not applicable,Not applicable,Not applicable,84118873457
2022,4,New Mexico,Quarterly Establishments,67537,68312,Not applicable,Not applicable,Not applicable,68312
2022,4,New Mexico,October Employment,843616,847995,Not applicable,Not applicable,Not applicable,847995
2022,4,New Mexico,November Employment,845699,849968,Not applicable,Not applicable,Not applicable,849968
2022,4,New Mexico,December Employment,844142,848940,Not applicable,Not applicable,Not applicable,848940
2022,4,New Mexico,Total Quarterly Wages,12242023467,12260306788,Not applicable,Not applicable,Not applicable,12260306788
2022,4,New York,Quarterly Establishments,683535,688174,Not applicable,Not applicable,Not applicable,688174
2022,4,New York,October Employment,9430308,9443126,Not applicable,Not applicable,Not applicable,9443126
2022,4,New York,November Employment,9476185,9486752,Not applicable,Not applicable,Not applicable,9486752
2022,4,New York,December Employment,9449272,9466894,Not applicable,Not applicable,Not applicable,9466894
2022,4,New York,Total Quarterly Wages,213322439597,213556400119,Not applicable,Not applicable,Not applicable,213556400119
2022,4,North Carolina,Quarterly Establishments,354823,356108,Not applicable,Not applicable,Not applicable,356108
2022,4,North Carolina,October Employment,4754267,4774942,Not applicable,Not applicable,Not applicable,4774942
2022,4,North Carolina,November Employment,4776568,4801000,Not applicable,Not applicable,Not applicable,4801000
2022,4,North Carolina,December Employment,4771361,4795993,Not applicable,Not applicable,Not applicable,4795993
2022,4,North Carolina,Total Quarterly Wages,76549741053,76911585337,Not applicable,Not applicable,Not applicable,76911585337
2022,4,North Dakota,Quarterly Establishments,34838,34838,Not applicable,Not applicable,Not applicable,34838
2022,4,North Dakota,October Employment,421911,421911,Not applicable,Not applicable,Not applicable,421911
2022,4,North Dakota,November Employment,419986,419986,Not applicable,Not applicable,Not applicable,419986
2022,4,North Dakota,December Employment,415985,415985,Not applicable,Not applicable,Not applicable,415985
2022,4,North Dakota,Total Quarterly Wages,6565330283,6565330283,Not applicable,Not applicable,Not applicable,6565330283
2022,4,Ohio,Quarterly Establishments,333762,335229,Not applicable,Not applicable,Not applicable,335229
2022,4,Ohio,October Employment,5456156,5460530,Not applicable,Not applicable,Not applicable,5460530
2022,4,Ohio,November Employment,5466851,5471713,Not applicable,Not applicable,Not applicable,5471713
2022,4,Ohio,December Employment,5439436,5452049,Not applicable,Not applicable,Not applicable,5452049
2022,4,Ohio,Total Quarterly Wages,85267961762,85362550260,Not applicable,Not applicable,Not applicable,85362550260
2022,4,Oklahoma,Quarterly Establishments,125889,125925,Not applicable,Not applicable,Not applicable,125925
2022,4,Oklahoma,October Employment,1653616,1657010,Not applicable,Not applicable,Not applicable,1657010
2022,4,Oklahoma,November Employment,1661712,1664476,Not applicable,Not applicable,Not applicable,1664476
2022,4,Oklahoma,December Employment,1662169,1666046,Not applicable,Not applicable,Not applicable,1666046
2022,4,Oklahoma,Total Quarterly Wages,23137946139,23179680412,Not applicable,Not applicable,Not applicable,23179680412
2022,4,Oregon,Quarterly Establishments,188004,188489,Not applicable,Not applicable,Not applicable,188489
2022,4,Oregon,October Employment,1969619,1974689,Not applicable,Not applicable,Not applicable,1974689
2022,4,Oregon,November Employment,1960508,1965852,Not applicable,Not applicable,Not applicable,1965852
2022,4,Oregon,December Employment,1960072,1965923,Not applicable,Not applicable,Not applicable,1965923
2022,4,Oregon,Total Quarterly Wages,33237153853,33294973386,Not applicable,Not applicable,Not applicable,33294973386
2022,4,Pennsylvania,Quarterly Establishments,391856,387940,Not applicable,Not applicable,Not applicable,387940
2022,4,Pennsylvania,October Employment,5936013,5936736,Not applicable,Not applicable,Not applicable,5936736
2022,4,Pennsylvania,November Employment,5950634,5950891,Not applicable,Not applicable,Not applicable,5950891
2022,4,Pennsylvania,December Employment,5944535,5949326,Not applicable,Not applicable,Not applicable,5949326
2022,4,Pennsylvania,Total Quarterly Wages,101998328763,102030716370,Not applicable,Not applicable,Not applicable,102030716370
2022,4,Rhode Island,Quarterly Establishments,47017,47023,Not applicable,Not applicable,Not applicable,47023
2022,4,Rhode Island,October Employment,488094,488287,Not applicable,Not applicable,Not applicable,488287
2022,4,Rhode Island,November Employment,488149,488439,Not applicable,Not applicable,Not applicable,488439
2022,4,Rhode Island,December Employment,485808,485842,Not applicable,Not applicable,Not applicable,485842
2022,4,Rhode Island,Total Quarterly Wages,7988607743,7991236655,Not applicable,Not applicable,Not applicable,7991236655
2022,4,South Carolina,Quarterly Establishments,170968,171048,Not applicable,Not applicable,Not applicable,171048
2022,4,South Carolina,October Employment,2209185,2208562,Not applicable,Not applicable,Not applicable,2208562
2022,4,South Carolina,November Employment,2219196,2218483,Not applicable,Not applicable,Not applicable,2218483
2022,4,South Carolina,December Employment,2218597,2219777,Not applicable,Not applicable,Not applicable,2219777
2022,4,South Carolina,Total Quarterly Wages,31990493472,31995174296,Not applicable,Not applicable,Not applicable,31995174296
2022,4,South Dakota,Quarterly Establishments,39693,39680,Not applicable,Not applicable,Not applicable,39680
2022,4,South Dakota,October Employment,448936,448983,Not applicable,Not applicable,Not applicable,448983
2022,4,South Dakota,November Employment,446860,446921,Not applicable,Not applicable,Not applicable,446921
2022,4,South Dakota,December Employment,444637,444667,Not applicable,Not applicable,Not applicable,444667
2022,4,South Dakota,Total Quarterly Wages,6364864785,6364791944,Not applicable,Not applicable,Not applicable,6364791944
2022,4,Tennessee,Quarterly Establishments,207774,207570,Not applicable,Not applicable,Not applicable,207570
2022,4,Tennessee,October Employment,3200147,3203517,Not applicable,Not applicable,Not applicable,3203517
2022,4,Tennessee,November Employment,3225424,3228331,Not applicable,Not applicable,Not applicable,3228331
2022,4,Tennessee,December Employment,3221878,3224882,Not applicable,Not applicable,Not applicable,3224882
2022,4,Tennessee,Total Quarterly Wages,52429922131,52490537090,Not applicable,Not applicable,Not applicable,52490537090
2022,4,Texas,Quarterly Establishments,811590,816297,Not applicable,Not applicable,Not applicable,816297
2022,4,Texas,October Employment,13505639,13514783,Not applicable,Not applicable,Not applicable,13514783
2022,4,Texas,November Employment,13587904,13596393,Not applicable,Not applicable,Not applicable,13596393
2022,4,Texas,December Employment,13576590,13591394,Not applicable,Not applicable,Not applicable,13591394
2022,4,Texas,Total Quarterly Wages,241867384551,241993537306,Not applicable,Not applicable,Not applicable,241993537306
2022,4,Utah,Quarterly Establishments,137277,136621,Not applicable,Not applicable,Not applicable,136621
2022,4,Utah,October Employment,1673899,1675522,Not applicable,Not applicable,Not applicable,1675522
2022,4,Utah,November Employment,1677840,1679958,Not applicable,Not applicable,Not applicable,1679958
2022,4,Utah,December Employment,1675614,1679034,Not applicable,Not applicable,Not applicable,1679034
2022,4,Utah,Total Quarterly Wages,26800901593,26831924055,Not applicable,Not applicable,Not applicable,26831924055
2022,4,Vermont,Quarterly Establishments,31575,30931,Not applicable,Not applicable,Not applicable,30931
2022,4,Vermont,October Employment,304082,304996,Not applicable,Not applicable,Not applicable,304996
2022,4,Vermont,November Employment,303744,304729,Not applicable,Not applicable,Not applicable,304729
2022,4,Vermont,December Employment,304641,305777,Not applicable,Not applicable,Not applicable,305777
2022,4,Vermont,Total Quarterly Wages,4772195287,4790698873,Not applicable,Not applicable,Not applicable,4790698873
2022,4,Virginia,Quarterly Establishments,337394,340660,Not applicable,Not applicable,Not applicable,340660
2022,4,Virginia,October Employment,3993896,4003336,Not applicable,Not applicable,Not applicable,4003336
2022,4,Virginia,November Employment,4016939,4026033,Not applicable,Not applicable,Not applicable,4026033
2022,4,Virginia,December Employment,4010646,4020439,Not applicable,Not applicable,Not applicable,4020439
2022,4,Virginia,Total Quarterly Wages,73762601835,73920213639,Not applicable,Not applicable,Not applicable,73920213639
2022,4,Washington,Quarterly Establishments,236796,239228,Not applicable,Not applicable,Not applicable,239228
2022,4,Washington,October Employment,3569603,3562499,Not applicable,Not applicable,Not applicable,3562499
2022,4,Washington,November Employment,3558959,3552708,Not applicable,Not applicable,Not applicable,3552708
2022,4,Washington,December Employment,3540623,3535427,Not applicable,Not applicable,Not applicable,3535427
2022,4,Washington,Total Quarterly Wages,75428221858,75381145045,Not applicable,Not applicable,Not applicable,75381145045
2022,4,West Virginia,Quarterly Establishments,56552,56759,Not applicable,Not applicable,Not applicable,56759
2022,4,West Virginia,October Employment,682164,684476,Not applicable,Not applicable,Not applicable,684476
2022,4,West Virginia,November Employment,683438,685893,Not applicable,Not applicable,Not applicable,685893
2022,4,West Virginia,December Employment,682637,684975,Not applicable,Not applicable,Not applicable,684975
2022,4,West Virginia,Total Quarterly Wages,9470771727,9510134035,Not applicable,Not applicable,Not applicable,9510134035
2022,4,Wisconsin,Quarterly Establishments,204025,200580,Not applicable,Not applicable,Not applicable,200580
2022,4,Wisconsin,October Employment,2910397,2914014,Not applicable,Not applicable,Not applicable,2914014
2022,4,Wisconsin,November Employment,2912288,2915459,Not applicable,Not applicable,Not applicable,2915459
2022,4,Wisconsin,December Employment,2899084,2906307,Not applicable,Not applicable,Not applicable,2906307
2022,4,Wisconsin,Total Quarterly Wages,44884769110,44927841823,Not applicable,Not applicable,Not applicable,44927841823
2022,4,Wyoming,Quarterly Establishments,30133,30042,Not applicable,Not applicable,Not applicable,30042
2022,4,Wyoming,October Employment,275448,275967,Not applicable,Not applicable,Not applicable,275967
2022,4,Wyoming,November Employment,270607,271257,Not applicable,Not applicable,Not applicable,271257
2022,4,Wyoming,December Employment,272709,273367,Not applicable,Not applicable,Not applicable,273367
2022,4,Wyoming,Total Quarterly Wages,4035052896,4041187127,Not applicable,Not applicable,Not applicable,4041187127
2022,4,Puerto Rico,Quarterly Establishments,50846,51133,Not applicable,Not applicable,Not applicable,51133
2022,4,Puerto Rico,October Employment,936700,935360,Not applicable,Not applicable,Not applicable,935360
2022,4,Puerto Rico,November Employment,948416,947625,Not applicable,Not applicable,Not applicable,947625
2022,4,Puerto Rico,December Employment,976743,975429,Not applicable,Not applicable,Not applicable,975429
2022,4,Puerto Rico,Total Quarterly Wages,8250635371,8253190829,Not applicable,Not applicable,Not applicable,8253190829
2022,4,Virgin Islands,Quarterly Establishments,3727,3694,Not applicable,Not applicable,Not applicable,3694
2022,4,Virgin Islands,October Employment,34897,34798,Not applicable,Not applicable,Not applicable,34798
2022,4,Virgin Islands,November Employment,35166,35091,Not applicable,Not applicable,Not applicable,35091
2022,4,Virgin Islands,December Employment,35665,35615,Not applicable,Not applicable,Not applicable,35615
2022,4,Virgin Islands,Total Quarterly Wages,467860344,464893023,Not applicable,Not applicable,Not applicable,464893023
2023,1,United States,Quarterly Establishments,11883196,11841874,11820143,11787278,11766298,11766298
2023,1,United States,January Employment,150176434,150223138,150223962,150213684,150234140,150234140
2023,1,United States,February Employment,150957408,151012227,151027279,151016820,151045488,151045488
2023,1,United States,March Employment,151418052,151528335,151550657,151543636,151569737,151569737
2023,1,United States,Total Quarterly Wages,2873835484925,2874415473594,2874582714144,2874742395926,2875277779642,2875277779642
2023,1,Alabama,Quarterly Establishments,153829,153790,153944,154101,154111,154111
2023,1,Alabama,January Employment,2036777,2037563,2040007,2041018,2041023,2041023
2023,1,Alabama,February Employment,2052692,2053458,2055014,2056082,2056087,2056087
2023,1,Alabama,March Employment,2055344,2056648,2058500,2059608,2059653,2059653
2023,1,Alabama,Total Quarterly Wages,31006649367,31002402896,31029191019,31034792273,31034848235,31034848235
2023,1,Alaska,Quarterly Establishments,25095,25039,24884,24679,24644,24644
2023,1,Alaska,January Employment,302983,302833,302979,302920,303011,303011
2023,1,Alaska,February Employment,309685,309477,309645,309541,309623,309623
2023,1,Alaska,March Employment,311251,311108,311279,311226,311334,311334
2023,1,Alaska,Total Quarterly Wages,5207811953,5205156756,5209658671,5209886438,5210549337,5210549337
2023,1,Arizona,Quarterly Establishments,214669,215081,214750,215466,215276,215276
2023,1,Arizona,January Employment,3118239,3120158,3128045,3130806,3135113,3135113
2023,1,Arizona,February Employment,3143856,3146307,3154213,3157440,3162151,3162151
2023,1,Arizona,March Employment,3143089,3146495,3155182,3158760,3163821,3163821
2023,1,Arizona,Total Quarterly Wages,54208842631,54259185054,54476715098,54510026106,54574851726,54574851726
2023,1,Arkansas,Quarterly Establishments,102191,101793,101838,101838,101838,101838
2023,1,Arkansas,January Employment,1259940,1261073,1261216,1261216,1261213,1261213
2023,1,Arkansas,February Employment,1265609,1267367,1267514,1267514,1267511,1267511
2023,1,Arkansas,March Employment,1272529,1274791,1274942,1274942,1274939,1274939
2023,1,Arkansas,Total Quarterly Wages,18549091873,18561646179,18567173283,18567173283,18567113283,18567113283
2023,1,California,Quarterly Establishments,1790297,1776810,1769856,1744089,1741379,1741379
2023,1,California,January Employment,17735697,17726227,17701185,17674117,17665779,17665779
2023,1,California,February Employment,17860219,17850730,17829068,17801000,17809630,17809630
2023,1,California,March Employment,17842696,17836594,17813223,17787141,17791333,17791333
2023,1,California,Total Quarterly Wages,401822882719,401579701685,401064542950,400996244273,400992971931,400992971931
2023,1,Colorado,Quarterly Establishments,261724,262279,262647,262645,262589,262589
2023,1,Colorado,January Employment,2814360,2814849,2819583,2819513,2819439,2819439
2023,1,Colorado,February Employment,2828819,2829472,2834311,2834243,2834109,2834109
2023,1,Colorado,March Employment,2838585,2839238,2844183,2843992,2843852,2843852
2023,1,Colorado,Total Quarterly Wages,57310700970,57317787442,57369317139,57368562174,57365997604,57365997604
2023,1,Connecticut,Quarterly Establishments,145573,145729,145727,145506,145491,145491
2023,1,Connecticut,January Employment,1636914,1640505,1640965,1639603,1639549,1639549
2023,1,Connecticut,February Employment,1633567,1637702,1638246,1636885,1636832,1636832
2023,1,Connecticut,March Employment,1641712,1645898,1646641,1645329,1645275,1645275
2023,1,Connecticut,Total Quarterly Wages,38669276741,38984922539,38981317785,38959601445,38958440395,38958440395
2023,1,Delaware,Quarterly Establishments,40974,41589,42209,42712,43002,43002
2023,1,Delaware,January Employment,458133,458211,458080,455983,456024,456024
2023,1,Delaware,February Employment,460053,460194,459832,457937,457976,457976
2023,1,Delaware,March Employment,462267,462499,462363,460690,460730,460730
2023,1,Delaware,Total Quarterly Wages,8558654013,8528924641,8522700138,8528046538,8522553686,8522553686
2023,1,District of Columbia,Quarterly Establishments,49507,48853,48852,49677,49675,49675
2023,1,District of Columbia,January Employment,745916,746372,746275,746354,746016,746016
2023,1,District of Columbia,February Employment,750934,751381,751272,751365,751031,751031
2023,1,District of Columbia,March Employment,754022,754540,754426,754535,754199,754199
2023,1,District of Columbia,Total Quarterly Wages,22829847524,22840820890,22834063143,22835060678,22825691164,22825691164
2023,1,Florida,Quarterly Establishments,883094,870222,871642,871190,871166,871166
2023,1,Florida,January Employment,9547138,9546095,9557786,9556098,9557953,9557953
2023,1,Florida,February Employment,9614989,9615678,9627915,9626257,9628123,9628123
2023,1,Florida,March Employment,9640153,9645081,9658241,9656553,9658434,9658434
2023,1,Florida,Total Quarterly Wages,165953757078,165903760208,165983395447,165961421367,165994063321,165994063321
2023,1,Georgia,Quarterly Establishments,376432,376742,377114,377102,377325,377325
2023,1,Georgia,January Employment,4739764,4740784,4739813,4738327,4742743,4742743
2023,1,Georgia,February Employment,4767234,4769418,4768521,4767089,4771415,4771415
2023,1,Georgia,March Employment,4775585,4778687,4777703,4776379,4780831,4780831
2023,1,Georgia,Total Quarterly Wages,85149753623,85267785843,85250675968,85231523695,85237159083,85237159083
2023,1,Hawaii,Quarterly Establishments,55098,55334,55379,55411,55395,55395
2023,1,Hawaii,January Employment,625166,625548,625226,625377,625393,625393
2023,1,Hawaii,February Employment,635331,635858,635536,635688,635714,635714
2023,1,Hawaii,March Employment,634272,634931,634695,634844,634898,634898
2023,1,Hawaii,Total Quarterly Wages,10000930244,10011624525,10018134921,10021852115,10023299248,10023299248
2023,1,Idaho,Quarterly Establishments,91770,92636,90613,90756,90669,90669
2023,1,Idaho,January Employment,811193,812066,812829,813064,813215,813215
2023,1,Idaho,February Employment,817012,818002,818758,818961,819114,819114
2023,1,Idaho,March Employment,818141,819448,820222,820363,820575,820575
2023,1,Idaho,Total Quarterly Wages,11489815233,11501550343,11516574611,11519300315,11535439253,11535439253
2023,1,Illinois,Quarterly Establishments,409753,404735,400311,395408,392194,392194
2023,1,Illinois,January Employment,5886021,5888264,5889238,5890943,5893818,5893818
2023,1,Illinois,February Employment,5895572,5898992,5900676,5902677,5906052,5906052
2023,1,Illinois,March Employment,5936424,5942670,5944500,5946883,5950268,5950268
2023,1,Illinois,Total Quarterly Wages,120336293663,120358416239,120362586556,120375795464,120399358198,120399358198
2023,1,Indiana,Quarterly Establishments,190966,188241,188257,188264,188268,188268
2023,1,Indiana,January Employment,3092300,3095548,3095933,3096144,3095738,3095738
2023,1,Indiana,February Employment,3113470,3117686,3118113,3118335,3117522,3117522
2023,1,Indiana,March Employment,3124334,3129771,3130436,3130736,3129420,3129420
2023,1,Indiana,Total Quarterly Wages,48643351036,48711873242,48713604261,48715218090,48715644307,48715644307
2023,1,Iowa,Quarterly Establishments,110726,110252,110252,110252,110250,110250
2023,1,Iowa,January Employment,1520311,1522391,1522391,1522391,1522348,1522348
2023,1,Iowa,February Employment,1523060,1525080,1525080,1525080,1525039,1525039
2023,1,Iowa,March Employment,1526073,1529262,1529262,1529262,1529221,1529221
2023,1,Iowa,Total Quarterly Wages,23290426005,23331545945,23331545945,23331545945,23331064960,23331064960
2023,1,Kansas,Quarterly Establishments,97726,96461,95506,95379,95380,95380
2023,1,Kansas,January Employment,1396729,1396431,1396593,1396437,1396580,1396580
2023,1,Kansas,February Employment,1402965,1402525,1402673,1402518,1402660,1402660
2023,1,Kansas,March Employment,1405572,1405542,1405765,1405601,1405745,1405745
2023,1,Kansas,Total Quarterly Wages,21053606661,21048263508,21027264486,21023778191,21049340067,21049340067
2023,1,Kentucky,Quarterly Establishments,148024,148750,149069,149404,149405,149405
2023,1,Kentucky,January Employment,1937024,1938138,1938334,1938098,1938110,1938110
2023,1,Kentucky,February Employment,1944201,1945754,1945915,1945755,1945767,1945767
2023,1,Kentucky,March Employment,1956166,1958750,1959536,1959382,1959394,1959394
2023,1,Kentucky,Total Quarterly Wages,28778666969,28843025365,28842939231,28835076267,28835104433,28835104433
2023,1,Louisiana,Quarterly Establishments,152689,152485,152113,151682,152394,152394
2023,1,Louisiana,January Employment,1865074,1869830,1870274,1871176,1872469,1872469
2023,1,Louisiana,February Employment,1875945,1880905,1881247,1882174,1883552,1883552
2023,1,Louisiana,March Employment,1882156,1887557,1887932,1889252,1890733,1890733
2023,1,Louisiana,Total Quarterly Wages,28024011196,28084788935,28088753472,28097310763,28117471356,28117471356
2023,1,Maine,Quarterly Establishments,63922,64051,63862,63582,63397,63397
2023,1,Maine,January Employment,616389,616589,616676,616818,617020,617020
2023,1,Maine,February Employment,616306,616523,616896,617248,617534,617534
2023,1,Maine,March Employment,616700,617338,617806,618183,618480,618480
2023,1,Maine,Total Quarterly Wages,9520565859,9525123786,9535557632,9538234536,9535243119,9535243119
2023,1,Maryland,Quarterly Establishments,189124,185482,185099,186342,186474,186474
2023,1,Maryland,January Employment,2630519,2622275,2629565,2647548,2650807,2650807
2023,1,Maryland,February Employment,2639868,2629614,2637016,2654890,2658396,2658396
2023,1,Maryland,March Employment,2647509,2639351,2646669,2664083,2668483,2668483
2023,1,Maryland,Total Quarterly Wages,52864760571,52295339291,52371625431,52621504597,52641186267,52641186267
2023,1,Massachusetts,Quarterly Establishments,294489,294457,294503,294381,294139,294139
2023,1,Massachusetts,January Employment,3557986,3561031,3559707,3553942,3553325,3553325
2023,1,Massachusetts,February Employment,3568754,3573860,3572052,3566313,3565696,3565696
2023,1,Massachusetts,March Employment,3583507,3589792,3587815,3582014,3581466,3581466
2023,1,Massachusetts,Total Quarterly Wages,88971759683,89060246529,89040882181,89023982318,89017966230,89017966230
2023,1,Michigan,Quarterly Establishments,310995,313023,313854,313734,314321,314321
2023,1,Michigan,January Employment,4271771,4276251,4273273,4274421,4275405,4275405
2023,1,Michigan,February Employment,4288913,4290532,4287572,4288751,4289725,4289725
2023,1,Michigan,March Employment,4305839,4309784,4306644,4307596,4308563,4308563
2023,1,Michigan,Total Quarterly Wages,72954121848,72928686159,72829019761,72858625894,72872219179,72872219179
2023,1,Minnesota,Quarterly Establishments,207770,208118,208183,208318,208762,208762
2023,1,Minnesota,January Employment,2834501,2837823,2839934,2841180,2841728,2841728
2023,1,Minnesota,February Employment,2836574,2840242,2842481,2843756,2844394,2844394
2023,1,Minnesota,March Employment,2836885,2841046,2843549,2844832,2845656,2845656
2023,1,Minnesota,Total Quarterly Wages,53880922856,53922723906,53978113561,53996936581,54006506597,54006506597
2023,1,Mississippi,Quarterly Establishments,84668,86230,85075,85066,85058,85058
2023,1,Mississippi,January Employment,1146726,1148108,1148788,1149231,1149324,1149324
2023,1,Mississippi,February Employment,1152009,1152818,1153652,1154070,1154240,1154240
2023,1,Mississippi,March Employment,1153828,1153809,1154197,1154573,1154759,1154759
2023,1,Mississippi,Total Quarterly Wages,14126685211,14165670450,14173103147,14177759109,14178617849,14178617849
2023,1,Missouri,Quarterly Establishments,243477,242233,241530,240688,240288,240288
2023,1,Missouri,January Employment,2819811,2821448,2821005,2820688,2820461,2820461
2023,1,Missouri,February Employment,2838733,2839544,2839168,2838849,2838628,2838628
2023,1,Missouri,March Employment,2854303,2855471,2855286,2854982,2854764,2854764
2023,1,Missouri,Total Quarterly Wages,45133824205,45150194994,45145398662,45141813017,45139144980,45139144980
2023,1,Montana,Quarterly Establishments,64267,64043,64089,64138,64177,64177
2023,1,Montana,January Employment,493362,492339,492509,492214,492250,492250
2023,1,Montana,February Employment,495761,494988,495206,494926,494928,494928
2023,1,Montana,March Employment,498138,497367,497595,497320,497321,497321
2023,1,Montana,Total Quarterly Wages,6951740566,6938748879,6940559222,6937865847,6938141160,6938141160
2023,1,Nebraska,Quarterly Establishments,75896,75499,75492,75492,75492,75492
2023,1,Nebraska,January Employment,980663,981798,981763,981763,981763,981763
2023,1,Nebraska,February Employment,985309,986451,986416,986416,986416,986416
2023,1,Nebraska,March Employment,990747,992064,992030,992030,992030,992030
2023,1,Nebraska,Total Quarterly Wages,14932445112,14940374945,14939896691,14939896691,14939896691,14939896691
2023,1,Nevada,Quarterly Establishments,106294,105037,105359,106156,106389,106389
2023,1,Nevada,January Employment,1484625,1484172,1484843,1485642,1486040,1486040
2023,1,Nevada,February Employment,1492186,1491903,1492369,1493166,1493599,1493599
2023,1,Nevada,March Employment,1497245,1496971,1497404,1498139,1498724,1498724
2023,1,Nevada,Total Quarterly Wages,24154073096,24149000242,24142240523,24150372238,24156341333,24156341333
2023,1,New Hampshire,Quarterly Establishments,64168,63708,63411,63338,63310,63310
2023,1,New Hampshire,January Employment,670900,671330,671081,671133,671186,671186
2023,1,New Hampshire,February Employment,670713,671155,671366,671447,671501,671501
2023,1,New Hampshire,March Employment,671902,672529,672751,672828,672831,672831
2023,1,New Hampshire,Total Quarterly Wages,12759039594,12764240521,12771199046,12772650232,12772390543,12772390543
2023,1,New Jersey,Quarterly Establishments,329697,325300,317239,314524,311545,311545
2023,1,New Jersey,January Employment,4128960,4125225,4123258,4123562,4123993,4123993
2023,1,New Jersey,February Employment,4143118,4139521,4138506,4138772,4139269,4139269
2023,1,New Jersey,March Employment,4169275,4164697,4163761,4164066,4164635,4164635
2023,1,New Jersey,Total Quarterly Wages,91585798064,91548923835,91559632511,91566261944,91591611326,91591611326
2023,1,New Mexico,Quarterly Establishments,69434,65941,65949,65951,65949,65949
2023,1,New Mexico,January Employment,837120,839385,839615,839716,839741,839741
2023,1,New Mexico,February Employment,843227,845630,845859,845966,845998,845998
2023,1,New Mexico,March Employment,844106,847612,847847,847973,848000,848000
2023,1,New Mexico,Total Quarterly Wages,12090015187,12134826870,12139010697,12140666849,12141067564,12141067564
2023,1,New York,Quarterly Establishments,693212,693640,693509,694065,694073,694073
2023,1,New York,January Employment,9275976,9275721,9273013,9275111,9276338,9276338
2023,1,New York,February Employment,9326336,9323737,9321121,9323174,9324824,9324824
2023,1,New York,March Employment,9368727,9369634,9367642,9370581,9372332,9372332
2023,1,New York,Total Quarterly Wages,244282306890,244339520969,244289556006,244332634940,244673538606,244673538606
2023,1,North Carolina,Quarterly Establishments,366344,364002,363925,363961,363953,363953
2023,1,North Carolina,January Employment,4737064,4739349,4738273,4738830,4738503,4738503
2023,1,North Carolina,February Employment,4767038,4769409,4768378,4768980,4768797,4768797
2023,1,North Carolina,March Employment,4782690,4785037,4783918,4784494,4784301,4784301
2023,1,North Carolina,Total Quarterly Wages,83423885107,83485627461,83481802755,83483160460,83442880654,83442880654
2023,1,North Dakota,Quarterly Establishments,34880,34893,34888,34888,34888,34888
2023,1,North Dakota,January Employment,409602,409865,409860,409860,409860,409860
2023,1,North Dakota,February Employment,411466,411703,411702,411702,411702,411702
2023,1,North Dakota,March Employment,412992,413281,413278,413278,413278,413278
2023,1,North Dakota,Total Quarterly Wages,6503146410,6507132455,6506948624,6506948624,6506948624,6506948624
2023,1,Ohio,Quarterly Establishments,337953,339898,339908,336874,336872,336872
2023,1,Ohio,January Employment,5362600,5366701,5366942,5367146,5367307,5367307
2023,1,Ohio,February Employment,5379398,5383918,5384177,5384456,5384608,5384608
2023,1,Ohio,March Employment,5392910,5405101,5408412,5408681,5408907,5408907
2023,1,Ohio,Total Quarterly Wages,88473561928,88534218537,88531474601,88524968158,88526343062,88526343062
2023,1,Oklahoma,Quarterly Establishments,128222,127923,127914,127921,127921,127921
2023,1,Oklahoma,January Employment,1646443,1648227,1648339,1648339,1648339,1648339
2023,1,Oklahoma,February Employment,1652836,1654704,1654806,1654806,1654806,1654806
2023,1,Oklahoma,March Employment,1660108,1661820,1661917,1661917,1661917,1661917
2023,1,Oklahoma,Total Quarterly Wages,23837271238,23844095358,23845478926,23845478926,23845478926,23845478926
2023,1,Oregon,Quarterly Establishments,193843,196477,197115,196790,187179,187179
2023,1,Oregon,January Employment,1947005,1954182,1955691,1957411,1957656,1957656
2023,1,Oregon,February Employment,1957137,1964438,1965767,1968080,1968168,1968168
2023,1,Oregon,March Employment,1959756,1973034,1975231,1977259,1976920,1976920
2023,1,Oregon,Total Quarterly Wages,34029615527,34128479035,34149186462,34147013975,34149763413,34149763413
2023,1,Pennsylvania,Quarterly Establishments,391157,385928,385939,385939,385938,385938
2023,1,Pennsylvania,January Employment,5855561,5857157,5857093,5857093,5857089,5857089
2023,1,Pennsylvania,February Employment,5861077,5863033,5863018,5863018,5863014,5863014
2023,1,Pennsylvania,March Employment,5898829,5903441,5903531,5903531,5903527,5903527
2023,1,Pennsylvania,Total Quarterly Wages,107506043826,107461146954,107460689372,107460689372,107460669591,107460669591
2023,1,Rhode Island,Quarterly Establishments,47695,47746,47800,47879,47912,47912
2023,1,Rhode Island,January Employment,472739,472807,472807,472867,472867,472867
2023,1,Rhode Island,February Employment,475891,476005,476006,476061,476061,476061
2023,1,Rhode Island,March Employment,478379,478514,478465,478495,478495,478495
2023,1,Rhode Island,Total Quarterly Wages,8250748794,8252095663,8252249398,8251731566,8251454239,8251454239
2023,1,South Carolina,Quarterly Establishments,173423,173426,173405,173673,173675,173675
2023,1,South Carolina,January Employment,2196330,2194964,2194881,2193433,2194598,2194598
2023,1,South Carolina,February Employment,2208323,2207277,2207301,2205916,2207019,2207019
2023,1,South Carolina,March Employment,2221075,2220076,2219901,2218586,2219757,2219757
2023,1,South Carolina,Total Quarterly Wages,32713347016,32674301442,32668284604,32656380570,32660984253,32660984253
2023,1,South Dakota,Quarterly Establishments,39328,39266,39266,39266,39266,39266
2023,1,South Dakota,January Employment,436057,436125,436137,436137,436137,436137
2023,1,South Dakota,February Employment,438208,438309,438327,438327,438327,438327
2023,1,South Dakota,March Employment,440781,440912,440818,440818,440818,440818
2023,1,South Dakota,Total Quarterly Wages,6178583757,6179258409,6179252745,6179252745,6179252745,6179252745
2023,1,Tennessee,Quarterly Establishments,210729,212483,212655,213163,213155,213155
2023,1,Tennessee,January Employment,3171062,3176074,3171104,3171360,3170757,3170757
2023,1,Tennessee,February Employment,3190647,3196072,3191060,3191110,3190254,3190254
2023,1,Tennessee,March Employment,3201709,3207613,3202492,3202603,3201677,3201677
2023,1,Tennessee,Total Quarterly Wages,52370117247,52601281506,52603617384,52523518775,52515013179,52515013179
2023,1,Texas,Quarterly Establishments,820502,823877,823898,823891,823884,823884
2023,1,Texas,January Employment,13437183,13447920,13446207,13444893,13451669,13451669
2023,1,Texas,February Employment,13526821,13540599,13547477,13545970,13542921,13542921
2023,1,Texas,March Employment,13568733,13586229,13594431,13592757,13589701,13589701
2023,1,Texas,Total Quarterly Wages,260010125987,260145700063,260401306683,260223629548,260223064519,260223064519
2023,1,Utah,Quarterly Establishments,134658,133221,132264,132259,132259,132259
2023,1,Utah,January Employment,1654781,1655678,1655178,1655033,1655186,1655186
2023,1,Utah,February Employment,1665867,1668239,1667791,1667647,1667799,1667799
2023,1,Utah,March Employment,1666860,1669129,1668660,1668518,1668670,1668670
2023,1,Utah,Total Quarterly Wages,26906204210,26990851337,26982069084,26980562238,26984961300,26984961300
2023,1,Vermont,Quarterly Establishments,31450,31522,31517,31182,30642,30642
2023,1,Vermont,January Employment,302605,303327,305088,303187,302986,302986
2023,1,Vermont,February Employment,304328,305056,306734,304921,304725,304725
2023,1,Vermont,March Employment,304580,305709,307248,305599,305393,305393
2023,1,Vermont,Total Quarterly Wages,4692366005,4708149269,4722207026,4706288823,4702906625,4702906625
2023,1,Virginia,Quarterly Establishments,347721,350465,350388,350389,351513,351513
2023,1,Virginia,January Employment,3967668,3971029,3970826,3971246,3971678,3971678
2023,1,Virginia,February Employment,3993830,3996919,3996735,3997159,3997608,3997608
2023,1,Virginia,March Employment,4002117,4006212,4006280,4006827,4007768,4007768
2023,1,Virginia,Total Quarterly Wages,76582594465,76636315132,76637981734,76642117137,76646961340,76646961340
2023,1,Washington,Quarterly Establishments,238665,238104,238959,240774,240920,240920
2023,1,Washington,January Employment,3501644,3491371,3491492,3491435,3491685,3491685
2023,1,Washington,February Employment,3519658,3509433,3509477,3508232,3508449,3508449
2023,1,Washington,March Employment,3540076,3531649,3531720,3530328,3530548,3530548
2023,1,Washington,Total Quarterly Wages,78779668560,78608959226,78658013416,78822293813,78824924943,78824924943
2023,1,West Virginia,Quarterly Establishments,56831,57424,57729,57915,57921,57921
2023,1,West Virginia,January Employment,674984,675856,675606,675967,675822,675822
2023,1,West Virginia,February Employment,678107,678903,678633,679047,678907,678907
2023,1,West Virginia,March Employment,682438,683109,682864,683272,683147,683147
2023,1,West Virginia,Total Quarterly Wages,9368025349,9373433418,9371071396,9374298355,9367132064,9367132064
2023,1,Wisconsin,Quarterly Establishments,202009,201407,200499,199515,194912,194912
2023,1,Wisconsin,January Employment,2856144,2857896,2858264,2858502,2858695,2858695
2023,1,Wisconsin,February Employment,2864403,2866225,2866991,2867417,2867581,2867581
2023,1,Wisconsin,March Employment,2874336,2879520,2880277,2880766,2880985,2880985
2023,1,Wisconsin,Total Quarterly Wages,45108524892,45063516875,45068640192,45075637433,45077201939,45077201939
2023,1,Wyoming,Quarterly Establishments,30236,30229,29957,29663,29663,29663
2023,1,Wyoming,January Employment,267974,268229,268392,268391,268391,268391
2023,1,Wyoming,February Employment,269353,269481,269670,269686,269686,269686
2023,1,Wyoming,March Employment,270601,270974,271187,271229,271229,271229
2023,1,Wyoming,Total Quarterly Wages,4009226366,4014107843,4016490547,4017005195,4017005195,4017005195
2023,1,Puerto Rico,Quarterly Establishments,51700,52162,52528,52716,52513,52513
2023,1,Puerto Rico,January Employment,920071,922001,922138,921146,921552,921552
2023,1,Puerto Rico,February Employment,923860,925963,926089,925742,926130,926130
2023,1,Puerto Rico,March Employment,936052,936946,937089,937082,937562,937562
2023,1,Puerto Rico,Total Quarterly Wages,7709192956,7785241196,7785181380,7790780875,7793514234,7793514234
2023,1,Virgin Islands,Quarterly Establishments,3770,3748,3754,3766,3784,3784
2023,1,Virgin Islands,January Employment,35163,35256,35316,35313,35309,35309
2023,1,Virgin Islands,February Employment,35621,35675,35842,35828,35835,35835
2023,1,Virgin Islands,March Employment,36076,36039,36203,36185,36189,36189
2023,1,Virgin Islands,Total Quarterly Wages,449594967,453060218,455330401,455586576,455976389,455976389
2023,2,United States,Quarterly Establishments,11964606,11878843,11829270,11785717,Not applicable,11785717
2023,2,United States,April Employment,152364783,152428104,152420897,152445551,Not applicable,152445551
2023,2,United States,May Employment,153480664,153558991,153554952,153581007,Not applicable,153581007
2023,2,United States,June Employment,154308523,154421979,154428358,154459630,Not applicable,154459630
2023,2,United States,Total Quarterly Wages,2656498865318,2657479186550,2658054081597,2658472645219,Not applicable,2658472645219
2023,2,Alabama,Quarterly Establishments,156737,155968,156110,156124,Not applicable,156124
2023,2,Alabama,April Employment,2062027,2065590,2066438,2066571,Not applicable,2066571
2023,2,Alabama,May Employment,2066942,2070626,2071549,2071789,Not applicable,2071789
2023,2,Alabama,June Employment,2079158,2083961,2085125,2085184,Not applicable,2085184
2023,2,Alabama,Total Quarterly Wages,29778018356,29848659781,29854909111,29855228112,Not applicable,29855228112
2023,2,Alaska,Quarterly Establishments,25340,25209,25024,24996,Not applicable,24996
2023,2,Alaska,April Employment,315247,315486,315365,315493,Not applicable,315493
2023,2,Alaska,May Employment,326086,326339,326259,326398,Not applicable,326398
2023,2,Alaska,June Employment,342402,343001,342926,343086,Not applicable,343086
2023,2,Alaska,Total Quarterly Wages,5478122144,5488702368,5489113725,5491647754,Not applicable,5491647754
2023,2,Arizona,Quarterly Establishments,219122,218307,219375,219246,Not applicable,219246
2023,2,Arizona,April Employment,3160339,3162539,3164850,3170208,Not applicable,3170208
2023,2,Arizona,May Employment,3147685,3150520,3153148,3159372,Not applicable,3159372
2023,2,Arizona,June Employment,3091698,3091922,3097668,3104407,Not applicable,3104407
2023,2,Arizona,Total Quarterly Wages,51534871516,51633455638,51670149643,51763965341,Not applicable,51763965341
2023,2,Arkansas,Quarterly Establishments,103230,101933,101933,101932,Not applicable,101932
2023,2,Arkansas,April Employment,1278961,1279716,1279701,1279702,Not applicable,1279702
2023,2,Arkansas,May Employment,1284388,1285034,1285049,1285050,Not applicable,1285050
2023,2,Arkansas,June Employment,1284808,1286483,1286496,1286496,Not applicable,1286496
2023,2,Arkansas,Total Quarterly Wages,17222344684,17228133672,17228413726,17228417643,Not applicable,17228417643
2023,2,California,Quarterly Establishments,1767720,1759109,1725922,1724095,Not applicable,1724095
2023,2,California,April Employment,17954579,17939289,17908726,17915425,Not applicable,17915425
2023,2,California,May Employment,18117647,18106398,18077256,18083815,Not applicable,18083815
2023,2,California,June Employment,18151079,18142456,18116580,18122292,Not applicable,18122292
2023,2,California,Total Quarterly Wages,381520144472,381189934240,380956792085,380993136524,Not applicable,380993136524
2023,2,Colorado,Quarterly Establishments,256635,256810,256807,256361,Not applicable,256361
2023,2,Colorado,April Employment,2861670,2863570,2862435,2862357,Not applicable,2862357
2023,2,Colorado,May Employment,2871541,2873918,2872701,2872656,Not applicable,2872656
2023,2,Colorado,June Employment,2914340,2915972,2915216,2915271,Not applicable,2915271
2023,2,Colorado,Total Quarterly Wages,53426486535,53511612812,53507184518,53498566355,Not applicable,53498566355
2023,2,Connecticut,Quarterly Establishments,148020,148040,147811,147791,Not applicable,147791
2023,2,Connecticut,April Employment,1650162,1653306,1652456,1652394,Not applicable,1652394
2023,2,Connecticut,May Employment,1677891,1680357,1679445,1679384,Not applicable,1679384
2023,2,Connecticut,June Employment,1691986,1695943,1695017,1694955,Not applicable,1694955
2023,2,Connecticut,Total Quarterly Wages,32877860562,32917553093,32927768422,32926854261,Not applicable,32926854261
2023,2,Delaware,Quarterly Establishments,41552,42506,43168,43519,Not applicable,43519
2023,2,Delaware,April Employment,466682,467652,465758,465772,Not applicable,465772
2023,2,Delaware,May Employment,471757,473018,471113,471113,Not applicable,471113
2023,2,Delaware,June Employment,476221,478803,476582,476672,Not applicable,476672
2023,2,Delaware,Total Quarterly Wages,7652020962,7683554185,7685588766,7681513954,Not applicable,7681513954
2023,2,District of Columbia,Quarterly Establishments,51322,51690,51576,51575,Not applicable,51575
2023,2,District of Columbia,April Employment,756963,757700,757882,757545,Not applicable,757545
2023,2,District of Columbia,May Employment,757550,758502,758685,758349,Not applicable,758349
2023,2,District of Columbia,June Employment,762617,763841,763625,763287,Not applicable,763287
2023,2,District of Columbia,Total Quarterly Wages,21637594388,21649267450,21652537702,21644657230,Not applicable,21644657230
2023,2,Florida,Quarterly Establishments,891769,876746,876136,876108,Not applicable,876108
2023,2,Florida,April Employment,9682202,9690735,9688944,9690857,Not applicable,9690857
2023,2,Florida,May Employment,9679831,9692947,9691218,9693154,Not applicable,9693154
2023,2,Florida,June Employment,9547666,9562299,9561610,9563475,Not applicable,9563475
2023,2,Florida,Total Quarterly Wages,154608655028,154732697851,154701996004,154736180398,Not applicable,154736180398
2023,2,Georgia,Quarterly Establishments,384472,385015,385099,385312,Not applicable,385312
2023,2,Georgia,April Employment,4782200,4782823,4781573,4786357,Not applicable,4786357
2023,2,Georgia,May Employment,4794056,4795284,4794229,4798927,Not applicable,4798927
2023,2,Georgia,June Employment,4802772,4805476,4804570,4808970,Not applicable,4808970
2023,2,Georgia,Total Quarterly Wages,77673317821,77685085451,77634612085,77630107086,Not applicable,77630107086
2023,2,Hawaii,Quarterly Establishments,56522,56596,56619,56599,Not applicable,56599
2023,2,Hawaii,April Employment,635468,635482,635552,635595,Not applicable,635595
2023,2,Hawaii,May Employment,636640,636447,636503,636545,Not applicable,636545
2023,2,Hawaii,June Employment,635963,635816,635790,635847,Not applicable,635847
2023,2,Hawaii,Total Quarterly Wages,9909284194,9939615252,9941845776,9942636616,Not applicable,9942636616
2023,2,Idaho,Quarterly Establishments,94276,93205,93469,93395,Not applicable,93395
2023,2,Idaho,April Employment,835128,836323,836580,836749,Not applicable,836749
2023,2,Idaho,May Employment,842596,843915,844148,844319,Not applicable,844319
2023,2,Idaho,June Employment,855840,856842,857002,857151,Not applicable,857151
2023,2,Idaho,Total Quarterly Wages,11390750652,11411811374,11414878484,11417337100,Not applicable,11417337100
2023,2,Illinois,Quarterly Establishments,410791,406287,400755,397029,Not applicable,397029
2023,2,Illinois,April Employment,5970979,5976685,5979778,5983761,Not applicable,5983761
2023,2,Illinois,May Employment,6019498,6024991,6028426,6032451,Not applicable,6032451
2023,2,Illinois,June Employment,6101227,6109396,6113155,6117357,Not applicable,6117357
2023,2,Illinois,Total Quarterly Wages,106403255301,106434145232,106460528859,106493032551,Not applicable,106493032551
2023,2,Indiana,Quarterly Establishments,191132,188241,186361,186366,Not applicable,186366
2023,2,Indiana,April Employment,3142160,3146422,3146538,3145838,Not applicable,3145838
2023,2,Indiana,May Employment,3167886,3172838,3173280,3172579,Not applicable,3172579
2023,2,Indiana,June Employment,3164665,3174436,3174989,3174324,Not applicable,3174324
2023,2,Indiana,Total Quarterly Wages,45242300186,45285840929,45292957676,45293261274,Not applicable,45293261274
2023,2,Iowa,Quarterly Establishments,110535,111215,111225,111224,Not applicable,111224
2023,2,Iowa,April Employment,1551886,1554274,1554404,1554364,Not applicable,1554364
2023,2,Iowa,May Employment,1562699,1565420,1565555,1565516,Not applicable,1565516
2023,2,Iowa,June Employment,1581845,1585310,1585405,1585364,Not applicable,1585364
2023,2,Iowa,Total Quarterly Wages,22027505779,22062442988,22064541290,22064096127,Not applicable,22064096127
2023,2,Kansas,Quarterly Establishments,98684,97493,96324,95699,Not applicable,95699
2023,2,Kansas,April Employment,1416764,1416789,1416530,1416707,Not applicable,1416707
2023,2,Kansas,May Employment,1422059,1422111,1421880,1422058,Not applicable,1422058
2023,2,Kansas,June Employment,1428557,1428704,1428512,1428694,Not applicable,1428694
2023,2,Kansas,Total Quarterly Wages,19996261700,19996716965,19992455251,19998727336,Not applicable,19998727336
2023,2,Kentucky,Quarterly Establishments,150128,150707,151205,151418,Not applicable,151418
2023,2,Kentucky,April Employment,1966416,1966552,1966186,1966179,Not applicable,1966179
2023,2,Kentucky,May Employment,1975542,1975940,1976078,1976140,Not applicable,1976140
2023,2,Kentucky,June Employment,1974541,1975194,1975403,1975476,Not applicable,1975476
2023,2,Kentucky,Total Quarterly Wages,28198804871,28191699429,28193255452,28194001658,Not applicable,28194001658
2023,2,Louisiana,Quarterly Establishments,153834,153967,153307,153770,Not applicable,153770
2023,2,Louisiana,April Employment,1887766,1889927,1890963,1892192,Not applicable,1892192
2023,2,Louisiana,May Employment,1895425,1897778,1898842,1900195,Not applicable,1900195
2023,2,Louisiana,June Employment,1887332,1889017,1890241,1892694,Not applicable,1892694
2023,2,Louisiana,Total Quarterly Wages,26849037568,26902243443,26903458099,26926491972,Not applicable,26926491972
2023,2,Maine,Quarterly Establishments,64955,64667,64355,64117,Not applicable,64117
2023,2,Maine,April Employment,621524,622806,623773,624290,Not applicable,624290
2023,2,Maine,May Employment,636497,638358,639377,639910,Not applicable,639910
2023,2,Maine,June Employment,654116,656242,658435,659173,Not applicable,659173
2023,2,Maine,Total Quarterly Wages,9304891724,9314661941,9332739810,9334254125,Not applicable,9334254125
2023,2,Maryland,Quarterly Establishments,187147,187947,188502,188639,Not applicable,188639
2023,2,Maryland,April Employment,2669148,2668900,2688119,2691888,Not applicable,2691888
2023,2,Maryland,May Employment,2691617,2692138,2711451,2715679,Not applicable,2715679
2023,2,Maryland,June Employment,2716427,2714519,2734122,2738751,Not applicable,2738751
2023,2,Maryland,Total Quarterly Wages,49075029046,49089602448,49416784963,49471469652,Not applicable,49471469652
2023,2,Massachusetts,Quarterly Establishments,296368,297378,297125,296747,Not applicable,296747
2023,2,Massachusetts,April Employment,3621530,3623760,3618548,3617691,Not applicable,3617691
2023,2,Massachusetts,May Employment,3652285,3654503,3649213,3648344,Not applicable,3648344
2023,2,Massachusetts,June Employment,3703429,3707050,3702055,3701292,Not applicable,3701292
2023,2,Massachusetts,Total Quarterly Wages,79448224625,79583918398,79585088988,79563418786,Not applicable,79563418786
2023,2,Michigan,Quarterly Establishments,318371,320017,320037,320899,Not applicable,320899
2023,2,Michigan,April Employment,4353590,4351284,4351914,4353026,Not applicable,4353026
2023,2,Michigan,May Employment,4420435,4418650,4419744,4420965,Not applicable,4420965
2023,2,Michigan,June Employment,4463021,4461282,4462834,4464095,Not applicable,4464095
2023,2,Michigan,Total Quarterly Wages,69954802734,69882584949,69907701162,69938301457,Not applicable,69938301457
2023,2,Minnesota,Quarterly Establishments,205681,205957,206118,206768,Not applicable,206768
2023,2,Minnesota,April Employment,2869435,2871100,2872966,2873602,Not applicable,2873602
2023,2,Minnesota,May Employment,2925293,2926966,2928943,2929550,Not applicable,2929550
2023,2,Minnesota,June Employment,2964029,2966583,2969382,2970110,Not applicable,2970110
2023,2,Minnesota,Total Quarterly Wages,49898068681,49947232026,49993118612,50005226790,Not applicable,50005226790
2023,2,Mississippi,Quarterly Establishments,87712,86616,86645,86457,Not applicable,86457
2023,2,Mississippi,April Employment,1156370,1158317,1158860,1159297,Not applicable,1159297
2023,2,Mississippi,May Employment,1158770,1161192,1161692,1162082,Not applicable,1162082
2023,2,Mississippi,June Employment,1158020,1160976,1161807,1162198,Not applicable,1162198
2023,2,Mississippi,Total Quarterly Wages,13899862023,13928042531,13933714397,13937924424,Not applicable,13937924424
2023,2,Missouri,Quarterly Establishments,246711,246140,245266,244722,Not applicable,244722
2023,2,Missouri,April Employment,2884665,2886442,2886039,2885693,Not applicable,2885693
2023,2,Missouri,May Employment,2893923,2896297,2895846,2895470,Not applicable,2895470
2023,2,Missouri,June Employment,2908735,2911327,2910831,2910575,Not applicable,2910575
2023,2,Missouri,Total Quarterly Wages,43282492933,43329673001,43329626786,43325749359,Not applicable,43325749359
2023,2,Montana,Quarterly Establishments,65504,65506,65576,65643,Not applicable,65643
2023,2,Montana,April Employment,504572,504478,504258,504345,Not applicable,504345
2023,2,Montana,May Employment,511028,511298,511119,511113,Not applicable,511113
2023,2,Montana,June Employment,520963,521019,520857,520849,Not applicable,520849
2023,2,Montana,Total Quarterly Wages,7140577330,7141874596,7139363951,7139955988,Not applicable,7139955988
2023,2,Nebraska,Quarterly Establishments,76806,76805,76804,76804,Not applicable,76804
2023,2,Nebraska,April Employment,1003027,1004324,1004324,1004324,Not applicable,1004324
2023,2,Nebraska,May Employment,1010326,1011716,1011716,1011716,Not applicable,1011716
2023,2,Nebraska,June Employment,1022103,1023790,1023790,1023790,Not applicable,1023790
2023,2,Nebraska,Total Quarterly Wages,14359072960,14381099593,14381218528,14381218528,Not applicable,14381218528
2023,2,Nevada,Quarterly Establishments,106730,107268,108293,108586,Not applicable,108586
2023,2,Nevada,April Employment,1505794,1505944,1506736,1507312,Not applicable,1507312
2023,2,Nevada,May Employment,1516613,1517168,1517884,1518460,Not applicable,1518460
2023,2,Nevada,June Employment,1522842,1522981,1523777,1524531,Not applicable,1524531
2023,2,Nevada,Total Quarterly Wages,23417912043,23413053666,23429779300,23438052043,Not applicable,23438052043
2023,2,New Hampshire,Quarterly Establishments,65260,64918,64820,64698,Not applicable,64698
2023,2,New Hampshire,April Employment,674594,675020,675161,675233,Not applicable,675233
2023,2,New Hampshire,May Employment,682960,683394,683541,683620,Not applicable,683620
2023,2,New Hampshire,June Employment,694802,695342,695614,695759,Not applicable,695759
2023,2,New Hampshire,Total Quarterly Wages,12339785174,12347333333,12350900623,12352411907,Not applicable,12352411907
2023,2,New Jersey,Quarterly Establishments,330241,322006,318938,315822,Not applicable,315822
2023,2,New Jersey,April Employment,4173446,4174848,4173916,4173988,Not applicable,4173988
2023,2,New Jersey,May Employment,4243451,4238417,4237191,4237301,Not applicable,4237301
2023,2,New Jersey,June Employment,4341447,4322616,4321732,4322068,Not applicable,4322068
2023,2,New Jersey,Total Quarterly Wages,80926923874,80942034591,80941684162,80952890890,Not applicable,80952890890
2023,2,New Mexico,Quarterly Establishments,66732,67220,67192,67192,Not applicable,67192
2023,2,New Mexico,April Employment,854753,856139,856442,856602,Not applicable,856602
2023,2,New Mexico,May Employment,858151,859675,860001,860164,Not applicable,860164
2023,2,New Mexico,June Employment,859136,861036,861334,861499,Not applicable,861499
2023,2,New Mexico,Total Quarterly Wages,12337585959,12307376442,12312083439,12315407844,Not applicable,12315407844
2023,2,New York,Quarterly Establishments,699559,699763,698964,698714,Not applicable,698714
2023,2,New York,April Employment,9401732,9404229,9405828,9406416,Not applicable,9406416
2023,2,New York,May Employment,9512507,9512907,9514152,9514721,Not applicable,9514721
2023,2,New York,June Employment,9623821,9630929,9633440,9634369,Not applicable,9634369
2023,2,New York,Total Quarterly Wages,200424628700,200521783939,200628610161,200751207134,Not applicable,200751207134
2023,2,North Carolina,Quarterly Establishments,370884,369786,369859,369851,Not applicable,369851
2023,2,North Carolina,April Employment,4808097,4807692,4807894,4807781,Not applicable,4807781
2023,2,North Carolina,May Employment,4841766,4842312,4842418,4842276,Not applicable,4842276
2023,2,North Carolina,June Employment,4857455,4858440,4856540,4856511,Not applicable,4856511
2023,2,North Carolina,Total Quarterly Wages,75314222468,75322894067,75317693541,75298639235,Not applicable,75298639235
2023,2,North Dakota,Quarterly Establishments,35354,35396,35372,35372,Not applicable,35372
2023,2,North Dakota,April Employment,414653,414975,415000,415000,Not applicable,415000
2023,2,North Dakota,May Employment,423573,423951,423977,423977,Not applicable,423977
2023,2,North Dakota,June Employment,430404,430976,431005,431005,Not applicable,431005
2023,2,North Dakota,Total Quarterly Wages,6511462170,6514766039,6515828570,6515828570,Not applicable,6515828570
2023,2,Ohio,Quarterly Establishments,341811,343498,337497,337496,Not applicable,337496
2023,2,Ohio,April Employment,5448457,5452375,5452557,5452707,Not applicable,5452707
2023,2,Ohio,May Employment,5501954,5506040,5506348,5506479,Not applicable,5506479
2023,2,Ohio,June Employment,5521924,5534638,5535233,5535405,Not applicable,5535405
2023,2,Ohio,Total Quarterly Wages,82825960947,82892636203,82887021366,82887872613,Not applicable,82887872613
2023,2,Oklahoma,Quarterly Establishments,129685,129274,129280,129280,Not applicable,129280
2023,2,Oklahoma,April Employment,1671405,1673348,1673184,1673184,Not applicable,1673184
2023,2,Oklahoma,May Employment,1674750,1676952,1676774,1676774,Not applicable,1676774
2023,2,Oklahoma,June Employment,1669045,1672210,1672035,1672035,Not applicable,1672035
2023,2,Oklahoma,Total Quarterly Wages,22871501407,22899267184,22897719111,22897719111,Not applicable,22897719111
2023,2,Oregon,Quarterly Establishments,200766,201728,201433,191786,Not applicable,191786
2023,2,Oregon,April Employment,1978245,1981915,1984413,1984457,Not applicable,1984457
2023,2,Oregon,May Employment,1994635,1997546,2000169,2000161,Not applicable,2000161
2023,2,Oregon,June Employment,2010698,2017554,2020352,2020763,Not applicable,2020763
2023,2,Oregon,Total Quarterly Wages,33205752281,33242255196,33245480327,33241643277,Not applicable,33241643277
2023,2,Pennsylvania,Quarterly Establishments,392969,386172,386184,386184,Not applicable,386184
2023,2,Pennsylvania,April Employment,5943952,5944813,5944196,5944196,Not applicable,5944196
2023,2,Pennsylvania,May Employment,5988604,5989794,5989047,5989047,Not applicable,5989047
2023,2,Pennsylvania,June Employment,6014829,6022743,6021760,6021760,Not applicable,6021760
2023,2,Pennsylvania,Total Quarterly Wages,99353352762,99388951965,99387911865,99387911865,Not applicable,99387911865
2023,2,Rhode Island,Quarterly Establishments,47982,48098,48218,48222,Not applicable,48222
2023,2,Rhode Island,April Employment,481034,481264,481272,481301,Not applicable,481301
2023,2,Rhode Island,May Employment,490305,490673,490681,490741,Not applicable,490741
2023,2,Rhode Island,June Employment,498817,499304,499312,499376,Not applicable,499376
2023,2,Rhode Island,Total Quarterly Wages,7781330348,7784322024,7784303319,7783974575,Not applicable,7783974575
2023,2,South Carolina,Quarterly Establishments,175902,175965,176093,176096,Not applicable,176096
2023,2,South Carolina,April Employment,2225967,2227963,2226831,2227068,Not applicable,2227068
2023,2,South Carolina,May Employment,2241047,2243609,2242464,2242703,Not applicable,2242703
2023,2,South Carolina,June Employment,2248585,2251247,2250124,2250422,Not applicable,2250422
2023,2,South Carolina,Total Quarterly Wages,31411950962,31427285517,31415983500,31419060346,Not applicable,31419060346
2023,2,South Dakota,Quarterly Establishments,39570,39546,39559,39559,Not applicable,39559
2023,2,South Dakota,April Employment,445716,445918,445935,445935,Not applicable,445935
2023,2,South Dakota,May Employment,456021,456284,456299,456299,Not applicable,456299
2023,2,South Dakota,June Employment,466789,467115,467131,467131,Not applicable,467131
2023,2,South Dakota,Total Quarterly Wages,6137942664,6140944168,6141072761,6141072761,Not applicable,6141072761
2023,2,Tennessee,Quarterly Establishments,215876,216391,217112,217204,Not applicable,217204
2023,2,Tennessee,April Employment,3221822,3216942,3217185,3216021,Not applicable,3216021
2023,2,Tennessee,May Employment,3237787,3232199,3232235,3230848,Not applicable,3230848
2023,2,Tennessee,June Employment,3254201,3246338,3246498,3244895,Not applicable,3244895
2023,2,Tennessee,Total Quarterly Wages,50304905195,50301539552,50305496701,50298348072,Not applicable,50298348072
2023,2,Texas,Quarterly Establishments,824890,827958,827952,828109,Not applicable,828109
2023,2,Texas,April Employment,13626836,13640892,13643831,13641761,Not applicable,13641761
2023,2,Texas,May Employment,13674878,13692359,13695578,13693912,Not applicable,13693912
2023,2,Texas,June Employment,13716286,13737492,13738919,13739291,Not applicable,13739291
2023,2,Texas,Total Quarterly Wages,235046278245,235140109512,235156371308,235162105647,Not applicable,235162105647
2023,2,Utah,Quarterly Establishments,135664,134771,134752,134752,Not applicable,134752
2023,2,Utah,April Employment,1681789,1682342,1682183,1682284,Not applicable,1682284
2023,2,Utah,May Employment,1693056,1694218,1694034,1694137,Not applicable,1694137
2023,2,Utah,June Employment,1699394,1701656,1701480,1701583,Not applicable,1701583
2023,2,Utah,Total Quarterly Wages,26011556609,26031919443,26029857520,26034071926,Not applicable,26034071926
2023,2,Vermont,Quarterly Establishments,31794,32003,31633,31058,Not applicable,31058
2023,2,Vermont,April Employment,303503,303799,303624,303470,Not applicable,303470
2023,2,Vermont,May Employment,304405,304796,304642,304419,Not applicable,304419
2023,2,Vermont,June Employment,310335,311139,310959,310844,Not applicable,310844
2023,2,Vermont,Total Quarterly Wages,4674231480,4681036390,4680585695,4682025736,Not applicable,4682025736
2023,2,Virginia,Quarterly Establishments,357131,310771,310750,309392,Not applicable,309392
2023,2,Virginia,April Employment,4029371,4029591,4029627,4029253,Not applicable,4029253
2023,2,Virginia,May Employment,4053148,4053461,4053573,4053230,Not applicable,4053230
2023,2,Virginia,June Employment,4082281,4083705,4084039,4084079,Not applicable,4084079
2023,2,Virginia,Total Quarterly Wages,72255126795,72227619925,72229928809,72222716554,Not applicable,72222716554
2023,2,Washington,Quarterly Establishments,241004,242709,244572,225706,Not applicable,225706
2023,2,Washington,April Employment,3551364,3553130,3551718,3548814,Not applicable,3548814
2023,2,Washington,May Employment,3577635,3580776,3579522,3576492,Not applicable,3576492
2023,2,Washington,June Employment,3639845,3643336,3642272,3639165,Not applicable,3639165
2023,2,Washington,Total Quarterly Wages,76945536098,76903984939,77139995124,77143136539,Not applicable,77143136539
2023,2,West Virginia,Quarterly Establishments,58768,59218,59438,59433,Not applicable,59433
2023,2,West Virginia,April Employment,686711,685162,685665,685927,Not applicable,685927
2023,2,West Virginia,May Employment,691208,690237,690420,690684,Not applicable,690684
2023,2,West Virginia,June Employment,695670,695309,695573,695779,Not applicable,695779
2023,2,West Virginia,Total Quarterly Wages,9659322325,9664652201,9664992200,9665952550,Not applicable,9665952550
2023,2,Wisconsin,Quarterly Establishments,204418,203952,202623,197768,Not applicable,197768
2023,2,Wisconsin,April Employment,2901823,2904754,2905423,2905789,Not applicable,2905789
2023,2,Wisconsin,May Employment,2925166,2928968,2929768,2930138,Not applicable,2930138
2023,2,Wisconsin,June Employment,2975795,2978890,2979805,2980112,Not applicable,2980112
2023,2,Wisconsin,Total Quarterly Wages,42961770496,42991833126,42997021705,43001741684,Not applicable,43001741684
2023,2,Wyoming,Quarterly Establishments,30540,30355,30082,30082,Not applicable,30082
2023,2,Wyoming,April Employment,272259,272778,272816,272830,Not applicable,272830
2023,2,Wyoming,May Employment,279151,279754,279769,279785,Not applicable,279785
2023,2,Wyoming,June Employment,288562,289323,289399,289413,Not applicable,289413
2023,2,Wyoming,Total Quarterly Wages,3990167541,3999725492,4001416619,4001475939,Not applicable,4001475939
2023,2,Puerto Rico,Quarterly Establishments,52572,53134,53377,53111,Not applicable,53111
2023,2,Puerto Rico,April Employment,932053,933766,931594,931695,Not applicable,931695
2023,2,Puerto Rico,May Employment,930555,932466,931247,931379,Not applicable,931379
2023,2,Puerto Rico,June Employment,929735,932143,931554,931822,Not applicable,931822
2023,2,Puerto Rico,Total Quarterly Wages,7530076984,7542839540,7531426734,7531695940,Not applicable,7531695940
2023,2,Virgin Islands,Quarterly Establishments,3800,3785,3798,3818,Not applicable,3818
2023,2,Virgin Islands,April Employment,36017,36005,36017,36066,Not applicable,36066
2023,2,Virgin Islands,May Employment,35910,35984,35995,36051,Not applicable,36051
2023,2,Virgin Islands,June Employment,36328,36423,36418,36476,Not applicable,36476
2023,2,Virgin Islands,Total Quarterly Wages,465235986,466186617,467179453,467983247,Not applicable,467983247
2023,3,United States,Quarterly Establishments,12026378,11958748,11903784,Not applicable,Not applicable,11903784
2023,3,United States,July Employment,152186724,152334851,152361567,Not applicable,Not applicable,152361567
2023,3,United States,August Employment,152981385,153172550,153202412,Not applicable,Not applicable,153202412
2023,3,United States,September Employment,153772811,154027988,154059660,Not applicable,Not applicable,154059660
2023,3,United States,Total Quarterly Wages,2653972297822,2657443038360,2657693107447,Not applicable,Not applicable,2657693107447
2023,3,Alabama,Quarterly Establishments,157697,156848,156863,Not applicable,Not applicable,156863
2023,3,Alabama,July Employment,2068410,2071449,2071424,Not applicable,Not applicable,2071424
2023,3,Alabama,August Employment,2072570,2076104,2076098,Not applicable,Not applicable,2076098
2023,3,Alabama,September Employment,2079634,2084623,2084710,Not applicable,Not applicable,2084710
2023,3,Alabama,Total Quarterly Wages,30222497140,30294188550,30294539359,Not applicable,Not applicable,30294539359
2023,3,Alaska,Quarterly Establishments,25393,25385,25338,Not applicable,Not applicable,25338
2023,3,Alaska,July Employment,337812,339766,339957,Not applicable,Not applicable,339957
2023,3,Alaska,August Employment,339063,340733,341015,Not applicable,Not applicable,341015
2023,3,Alaska,September Employment,335383,337305,337627,Not applicable,Not applicable,337627
2023,3,Alaska,Total Quarterly Wages,5825863947,5868377153,5872782864,Not applicable,Not applicable,5872782864
2023,3,Arizona,Quarterly Establishments,223054,223999,223355,Not applicable,Not applicable,223355
2023,3,Arizona,July Employment,3058857,3078157,3079536,Not applicable,Not applicable,3079536
2023,3,Arizona,August Employment,3139065,3161813,3162963,Not applicable,Not applicable,3162963
2023,3,Arizona,September Employment,3163760,3189257,3190510,Not applicable,Not applicable,3190510
2023,3,Arizona,Total Quarterly Wages,50639251251,51019031516,51026294476,Not applicable,Not applicable,51026294476
2023,3,Arkansas,Quarterly Establishments,103063,103179,103179,Not applicable,Not applicable,103179
2023,3,Arkansas,July Employment,1240788,1241523,1241693,Not applicable,Not applicable,1241693
2023,3,Arkansas,August Employment,1267356,1269448,1269649,Not applicable,Not applicable,1269649
2023,3,Arkansas,September Employment,1284326,1287431,1288041,Not applicable,Not applicable,1288041
2023,3,Arkansas,Total Quarterly Wages,17032928912,17058025999,17066033607,Not applicable,Not applicable,17066033607
2023,3,California,Quarterly Establishments,1785300,1751689,1749567,Not applicable,Not applicable,1749567
2023,3,California,July Employment,17893779,17892179,17899870,Not applicable,Not applicable,17899870
2023,3,California,August Employment,18011799,18019092,18031176,Not applicable,Not applicable,18031176
2023,3,California,September Employment,18102238,18117735,18127221,Not applicable,Not applicable,18127221
2023,3,California,Total Quarterly Wages,377462594998,377480097546,377532507499,Not applicable,Not applicable,377532507499
2023,3,Colorado,Quarterly Establishments,261901,256342,255201,Not applicable,Not applicable,255201
2023,3,Colorado,July Employment,2904983,2906270,2906036,Not applicable,Not applicable,2906036
2023,3,Colorado,August Employment,2908085,2908330,2908020,Not applicable,Not applicable,2908020
2023,3,Colorado,September Employment,2888723,2887928,2887311,Not applicable,Not applicable,2887311
2023,3,Colorado,Total Quarterly Wages,53965933536,53958905204,53951297433,Not applicable,Not applicable,53951297433
2023,3,Connecticut,Quarterly Establishments,150043,149829,149794,Not applicable,Not applicable,149794
2023,3,Connecticut,July Employment,1660829,1661248,1661298,Not applicable,Not applicable,1661298
2023,3,Connecticut,August Employment,1658294,1658706,1658817,Not applicable,Not applicable,1658817
2023,3,Connecticut,September Employment,1679019,1679577,1679535,Not applicable,Not applicable,1679535
2023,3,Connecticut,Total Quarterly Wages,32054684464,32017030519,32015653151,Not applicable,Not applicable,32015653151
2023,3,Delaware,Quarterly Establishments,42286,43333,43788,Not applicable,Not applicable,43788
2023,3,Delaware,July Employment,477312,476593,476535,Not applicable,Not applicable,476535
2023,3,Delaware,August Employment,475455,474621,474595,Not applicable,Not applicable,474595
2023,3,Delaware,September Employment,472480,472111,472115,Not applicable,Not applicable,472115
2023,3,Delaware,Total Quarterly Wages,7835744655,7864031046,7887879973,Not applicable,Not applicable,7887879973
2023,3,District of Columbia,Quarterly Establishments,52100,52162,52162,Not applicable,Not applicable,52162
2023,3,District of Columbia,July Employment,758994,760704,760366,Not applicable,Not applicable,760366
2023,3,District of Columbia,August Employment,751834,753562,753250,Not applicable,Not applicable,753250
2023,3,District of Columbia,September Employment,758687,761013,760713,Not applicable,Not applicable,760713
2023,3,District of Columbia,Total Quarterly Wages,21235942537,21244655091,21235792521,Not applicable,Not applicable,21235792521
2023,3,Florida,Quarterly Establishments,894231,881255,881236,Not applicable,Not applicable,881236
2023,3,Florida,July Employment,9485293,9489739,9491497,Not applicable,Not applicable,9491497
2023,3,Florida,August Employment,9634112,9644503,9646545,Not applicable,Not applicable,9646545
2023,3,Florida,September Employment,9668552,9679819,9682023,Not applicable,Not applicable,9682023
2023,3,Florida,Total Quarterly Wages,152002418717,152138079801,152162385450,Not applicable,Not applicable,152162385450
2023,3,Georgia,Quarterly Establishments,392511,393021,393255,Not applicable,Not applicable,393255
2023,3,Georgia,July Employment,4771606,4777105,4781710,Not applicable,Not applicable,4781710
2023,3,Georgia,August Employment,4800729,4807406,4811916,Not applicable,Not applicable,4811916
2023,3,Georgia,September Employment,4807278,4812994,4817448,Not applicable,Not applicable,4817448
2023,3,Georgia,Total Quarterly Wages,77845884684,77916265587,77903928873,Not applicable,Not applicable,77903928873
2023,3,Hawaii,Quarterly Establishments,57387,57454,57419,Not applicable,Not applicable,57419
2023,3,Hawaii,July Employment,633775,633753,633739,Not applicable,Not applicable,633739
2023,3,Hawaii,August Employment,628302,627857,627920,Not applicable,Not applicable,627920
2023,3,Hawaii,September Employment,627886,627779,627914,Not applicable,Not applicable,627914
2023,3,Hawaii,Total Quarterly Wages,10044640054,10050407341,10051412147,Not applicable,Not applicable,10051412147
2023,3,Idaho,Quarterly Establishments,95294,94256,94364,Not applicable,Not applicable,94364
2023,3,Idaho,July Employment,852668,847681,848113,Not applicable,Not applicable,848113
2023,3,Idaho,August Employment,853345,849052,849487,Not applicable,Not applicable,849487
2023,3,Idaho,September Employment,852745,850984,851390,Not applicable,Not applicable,851390
2023,3,Idaho,Total Quarterly Wages,11842383493,11805515013,11810175462,Not applicable,Not applicable,11810175462
2023,3,Illinois,Quarterly Establishments,411341,405599,401352,Not applicable,Not applicable,401352
2023,3,Illinois,July Employment,6000485,6007330,6011862,Not applicable,Not applicable,6011862
2023,3,Illinois,August Employment,6006221,6013622,6018626,Not applicable,Not applicable,6018626
2023,3,Illinois,September Employment,6044128,6054446,6059214,Not applicable,Not applicable,6059214
2023,3,Illinois,Total Quarterly Wages,105278105822,105367446902,105411913606,Not applicable,Not applicable,105411913606
2023,3,Indiana,Quarterly Establishments,192341,191988,191955,Not applicable,Not applicable,191955
2023,3,Indiana,July Employment,3134082,3136280,3137361,Not applicable,Not applicable,3137361
2023,3,Indiana,August Employment,3172537,3175570,3177258,Not applicable,Not applicable,3177258
2023,3,Indiana,September Employment,3175606,3179335,3180391,Not applicable,Not applicable,3180391
2023,3,Indiana,Total Quarterly Wages,45807766095,45864108164,45875606962,Not applicable,Not applicable,45875606962
2023,3,Iowa,Quarterly Establishments,110489,111093,111093,Not applicable,Not applicable,111093
2023,3,Iowa,July Employment,1556275,1561016,1561016,Not applicable,Not applicable,1561016
2023,3,Iowa,August Employment,1552854,1557938,1557938,Not applicable,Not applicable,1557938
2023,3,Iowa,September Employment,1559692,1564128,1564128,Not applicable,Not applicable,1564128
2023,3,Iowa,Total Quarterly Wages,22495031512,22526613206,22526613206,Not applicable,Not applicable,22526613206
2023,3,Kansas,Quarterly Establishments,99738,98200,96800,Not applicable,Not applicable,96800
2023,3,Kansas,July Employment,1405426,1405086,1405345,Not applicable,Not applicable,1405345
2023,3,Kansas,August Employment,1409149,1408978,1409287,Not applicable,Not applicable,1409287
2023,3,Kansas,September Employment,1419667,1419611,1420079,Not applicable,Not applicable,1420079
2023,3,Kansas,Total Quarterly Wages,19949154065,19942612939,19950826152,Not applicable,Not applicable,19950826152
2023,3,Kentucky,Quarterly Establishments,152183,153062,153356,Not applicable,Not applicable,153356
2023,3,Kentucky,July Employment,1905294,1905759,1905400,Not applicable,Not applicable,1905400
2023,3,Kentucky,August Employment,1963221,1964195,1963858,Not applicable,Not applicable,1963858
2023,3,Kentucky,September Employment,1985356,1986680,1986457,Not applicable,Not applicable,1986457
2023,3,Kentucky,Total Quarterly Wages,27710391855,27726741262,27719778331,Not applicable,Not applicable,27719778331
2023,3,Louisiana,Quarterly Establishments,155448,154577,155319,Not applicable,Not applicable,155319
2023,3,Louisiana,July Employment,1864538,1867446,1870114,Not applicable,Not applicable,1870114
2023,3,Louisiana,August Employment,1881003,1884615,1887341,Not applicable,Not applicable,1887341
2023,3,Louisiana,September Employment,1886613,1890229,1893371,Not applicable,Not applicable,1893371
2023,3,Louisiana,Total Quarterly Wages,27029636876,27065475342,27109094461,Not applicable,Not applicable,27109094461
2023,3,Maine,Quarterly Establishments,64948,64658,64358,Not applicable,Not applicable,64358
2023,3,Maine,July Employment,658501,660143,661110,Not applicable,Not applicable,661110
2023,3,Maine,August Employment,657902,659709,660555,Not applicable,Not applicable,660555
2023,3,Maine,September Employment,649144,650817,651691,Not applicable,Not applicable,651691
2023,3,Maine,Total Quarterly Wages,9620178386,9641081376,9648694877,Not applicable,Not applicable,9648694877
2023,3,Maryland,Quarterly Establishments,190061,191717,191819,Not applicable,Not applicable,191819
2023,3,Maryland,July Employment,2688950,2707599,2711248,Not applicable,Not applicable,2711248
2023,3,Maryland,August Employment,2693707,2712848,2716780,Not applicable,Not applicable,2716780
2023,3,Maryland,September Employment,2689721,2710354,2715486,Not applicable,Not applicable,2715486
2023,3,Maryland,Total Quarterly Wages,49813853438,50086636759,50107103941,Not applicable,Not applicable,50107103941
2023,3,Massachusetts,Quarterly Establishments,295840,294867,290089,Not applicable,Not applicable,290089
2023,3,Massachusetts,July Employment,3655724,3662476,3661230,Not applicable,Not applicable,3661230
2023,3,Massachusetts,August Employment,3644795,3651037,3649977,Not applicable,Not applicable,3649977
2023,3,Massachusetts,September Employment,3653529,3660052,3659485,Not applicable,Not applicable,3659485
2023,3,Massachusetts,Total Quarterly Wages,78002324725,78173969210,78167332107,Not applicable,Not applicable,78167332107
2023,3,Michigan,Quarterly Establishments,325467,325643,327186,Not applicable,Not applicable,327186
2023,3,Michigan,July Employment,4402085,4403805,4404720,Not applicable,Not applicable,4404720
2023,3,Michigan,August Employment,4410930,4412374,4413462,Not applicable,Not applicable,4413462
2023,3,Michigan,September Employment,4422184,4422456,4423434,Not applicable,Not applicable,4423434
2023,3,Michigan,Total Quarterly Wages,70454194492,70483978188,70496060940,Not applicable,Not applicable,70496060940
2023,3,Minnesota,Quarterly Establishments,206378,206975,207833,Not applicable,Not applicable,207833
2023,3,Minnesota,July Employment,2914245,2916981,2917949,Not applicable,Not applicable,2917949
2023,3,Minnesota,August Employment,2922552,2924692,2925923,Not applicable,Not applicable,2925923
2023,3,Minnesota,September Employment,2923460,2926046,2927769,Not applicable,Not applicable,2927769
2023,3,Minnesota,Total Quarterly Wages,50442478286,50473400796,50493686918,Not applicable,Not applicable,50493686918
2023,3,Mississippi,Quarterly Establishments,88275,87946,87000,Not applicable,Not applicable,87000
2023,3,Mississippi,July Employment,1149685,1152021,1152661,Not applicable,Not applicable,1152661
2023,3,Mississippi,August Employment,1157835,1159424,1160117,Not applicable,Not applicable,1160117
2023,3,Mississippi,September Employment,1163086,1164583,1165186,Not applicable,Not applicable,1165186
2023,3,Mississippi,Total Quarterly Wages,13935235325,13949653940,13955511231,Not applicable,Not applicable,13955511231
2023,3,Missouri,Quarterly Establishments,250417,249800,249007,Not applicable,Not applicable,249007
2023,3,Missouri,July Employment,2824805,2826020,2825701,Not applicable,Not applicable,2825701
2023,3,Missouri,August Employment,2846863,2848518,2848210,Not applicable,Not applicable,2848210
2023,3,Missouri,September Employment,2894138,2896026,2895865,Not applicable,Not applicable,2895865
2023,3,Missouri,Total Quarterly Wages,42748082519,42764694824,42758005501,Not applicable,Not applicable,42758005501
2023,3,Montana,Quarterly Establishments,66947,67029,67146,Not applicable,Not applicable,67146
2023,3,Montana,July Employment,508663,508363,508423,Not applicable,Not applicable,508423
2023,3,Montana,August Employment,510587,510370,510193,Not applicable,Not applicable,510193
2023,3,Montana,September Employment,513166,512955,512945,Not applicable,Not applicable,512945
2023,3,Montana,Total Quarterly Wages,7117340119,7118278618,7118838265,Not applicable,Not applicable,7118838265
2023,3,Nebraska,Quarterly Establishments,78276,78478,78456,Not applicable,Not applicable,78456
2023,3,Nebraska,July Employment,1011252,1012325,1012325,Not applicable,Not applicable,1012325
2023,3,Nebraska,August Employment,1009880,1011144,1011139,Not applicable,Not applicable,1011139
2023,3,Nebraska,September Employment,1013996,1015492,1015505,Not applicable,Not applicable,1015505
2023,3,Nebraska,Total Quarterly Wages,14605685076,14618300773,14618369375,Not applicable,Not applicable,14618369375
2023,3,Nevada,Quarterly Establishments,107545,110212,110641,Not applicable,Not applicable,110641
2023,3,Nevada,July Employment,1510128,1510962,1512005,Not applicable,Not applicable,1512005
2023,3,Nevada,August Employment,1526190,1527274,1528148,Not applicable,Not applicable,1528148
2023,3,Nevada,September Employment,1537765,1538734,1539491,Not applicable,Not applicable,1539491
2023,3,Nevada,Total Quarterly Wages,23801877515,23820908964,23835706676,Not applicable,Not applicable,23835706676
2023,3,New Hampshire,Quarterly Establishments,66322,66170,65968,Not applicable,Not applicable,65968
2023,3,New Hampshire,July Employment,684011,684196,684407,Not applicable,Not applicable,684407
2023,3,New Hampshire,August Employment,685403,685593,685770,Not applicable,Not applicable,685770
2023,3,New Hampshire,September Employment,687587,688022,688024,Not applicable,Not applicable,688024
2023,3,New Hampshire,Total Quarterly Wages,12034325517,12038115907,12042132735,Not applicable,Not applicable,12042132735
2023,3,New Jersey,Quarterly Establishments,326758,323322,319883,Not applicable,Not applicable,319883
2023,3,New Jersey,July Employment,4151494,4149560,4149587,Not applicable,Not applicable,4149587
2023,3,New Jersey,August Employment,4140866,4140652,4140495,Not applicable,Not applicable,4140495
2023,3,New Jersey,September Employment,4256911,4254176,4254070,Not applicable,Not applicable,4254070
2023,3,New Jersey,Total Quarterly Wages,79156588685,79187695785,79198351678,Not applicable,Not applicable,79198351678
2023,3,New Mexico,Quarterly Establishments,67945,68286,68088,Not applicable,Not applicable,68088
2023,3,New Mexico,July Employment,833703,836490,836670,Not applicable,Not applicable,836670
2023,3,New Mexico,August Employment,859129,862171,862324,Not applicable,Not applicable,862324
2023,3,New Mexico,September Employment,857222,860772,860943,Not applicable,Not applicable,860943
2023,3,New Mexico,Total Quarterly Wages,12115831933,12157441845,12160540297,Not applicable,Not applicable,12160540297
2023,3,New York,Quarterly Establishments,701801,701803,700517,Not applicable,Not applicable,700517
2023,3,New York,July Employment,9388170,9391698,9392115,Not applicable,Not applicable,9392115
2023,3,New York,August Employment,9359138,9365412,9363738,Not applicable,Not applicable,9363738
2023,3,New York,September Employment,9525473,9534407,9535181,Not applicable,Not applicable,9535181
2023,3,New York,Total Quarterly Wages,197257383189,197375806312,197536992615,Not applicable,Not applicable,197536992615
2023,3,North Carolina,Quarterly Establishments,375569,377788,377765,Not applicable,Not applicable,377765
2023,3,North Carolina,July Employment,4745351,4750350,4750065,Not applicable,Not applicable,4750065
2023,3,North Carolina,August Employment,4840413,4846462,4846149,Not applicable,Not applicable,4846149
2023,3,North Carolina,September Employment,4835062,4847153,4846889,Not applicable,Not applicable,4846889
2023,3,North Carolina,Total Quarterly Wages,76343278043,76407242177,76381242098,Not applicable,Not applicable,76381242098
2023,3,North Dakota,Quarterly Establishments,35815,35979,35979,Not applicable,Not applicable,35979
2023,3,North Dakota,July Employment,420290,420647,420647,Not applicable,Not applicable,420647
2023,3,North Dakota,August Employment,421266,421601,421601,Not applicable,Not applicable,421601
2023,3,North Dakota,September Employment,428333,428784,428784,Not applicable,Not applicable,428784
2023,3,North Dakota,Total Quarterly Wages,6632838708,6629143703,6629143703,Not applicable,Not applicable,6629143703
2023,3,Ohio,Quarterly Establishments,344433,336583,336564,Not applicable,Not applicable,336564
2023,3,Ohio,July Employment,5505102,5509652,5509713,Not applicable,Not applicable,5509713
2023,3,Ohio,August Employment,5511029,5515813,5515690,Not applicable,Not applicable,5515690
2023,3,Ohio,September Employment,5488065,5500907,5501670,Not applicable,Not applicable,5501670
2023,3,Ohio,Total Quarterly Wages,84777369366,84819416653,84819242964,Not applicable,Not applicable,84819242964
2023,3,Oklahoma,Quarterly Establishments,131128,130665,129776,Not applicable,Not applicable,129776
2023,3,Oklahoma,July Employment,1629916,1633571,1633713,Not applicable,Not applicable,1633713
2023,3,Oklahoma,August Employment,1657859,1661030,1661164,Not applicable,Not applicable,1661164
2023,3,Oklahoma,September Employment,1684850,1687259,1687366,Not applicable,Not applicable,1687366
2023,3,Oklahoma,Total Quarterly Wages,22669444603,22686179850,22687678926,Not applicable,Not applicable,22687678926
2023,3,Oregon,Quarterly Establishments,203369,203293,193620,Not applicable,Not applicable,193620
2023,3,Oregon,July Employment,1976451,1980418,1981290,Not applicable,Not applicable,1981290
2023,3,Oregon,August Employment,1977563,1980977,1982078,Not applicable,Not applicable,1982078
2023,3,Oregon,September Employment,2001782,2008860,2010332,Not applicable,Not applicable,2010332
2023,3,Oregon,Total Quarterly Wages,33567137823,33749093378,33763653128,Not applicable,Not applicable,33763653128
2023,3,Pennsylvania,Quarterly Establishments,392516,386248,386252,Not applicable,Not applicable,386252
2023,3,Pennsylvania,July Employment,5958820,5961894,5961794,Not applicable,Not applicable,5961794
2023,3,Pennsylvania,August Employment,5947892,5952129,5952052,Not applicable,Not applicable,5952052
2023,3,Pennsylvania,September Employment,5995961,6001062,6000801,Not applicable,Not applicable,6000801
2023,3,Pennsylvania,Total Quarterly Wages,99554162909,99607624544,99606231754,Not applicable,Not applicable,99606231754
2023,3,Rhode Island,Quarterly Establishments,48212,48240,48247,Not applicable,Not applicable,48247
2023,3,Rhode Island,July Employment,491180,491668,491743,Not applicable,Not applicable,491743
2023,3,Rhode Island,August Employment,490375,490926,491247,Not applicable,Not applicable,491247
2023,3,Rhode Island,September Employment,495076,496174,496297,Not applicable,Not applicable,496297
2023,3,Rhode Island,Total Quarterly Wages,7894126279,7895174776,7894889673,Not applicable,Not applicable,7894889673
2023,3,South Carolina,Quarterly Establishments,179675,179713,179964,Not applicable,Not applicable,179964
2023,3,South Carolina,July Employment,2236952,2235903,2236377,Not applicable,Not applicable,2236377
2023,3,South Carolina,August Employment,2255242,2254434,2255151,Not applicable,Not applicable,2255151
2023,3,South Carolina,September Employment,2256404,2256244,2257252,Not applicable,Not applicable,2257252
2023,3,South Carolina,Total Quarterly Wages,31759835791,31771688508,31775571339,Not applicable,Not applicable,31775571339
2023,3,South Dakota,Quarterly Establishments,39796,39800,39806,Not applicable,Not applicable,39806
2023,3,South Dakota,July Employment,459116,459307,459307,Not applicable,Not applicable,459307
2023,3,South Dakota,August Employment,461230,461421,461421,Not applicable,Not applicable,461421
2023,3,South Dakota,September Employment,457568,457817,457817,Not applicable,Not applicable,457817
2023,3,South Dakota,Total Quarterly Wages,6315227759,6315968312,6315968312,Not applicable,Not applicable,6315968312
2023,3,Tennessee,Quarterly Establishments,221247,222756,223015,Not applicable,Not applicable,223015
2023,3,Tennessee,July Employment,3177011,3200921,3195651,Not applicable,Not applicable,3195651
2023,3,Tennessee,August Employment,3203588,3240198,3235033,Not applicable,Not applicable,3235033
2023,3,Tennessee,September Employment,3216120,3269112,3263995,Not applicable,Not applicable,3263995
2023,3,Tennessee,Total Quarterly Wages,49873255775,50826653787,50648310184,Not applicable,Not applicable,50648310184
2023,3,Texas,Quarterly Establishments,831938,836227,836412,Not applicable,Not applicable,836412
2023,3,Texas,July Employment,13627855,13636828,13639478,Not applicable,Not applicable,13639478
2023,3,Texas,August Employment,13686398,13695854,13697320,Not applicable,Not applicable,13697320
2023,3,Texas,September Employment,13731145,13743176,13743238,Not applicable,Not applicable,13743238
2023,3,Texas,Total Quarterly Wages,237546672859,237723682915,237725769832,Not applicable,Not applicable,237725769832
2023,3,Utah,Quarterly Establishments,137165,136181,136185,Not applicable,Not applicable,136185
2023,3,Utah,July Employment,1681639,1681824,1681757,Not applicable,Not applicable,1681757
2023,3,Utah,August Employment,1695476,1695469,1695419,Not applicable,Not applicable,1695419
2023,3,Utah,September Employment,1706064,1706146,1705984,Not applicable,Not applicable,1705984
2023,3,Utah,Total Quarterly Wages,26323878023,26350965895,26350364996,Not applicable,Not applicable,26350364996
2023,3,Vermont,Quarterly Establishments,32376,32214,31577,Not applicable,Not applicable,31577
2023,3,Vermont,July Employment,307688,308216,308515,Not applicable,Not applicable,308515
2023,3,Vermont,August Employment,306292,306759,307106,Not applicable,Not applicable,307106
2023,3,Vermont,September Employment,306485,307461,307323,Not applicable,Not applicable,307323
2023,3,Vermont,Total Quarterly Wages,4550026812,4558541744,4556649757,Not applicable,Not applicable,4556649757
2023,3,Virginia,Quarterly Establishments,315789,311989,308937,Not applicable,Not applicable,308937
2023,3,Virginia,July Employment,4051225,4054702,4054172,Not applicable,Not applicable,4054172
2023,3,Virginia,August Employment,4058523,4061804,4061319,Not applicable,Not applicable,4061319
2023,3,Virginia,September Employment,4053589,4057830,4058078,Not applicable,Not applicable,4058078
2023,3,Virginia,Total Quarterly Wages,72920802279,72979373392,72972172384,Not applicable,Not applicable,72972172384
2023,3,Washington,Quarterly Establishments,242604,245209,225860,Not applicable,Not applicable,225860
2023,3,Washington,July Employment,3643677,3641885,3638354,Not applicable,Not applicable,3638354
2023,3,Washington,August Employment,3618673,3617346,3613523,Not applicable,Not applicable,3613523
2023,3,Washington,September Employment,3618125,3619444,3615321,Not applicable,Not applicable,3615321
2023,3,Washington,Total Quarterly Wages,79297099123,79431750491,79424834087,Not applicable,Not applicable,79424834087
2023,3,West Virginia,Quarterly Establishments,59135,59571,59560,Not applicable,Not applicable,59560
2023,3,West Virginia,July Employment,665226,663569,663863,Not applicable,Not applicable,663863
2023,3,West Virginia,August Employment,673189,671647,671933,Not applicable,Not applicable,671933
2023,3,West Virginia,September Employment,695250,694167,694342,Not applicable,Not applicable,694342
2023,3,West Virginia,Total Quarterly Wages,9197248375,9195676983,9196350241,Not applicable,Not applicable,9196350241
2023,3,Wisconsin,Quarterly Establishments,206208,205651,200412,Not applicable,Not applicable,200412
2023,3,Wisconsin,July Employment,2931373,2936217,2936528,Not applicable,Not applicable,2936528
2023,3,Wisconsin,August Employment,2939829,2945229,2945504,Not applicable,Not applicable,2945504
2023,3,Wisconsin,September Employment,2938556,2942847,2943234,Not applicable,Not applicable,2943234
2023,3,Wisconsin,Total Quarterly Wages,43239720911,43268544544,43274528756,Not applicable,Not applicable,43274528756
2023,3,Wyoming,Quarterly Establishments,30623,30464,30466,Not applicable,Not applicable,30466
2023,3,Wyoming,July Employment,285230,285556,285577,Not applicable,Not applicable,285577
2023,3,Wyoming,August Employment,285777,286088,286112,Not applicable,Not applicable,286112
2023,3,Wyoming,September Employment,285221,285668,285664,Not applicable,Not applicable,285664
2023,3,Wyoming,Total Quarterly Wages,4123938566,4128745230,4128662624,Not applicable,Not applicable,4128662624
2023,3,Puerto Rico,Quarterly Establishments,53567,54018,53678,Not applicable,Not applicable,53678
2023,3,Puerto Rico,July Employment,919797,919032,919284,Not applicable,Not applicable,919284
2023,3,Puerto Rico,August Employment,927581,928695,928968,Not applicable,Not applicable,928968
2023,3,Puerto Rico,September Employment,940204,942969,943504,Not applicable,Not applicable,943504
2023,3,Puerto Rico,Total Quarterly Wages,7647627258,7665429813,7668066226,Not applicable,Not applicable,7668066226
2023,3,Virgin Islands,Quarterly Establishments,3829,3808,3825,Not applicable,Not applicable,3825
2023,3,Virgin Islands,July Employment,36131,36096,36117,Not applicable,Not applicable,36117
2023,3,Virgin Islands,August Employment,35539,35582,35601,Not applicable,Not applicable,35601
2023,3,Virgin Islands,September Employment,35055,35117,35153,Not applicable,Not applicable,35153
2023,3,Virgin Islands,Total Quarterly Wages,440632152,443739838,445052691,Not applicable,Not applicable,445052691
2023,4,United States,Quarterly Establishments,12090132,12009425,Not applicable,Not applicable,Not applicable,12009425
2023,4,United States,October Employment,154532362,154639118,Not applicable,Not applicable,Not applicable,154639118
2023,4,United States,November Employment,154956133,155078016,Not applicable,Not applicable,Not applicable,155078016
2023,4,United States,December Employment,154848113,155014465,Not applicable,Not applicable,Not applicable,155014465
2023,4,United States,Total Quarterly Wages,2886734622632,2889824083162,Not applicable,Not applicable,Not applicable,2889824083162
2023,4,Alabama,Quarterly Establishments,159108,158778,Not applicable,Not applicable,Not applicable,158778
2023,4,Alabama,October Employment,2091535,2092697,Not applicable,Not applicable,Not applicable,2092697
2023,4,Alabama,November Employment,2100094,2101233,Not applicable,Not applicable,Not applicable,2101233
2023,4,Alabama,December Employment,2101125,2102952,Not applicable,Not applicable,Not applicable,2102952
2023,4,Alabama,Total Quarterly Wages,32915155887,32915100344,Not applicable,Not applicable,Not applicable,32915100344
2023,4,Alaska,Quarterly Establishments,25166,25039,Not applicable,Not applicable,Not applicable,25039
2023,4,Alaska,October Employment,320859,321273,Not applicable,Not applicable,Not applicable,321273
2023,4,Alaska,November Employment,312106,312605,Not applicable,Not applicable,Not applicable,312605
2023,4,Alaska,December Employment,311629,312179,Not applicable,Not applicable,Not applicable,312179
2023,4,Alaska,Total Quarterly Wages,5617249738,5625943982,Not applicable,Not applicable,Not applicable,5625943982
2023,4,Arizona,Quarterly Establishments,226368,224903,Not applicable,Not applicable,Not applicable,224903
2023,4,Arizona,October Employment,3179282,3182815,Not applicable,Not applicable,Not applicable,3182815
2023,4,Arizona,November Employment,3219680,3223406,Not applicable,Not applicable,Not applicable,3223406
2023,4,Arizona,December Employment,3231371,3234669,Not applicable,Not applicable,Not applicable,3234669
2023,4,Arizona,Total Quarterly Wages,55149295411,55172085467,Not applicable,Not applicable,Not applicable,55172085467
2023,4,Arkansas,Quarterly Establishments,103181,103168,Not applicable,Not applicable,Not applicable,103168
2023,4,Arkansas,October Employment,1288434,1292876,Not applicable,Not applicable,Not applicable,1292876
2023,4,Arkansas,November Employment,1291675,1295796,Not applicable,Not applicable,Not applicable,1295796
2023,4,Arkansas,December Employment,1293983,1298677,Not applicable,Not applicable,Not applicable,1298677
2023,4,Arkansas,Total Quarterly Wages,18287099897,18339543304,Not applicable,Not applicable,Not applicable,18339543304
2023,4,California,Quarterly Establishments,1792205,1790680,Not applicable,Not applicable,Not applicable,1790680
2023,4,California,October Employment,18196337,18219621,Not applicable,Not applicable,Not applicable,18219621
2023,4,California,November Employment,18192247,18222061,Not applicable,Not applicable,Not applicable,18222061
2023,4,California,December Employment,18111429,18146497,Not applicable,Not applicable,Not applicable,18146497
2023,4,California,Total Quarterly Wages,415358943770,415553461633,Not applicable,Not applicable,Not applicable,415553461633
2023,4,Colorado,Quarterly Establishments,263188,259925,Not applicable,Not applicable,Not applicable,259925
2023,4,Colorado,October Employment,2919998,2909997,Not applicable,Not applicable,Not applicable,2909997
2023,4,Colorado,November Employment,2923428,2913176,Not applicable,Not applicable,Not applicable,2913176
2023,4,Colorado,December Employment,2930128,2919863,Not applicable,Not applicable,Not applicable,2919863
2023,4,Colorado,Total Quarterly Wages,57617426362,57478895742,Not applicable,Not applicable,Not applicable,57478895742
2023,4,Connecticut,Quarterly Establishments,150997,146497,Not applicable,Not applicable,Not applicable,146497
2023,4,Connecticut,October Employment,1686916,1687807,Not applicable,Not applicable,Not applicable,1687807
2023,4,Connecticut,November Employment,1694215,1694627,Not applicable,Not applicable,Not applicable,1694627
2023,4,Connecticut,December Employment,1690004,1691626,Not applicable,Not applicable,Not applicable,1691626
2023,4,Connecticut,Total Quarterly Wages,35867568712,35869073478,Not applicable,Not applicable,Not applicable,35869073478
2023,4,Delaware,Quarterly Establishments,43153,43840,Not applicable,Not applicable,Not applicable,43840
2023,4,Delaware,October Employment,472646,473382,Not applicable,Not applicable,Not applicable,473382
2023,4,Delaware,November Employment,473536,474011,Not applicable,Not applicable,Not applicable,474011
2023,4,Delaware,December Employment,472857,473416,Not applicable,Not applicable,Not applicable,473416
2023,4,Delaware,Total Quarterly Wages,8440840635,8464971822,Not applicable,Not applicable,Not applicable,8464971822
2023,4,District of Columbia,Quarterly Establishments,52637,52601,Not applicable,Not applicable,Not applicable,52601
2023,4,District of Columbia,October Employment,762470,763323,Not applicable,Not applicable,Not applicable,763323
2023,4,District of Columbia,November Employment,763193,763991,Not applicable,Not applicable,Not applicable,763991
2023,4,District of Columbia,December Employment,759939,760981,Not applicable,Not applicable,Not applicable,760981
2023,4,District of Columbia,Total Quarterly Wages,23620806173,23624324799,Not applicable,Not applicable,Not applicable,23624324799
2023,4,Florida,Quarterly Establishments,904410,887673,Not applicable,Not applicable,Not applicable,887673
2023,4,Florida,October Employment,9778760,9792254,Not applicable,Not applicable,Not applicable,9792254
2023,4,Florida,November Employment,9856800,9872098,Not applicable,Not applicable,Not applicable,9872098
2023,4,Florida,December Employment,9870072,9887419,Not applicable,Not applicable,Not applicable,9887419
2023,4,Florida,Total Quarterly Wages,169831198379,170223667889,Not applicable,Not applicable,Not applicable,170223667889
2023,4,Georgia,Quarterly Establishments,391705,392119,Not applicable,Not applicable,Not applicable,392119
2023,4,Georgia,October Employment,4833077,4842384,Not applicable,Not applicable,Not applicable,4842384
2023,4,Georgia,November Employment,4868830,4876850,Not applicable,Not applicable,Not applicable,4876850
2023,4,Georgia,December Employment,4866355,4876446,Not applicable,Not applicable,Not applicable,4876446
2023,4,Georgia,Total Quarterly Wages,84016062707,84043359071,Not applicable,Not applicable,Not applicable,84043359071
2023,4,Hawaii,Quarterly Establishments,58310,57259,Not applicable,Not applicable,Not applicable,57259
2023,4,Hawaii,October Employment,630700,631169,Not applicable,Not applicable,Not applicable,631169
2023,4,Hawaii,November Employment,637581,637983,Not applicable,Not applicable,Not applicable,637983
2023,4,Hawaii,December Employment,643299,643964,Not applicable,Not applicable,Not applicable,643964
2023,4,Hawaii,Total Quarterly Wages,10671877654,10682975409,Not applicable,Not applicable,Not applicable,10682975409
2023,4,Idaho,Quarterly Establishments,96260,96611,Not applicable,Not applicable,Not applicable,96611
2023,4,Idaho,October Employment,859612,859840,Not applicable,Not applicable,Not applicable,859840
2023,4,Idaho,November Employment,855591,855734,Not applicable,Not applicable,Not applicable,855734
2023,4,Idaho,December Employment,854904,855050,Not applicable,Not applicable,Not applicable,855050
2023,4,Idaho,Total Quarterly Wages,12663791085,12673653391,Not applicable,Not applicable,Not applicable,12673653391
2023,4,Illinois,Quarterly Establishments,410615,406284,Not applicable,Not applicable,Not applicable,406284
2023,4,Illinois,October Employment,6051782,6058105,Not applicable,Not applicable,Not applicable,6058105
2023,4,Illinois,November Employment,6066044,6072492,Not applicable,Not applicable,Not applicable,6072492
2023,4,Illinois,December Employment,6051872,6057909,Not applicable,Not applicable,Not applicable,6057909
2023,4,Illinois,Total Quarterly Wages,116440353954,116495205423,Not applicable,Not applicable,Not applicable,116495205423
2023,4,Indiana,Quarterly Establishments,191381,190448,Not applicable,Not applicable,Not applicable,190448
2023,4,Indiana,October Employment,3178552,3180450,Not applicable,Not applicable,Not applicable,3180450
2023,4,Indiana,November Employment,3191735,3193370,Not applicable,Not applicable,Not applicable,3193370
2023,4,Indiana,December Employment,3187120,3189460,Not applicable,Not applicable,Not applicable,3189460
2023,4,Indiana,Total Quarterly Wages,48509860194,48528974403,Not applicable,Not applicable,Not applicable,48528974403
2023,4,Iowa,Quarterly Establishments,110744,111614,Not applicable,Not applicable,Not applicable,111614
2023,4,Iowa,October Employment,1567090,1571171,Not applicable,Not applicable,Not applicable,1571171
2023,4,Iowa,November Employment,1568925,1573201,Not applicable,Not applicable,Not applicable,1573201
2023,4,Iowa,December Employment,1563982,1568504,Not applicable,Not applicable,Not applicable,1568504
2023,4,Iowa,Total Quarterly Wages,24425519989,24476561742,Not applicable,Not applicable,Not applicable,24476561742
2023,4,Kansas,Quarterly Establishments,100062,98206,Not applicable,Not applicable,Not applicable,98206
2023,4,Kansas,October Employment,1429168,1429594,Not applicable,Not applicable,Not applicable,1429594
2023,4,Kansas,November Employment,1434664,1435177,Not applicable,Not applicable,Not applicable,1435177
2023,4,Kansas,December Employment,1431759,1432345,Not applicable,Not applicable,Not applicable,1432345
2023,4,Kansas,Total Quarterly Wages,21726487018,21755493904,Not applicable,Not applicable,Not applicable,21755493904
2023,4,Kentucky,Quarterly Establishments,153977,154402,Not applicable,Not applicable,Not applicable,154402
2023,4,Kentucky,October Employment,1989993,1990249,Not applicable,Not applicable,Not applicable,1990249
2023,4,Kentucky,November Employment,2002529,2002809,Not applicable,Not applicable,Not applicable,2002809
2023,4,Kentucky,December Employment,2004416,2004869,Not applicable,Not applicable,Not applicable,2004869
2023,4,Kentucky,Total Quarterly Wages,29780352904,29789847719,Not applicable,Not applicable,Not applicable,29789847719
2023,4,Louisiana,Quarterly Establishments,154159,153991,Not applicable,Not applicable,Not applicable,153991
2023,4,Louisiana,October Employment,1902531,1911965,Not applicable,Not applicable,Not applicable,1911965
2023,4,Louisiana,November Employment,1907184,1916484,Not applicable,Not applicable,Not applicable,1916484
2023,4,Louisiana,December Employment,1905381,1914610,Not applicable,Not applicable,Not applicable,1914610
2023,4,Louisiana,Total Quarterly Wages,29554239563,29704816524,Not applicable,Not applicable,Not applicable,29704816524
2023,4,Maine,Quarterly Establishments,64792,64454,Not applicable,Not applicable,Not applicable,64454
2023,4,Maine,October Employment,647609,648909,Not applicable,Not applicable,Not applicable,648909
2023,4,Maine,November Employment,638078,639508,Not applicable,Not applicable,Not applicable,639508
2023,4,Maine,December Employment,636802,638155,Not applicable,Not applicable,Not applicable,638155
2023,4,Maine,Total Quarterly Wages,10068383779,10073557110,Not applicable,Not applicable,Not applicable,10073557110
2023,4,Maryland,Quarterly Establishments,193826,193808,Not applicable,Not applicable,Not applicable,193808
2023,4,Maryland,October Employment,2719193,2723616,Not applicable,Not applicable,Not applicable,2723616
2023,4,Maryland,November Employment,2730746,2734881,Not applicable,Not applicable,Not applicable,2734881
2023,4,Maryland,December Employment,2730400,2736180,Not applicable,Not applicable,Not applicable,2736180
2023,4,Maryland,Total Quarterly Wages,53504294960,53515323234,Not applicable,Not applicable,Not applicable,53515323234
2023,4,Massachusetts,Quarterly Establishments,292925,287330,Not applicable,Not applicable,Not applicable,287330
2023,4,Massachusetts,October Employment,3664009,3668150,Not applicable,Not applicable,Not applicable,3668150
2023,4,Massachusetts,November Employment,3661611,3666168,Not applicable,Not applicable,Not applicable,3666168
2023,4,Massachusetts,December Employment,3655401,3661204,Not applicable,Not applicable,Not applicable,3661204
2023,4,Massachusetts,Total Quarterly Wages,85883139213,86005371388,Not applicable,Not applicable,Not applicable,86005371388
2023,4,Michigan,Quarterly Establishments,330942,332343,Not applicable,Not applicable,Not applicable,332343
2023,4,Michigan,October Employment,4404125,4405049,Not applicable,Not applicable,Not applicable,4405049
2023,4,Michigan,November Employment,4409351,4410392,Not applicable,Not applicable,Not applicable,4410392
2023,4,Michigan,December Employment,4407761,4409498,Not applicable,Not applicable,Not applicable,4409498
2023,4,Michigan,Total Quarterly Wages,75370874514,75439363030,Not applicable,Not applicable,Not applicable,75439363030
2023,4,Minnesota,Quarterly Establishments,209239,210024,Not applicable,Not applicable,Not applicable,210024
2023,4,Minnesota,October Employment,2937711,2939151,Not applicable,Not applicable,Not applicable,2939151
2023,4,Minnesota,November Employment,2924057,2925793,Not applicable,Not applicable,Not applicable,2925793
2023,4,Minnesota,December Employment,2909907,2912496,Not applicable,Not applicable,Not applicable,2912496
2023,4,Minnesota,Total Quarterly Wages,53204405977,53231432512,Not applicable,Not applicable,Not applicable,53231432512
2023,4,Mississippi,Quarterly Establishments,89087,88075,Not applicable,Not applicable,Not applicable,88075
2023,4,Mississippi,October Employment,1165624,1166371,Not applicable,Not applicable,Not applicable,1166371
2023,4,Mississippi,November Employment,1170667,1171639,Not applicable,Not applicable,Not applicable,1171639
2023,4,Mississippi,December Employment,1170906,1171807,Not applicable,Not applicable,Not applicable,1171807
2023,4,Mississippi,Total Quarterly Wages,14943621439,14955883801,Not applicable,Not applicable,Not applicable,14955883801
2023,4,Missouri,Quarterly Establishments,253947,253187,Not applicable,Not applicable,Not applicable,253187
2023,4,Missouri,October Employment,2906455,2907698,Not applicable,Not applicable,Not applicable,2907698
2023,4,Missouri,November Employment,2909649,2910984,Not applicable,Not applicable,Not applicable,2910984
2023,4,Missouri,December Employment,2906339,2907704,Not applicable,Not applicable,Not applicable,2907704
2023,4,Missouri,Total Quarterly Wages,46183787931,46196216873,Not applicable,Not applicable,Not applicable,46196216873
2023,4,Montana,Quarterly Establishments,68218,66426,Not applicable,Not applicable,Not applicable,66426
2023,4,Montana,October Employment,511252,511356,Not applicable,Not applicable,Not applicable,511356
2023,4,Montana,November Employment,507528,507652,Not applicable,Not applicable,Not applicable,507652
2023,4,Montana,December Employment,510019,510096,Not applicable,Not applicable,Not applicable,510096
2023,4,Montana,Total Quarterly Wages,7806493356,7809529508,Not applicable,Not applicable,Not applicable,7809529508
2023,4,Nebraska,Quarterly Establishments,76755,76796,Not applicable,Not applicable,Not applicable,76796
2023,4,Nebraska,October Employment,1018601,1019489,Not applicable,Not applicable,Not applicable,1019489
2023,4,Nebraska,November Employment,1018809,1019912,Not applicable,Not applicable,Not applicable,1019912
2023,4,Nebraska,December Employment,1018535,1019915,Not applicable,Not applicable,Not applicable,1019915
2023,4,Nebraska,Total Quarterly Wages,15713033694,15719880585,Not applicable,Not applicable,Not applicable,15719880585
2023,4,Nevada,Quarterly Establishments,108460,109326,Not applicable,Not applicable,Not applicable,109326
2023,4,Nevada,October Employment,1551214,1550654,Not applicable,Not applicable,Not applicable,1550654
2023,4,Nevada,November Employment,1557191,1556350,Not applicable,Not applicable,Not applicable,1556350
2023,4,Nevada,December Employment,1556696,1556031,Not applicable,Not applicable,Not applicable,1556031
2023,4,Nevada,Total Quarterly Wages,25692559924,25701715278,Not applicable,Not applicable,Not applicable,25701715278
2023,4,New Hampshire,Quarterly Establishments,67096,66797,Not applicable,Not applicable,Not applicable,66797
2023,4,New Hampshire,October Employment,685261,685351,Not applicable,Not applicable,Not applicable,685351
2023,4,New Hampshire,November Employment,684624,684645,Not applicable,Not applicable,Not applicable,684645
2023,4,New Hampshire,December Employment,689220,689257,Not applicable,Not applicable,Not applicable,689257
2023,4,New Hampshire,Total Quarterly Wages,13622139686,13627111487,Not applicable,Not applicable,Not applicable,13627111487
2023,4,New Jersey,Quarterly Establishments,333766,330138,Not applicable,Not applicable,Not applicable,330138
2023,4,New Jersey,October Employment,4250453,4251208,Not applicable,Not applicable,Not applicable,4251208
2023,4,New Jersey,November Employment,4278230,4277585,Not applicable,Not applicable,Not applicable,4277585
2023,4,New Jersey,December Employment,4293084,4292278,Not applicable,Not applicable,Not applicable,4292278
2023,4,New Jersey,Total Quarterly Wages,87463737943,87501835830,Not applicable,Not applicable,Not applicable,87501835830
2023,4,New Mexico,Quarterly Establishments,68646,68258,Not applicable,Not applicable,Not applicable,68258
2023,4,New Mexico,October Employment,862862,864909,Not applicable,Not applicable,Not applicable,864909
2023,4,New Mexico,November Employment,865344,867810,Not applicable,Not applicable,Not applicable,867810
2023,4,New Mexico,December Employment,868281,870769,Not applicable,Not applicable,Not applicable,870769
2023,4,New Mexico,Total Quarterly Wages,13109021347,13142140472,Not applicable,Not applicable,Not applicable,13142140472
2023,4,New York,Quarterly Establishments,699717,698027,Not applicable,Not applicable,Not applicable,698027
2023,4,New York,October Employment,9585715,9589066,Not applicable,Not applicable,Not applicable,9589066
2023,4,New York,November Employment,9616109,9619480,Not applicable,Not applicable,Not applicable,9619480
2023,4,New York,December Employment,9627050,9633090,Not applicable,Not applicable,Not applicable,9633090
2023,4,New York,Total Quarterly Wages,222786714789,223030207944,Not applicable,Not applicable,Not applicable,223030207944
2023,4,North Carolina,Quarterly Establishments,383761,388395,Not applicable,Not applicable,Not applicable,388395
2023,4,North Carolina,October Employment,4889229,4890014,Not applicable,Not applicable,Not applicable,4890014
2023,4,North Carolina,November Employment,4912128,4911356,Not applicable,Not applicable,Not applicable,4911356
2023,4,North Carolina,December Employment,4917928,4918768,Not applicable,Not applicable,Not applicable,4918768
2023,4,North Carolina,Total Quarterly Wages,81664826828,81847825559,Not applicable,Not applicable,Not applicable,81847825559
2023,4,North Dakota,Quarterly Establishments,36116,36115,Not applicable,Not applicable,Not applicable,36115
2023,4,North Dakota,October Employment,429788,429866,Not applicable,Not applicable,Not applicable,429866
2023,4,North Dakota,November Employment,426812,426887,Not applicable,Not applicable,Not applicable,426887
2023,4,North Dakota,December Employment,427012,427058,Not applicable,Not applicable,Not applicable,427058
2023,4,North Dakota,Total Quarterly Wages,7044986306,7046775550,Not applicable,Not applicable,Not applicable,7046775550
2023,4,Ohio,Quarterly Establishments,333911,335030,Not applicable,Not applicable,Not applicable,335030
2023,4,Ohio,October Employment,5523205,5524866,Not applicable,Not applicable,Not applicable,5524866
2023,4,Ohio,November Employment,5533839,5535263,Not applicable,Not applicable,Not applicable,5535263
2023,4,Ohio,December Employment,5514546,5517805,Not applicable,Not applicable,Not applicable,5517805
2023,4,Ohio,Total Quarterly Wages,89407257060,89466078072,Not applicable,Not applicable,Not applicable,89466078072
2023,4,Oklahoma,Quarterly Establishments,132638,131562,Not applicable,Not applicable,Not applicable,131562
2023,4,Oklahoma,October Employment,1691885,1694409,Not applicable,Not applicable,Not applicable,1694409
2023,4,Oklahoma,November Employment,1696270,1699225,Not applicable,Not applicable,Not applicable,1699225
2023,4,Oklahoma,December Employment,1697138,1700208,Not applicable,Not applicable,Not applicable,1700208
2023,4,Oklahoma,Total Quarterly Wages,24745776325,24765032215,Not applicable,Not applicable,Not applicable,24765032215
2023,4,Oregon,Quarterly Establishments,206149,196270,Not applicable,Not applicable,Not applicable,196270
2023,4,Oregon,October Employment,1995088,1998302,Not applicable,Not applicable,Not applicable,1998302
2023,4,Oregon,November Employment,1990478,1993435,Not applicable,Not applicable,Not applicable,1993435
2023,4,Oregon,December Employment,1985457,1990474,Not applicable,Not applicable,Not applicable,1990474
2023,4,Oregon,Total Quarterly Wages,34609773653,34636952788,Not applicable,Not applicable,Not applicable,34636952788
2023,4,Pennsylvania,Quarterly Establishments,392411,385384,Not applicable,Not applicable,Not applicable,385384
2023,4,Pennsylvania,October Employment,6011221,6011366,Not applicable,Not applicable,Not applicable,6011366
2023,4,Pennsylvania,November Employment,6026697,6027014,Not applicable,Not applicable,Not applicable,6027014
2023,4,Pennsylvania,December Employment,6023445,6029013,Not applicable,Not applicable,Not applicable,6029013
2023,4,Pennsylvania,Total Quarterly Wages,106469735478,106510241553,Not applicable,Not applicable,Not applicable,106510241553
2023,4,Rhode Island,Quarterly Establishments,48339,48435,Not applicable,Not applicable,Not applicable,48435
2023,4,Rhode Island,October Employment,493274,493856,Not applicable,Not applicable,Not applicable,493856
2023,4,Rhode Island,November Employment,492942,493577,Not applicable,Not applicable,Not applicable,493577
2023,4,Rhode Island,December Employment,492310,492966,Not applicable,Not applicable,Not applicable,492966
2023,4,Rhode Island,Total Quarterly Wages,8341517604,8352921492,Not applicable,Not applicable,Not applicable,8352921492
2023,4,South Carolina,Quarterly Establishments,180752,180853,Not applicable,Not applicable,Not applicable,180853
2023,4,South Carolina,October Employment,2267819,2268519,Not applicable,Not applicable,Not applicable,2268519
2023,4,South Carolina,November Employment,2279408,2280219,Not applicable,Not applicable,Not applicable,2280219
2023,4,South Carolina,December Employment,2278046,2279240,Not applicable,Not applicable,Not applicable,2279240
2023,4,South Carolina,Total Quarterly Wages,34089044189,34097053471,Not applicable,Not applicable,Not applicable,34097053471
2023,4,South Dakota,Quarterly Establishments,40002,39995,Not applicable,Not applicable,Not applicable,39995
2023,4,South Dakota,October Employment,457945,457679,Not applicable,Not applicable,Not applicable,457679
2023,4,South Dakota,November Employment,456046,455822,Not applicable,Not applicable,Not applicable,455822
2023,4,South Dakota,December Employment,455952,455771,Not applicable,Not applicable,Not applicable,455771
2023,4,South Dakota,Total Quarterly Wages,6745546322,6745370762,Not applicable,Not applicable,Not applicable,6745370762
2023,4,Tennessee,Quarterly Establishments,225920,226486,Not applicable,Not applicable,Not applicable,226486
2023,4,Tennessee,October Employment,3255185,3257812,Not applicable,Not applicable,Not applicable,3257812
2023,4,Tennessee,November Employment,3280489,3288715,Not applicable,Not applicable,Not applicable,3288715
2023,4,Tennessee,December Employment,3276905,3290524,Not applicable,Not applicable,Not applicable,3290524
2023,4,Tennessee,Total Quarterly Wages,54647006724,55717347781,Not applicable,Not applicable,Not applicable,55717347781
2023,4,Texas,Quarterly Establishments,835116,838400,Not applicable,Not applicable,Not applicable,838400
2023,4,Texas,October Employment,13843678,13849503,Not applicable,Not applicable,Not applicable,13849503
2023,4,Texas,November Employment,13912217,13917777,Not applicable,Not applicable,Not applicable,13917777
2023,4,Texas,December Employment,13905413,13915979,Not applicable,Not applicable,Not applicable,13915979
2023,4,Texas,Total Quarterly Wages,257677535983,257776614537,Not applicable,Not applicable,Not applicable,257776614537
2023,4,Utah,Quarterly Establishments,138996,139265,Not applicable,Not applicable,Not applicable,139265
2023,4,Utah,October Employment,1711294,1710993,Not applicable,Not applicable,Not applicable,1710993
2023,4,Utah,November Employment,1712919,1712653,Not applicable,Not applicable,Not applicable,1712653
2023,4,Utah,December Employment,1713548,1713155,Not applicable,Not applicable,Not applicable,1713155
2023,4,Utah,Total Quarterly Wages,28600461380,28594888502,Not applicable,Not applicable,Not applicable,28594888502
2023,4,Vermont,Quarterly Establishments,32642,32242,Not applicable,Not applicable,Not applicable,32242
2023,4,Vermont,October Employment,308752,309455,Not applicable,Not applicable,Not applicable,309455
2023,4,Vermont,November Employment,307576,308290,Not applicable,Not applicable,Not applicable,308290
2023,4,Vermont,December Employment,310299,311129,Not applicable,Not applicable,Not applicable,311129
2023,4,Vermont,Total Quarterly Wages,5018493583,5033340417,Not applicable,Not applicable,Not applicable,5033340417
2023,4,Virginia,Quarterly Establishments,316673,313237,Not applicable,Not applicable,Not applicable,313237
2023,4,Virginia,October Employment,4078112,4079667,Not applicable,Not applicable,Not applicable,4079667
2023,4,Virginia,November Employment,4094529,4096339,Not applicable,Not applicable,Not applicable,4096339
2023,4,Virginia,December Employment,4089768,4093749,Not applicable,Not applicable,Not applicable,4093749
2023,4,Virginia,Total Quarterly Wages,78752566806,78803921844,Not applicable,Not applicable,Not applicable,78803921844
2023,4,Washington,Quarterly Establishments,242960,224673,Not applicable,Not applicable,Not applicable,224673
2023,4,Washington,October Employment,3608419,3599440,Not applicable,Not applicable,Not applicable,3599440
2023,4,Washington,November Employment,3595903,3587052,Not applicable,Not applicable,Not applicable,3587052
2023,4,Washington,December Employment,3590875,3582114,Not applicable,Not applicable,Not applicable,3582114
2023,4,Washington,Total Quarterly Wages,81499925821,81433280015,Not applicable,Not applicable,Not applicable,81433280015
2023,4,West Virginia,Quarterly Establishments,59918,60166,Not applicable,Not applicable,Not applicable,60166
2023,4,West Virginia,October Employment,696299,697468,Not applicable,Not applicable,Not applicable,697468
2023,4,West Virginia,November Employment,694432,700123,Not applicable,Not applicable,Not applicable,700123
2023,4,West Virginia,December Employment,693453,699734,Not applicable,Not applicable,Not applicable,699734
2023,4,West Virginia,Total Quarterly Wages,10172365979,10188928062,Not applicable,Not applicable,Not applicable,10188928062
2023,4,Wisconsin,Quarterly Establishments,208025,203426,Not applicable,Not applicable,Not applicable,203426
2023,4,Wisconsin,October Employment,2940497,2942559,Not applicable,Not applicable,Not applicable,2942559
2023,4,Wisconsin,November Employment,2935321,2937642,Not applicable,Not applicable,Not applicable,2937642
2023,4,Wisconsin,December Employment,2936570,2938800,Not applicable,Not applicable,Not applicable,2938800
2023,4,Wisconsin,Total Quarterly Wages,47094613732,47119250960,Not applicable,Not applicable,Not applicable,47119250960
2023,4,Wyoming,Quarterly Establishments,30761,30464,Not applicable,Not applicable,Not applicable,30464
2023,4,Wyoming,October Employment,280846,281395,Not applicable,Not applicable,Not applicable,281395
2023,4,Wyoming,November Employment,276076,276724,Not applicable,Not applicable,Not applicable,276724
2023,4,Wyoming,December Employment,277422,278062,Not applicable,Not applicable,Not applicable,278062
2023,4,Wyoming,Total Quarterly Wages,4306850275,4320734484,Not applicable,Not applicable,Not applicable,4320734484
2023,4,Puerto Rico,Quarterly Establishments,54418,54120,Not applicable,Not applicable,Not applicable,54120
2023,4,Puerto Rico,October Employment,946806,947809,Not applicable,Not applicable,Not applicable,947809
2023,4,Puerto Rico,November Employment,958392,959650,Not applicable,Not applicable,Not applicable,959650
2023,4,Puerto Rico,December Employment,975666,976863,Not applicable,Not applicable,Not applicable,976863
2023,4,Puerto Rico,Total Quarterly Wages,8590017710,8592274037,Not applicable,Not applicable,Not applicable,8592274037
2023,4,Virgin Islands,Quarterly Establishments,3846,3837,Not applicable,Not applicable,Not applicable,3837
2023,4,Virgin Islands,October Employment,35209,35211,Not applicable,Not applicable,Not applicable,35211
2023,4,Virgin Islands,November Employment,35764,35790,Not applicable,Not applicable,Not applicable,35790
2023,4,Virgin Islands,December Employment,36187,36259,Not applicable,Not applicable,Not applicable,36259
2023,4,Virgin Islands,Total Quarterly Wages,475416930,477710237,Not applicable,Not applicable,Not applicable,477710237
2024,1,United States,Quarterly Establishments,12169000,12087221,12048369,11929879,11907855,11907855
2024,1,United States,January Employment,152233995,152327757,152322231,152302612,152393725,152393725
2024,1,United States,February Employment,152945256,153050530,153050230,153031916,153129544,153129544
2024,1,United States,March Employment,153585576,153736552,153750402,153749047,153848430,153848430
2024,1,United States,Total Quarterly Wages,3035291672970,3037200682223,3037279289971,3036344874229,3037790324790,3037790324790
2024,1,Alabama,Quarterly Establishments,160741,160748,160879,160711,160709,160709
2024,1,Alabama,January Employment,2068304,2068845,2069102,2069499,2070184,2070184
2024,1,Alabama,February Employment,2087572,2088252,2089690,2089794,2090389,2090389
2024,1,Alabama,March Employment,2091921,2093021,2094131,2094391,2095004,2095004
2024,1,Alabama,Total Quarterly Wages,32511244353,32502524807,32517053304,32515623126,32495265283,32495265283
2024,1,Alaska,Quarterly Establishments,25169,25007,24854,24731,24659,24659
2024,1,Alaska,January Employment,308389,308958,309346,309441,309376,309376
2024,1,Alaska,February Employment,315418,315949,316323,316403,316326,316326
2024,1,Alaska,March Employment,318147,318742,319177,319284,319254,319254
2024,1,Alaska,Total Quarterly Wages,5608744222,5612251691,5619321721,5620126813,5619949977,5619949977
2024,1,Arizona,Quarterly Establishments,229426,227623,226854,227766,228296,228296
2024,1,Arizona,January Employment,3233521,3220686,3219712,3221830,3222209,3222209
2024,1,Arizona,February Employment,3253045,3239875,3238983,3241217,3242250,3242250
2024,1,Arizona,March Employment,3256997,3244165,3243863,3246427,3248255,3248255
2024,1,Arizona,Total Quarterly Wages,57931997235,57845492251,57886064178,57954808930,58003312946,58003312946
2024,1,Arkansas,Quarterly Establishments,104628,104104,104105,104105,104105,104105
2024,1,Arkansas,January Employment,1274977,1275504,1275530,1275622,1275622,1275622
2024,1,Arkansas,February Employment,1285163,1286363,1286420,1286511,1286511,1286511
2024,1,Arkansas,March Employment,1292758,1295215,1295271,1295351,1295351,1295351
2024,1,Arkansas,Total Quarterly Wages,19558741312,19574389011,19574533207,19574533207,19574533207,19574533207
2024,1,California,Quarterly Establishments,1835768,1840332,1854533,1787300,1784364,1784364
2024,1,California,January Employment,18024418,18022649,18029158,17999675,18001362,18001362
2024,1,California,February Employment,18031127,18030770,18039482,18010734,18017514,18017514
2024,1,California,March Employment,18053005,18058020,18071186,18045243,18052861,18052861
2024,1,California,Total Quarterly Wages,429901296206,429469689748,429218598751,428394558088,428378955863,428378955863
2024,1,Colorado,Quarterly Establishments,264401,263828,263697,263623,263612,263612
2024,1,Colorado,January Employment,2850574,2855439,2855859,2855571,2855364,2855364
2024,1,Colorado,February Employment,2856292,2861345,2861944,2861641,2861712,2861712
2024,1,Colorado,March Employment,2851398,2858715,2859512,2859236,2859404,2859404
2024,1,Colorado,Total Quarterly Wages,59815910109,59910443519,59929599013,59928736146,59940668649,59940668649
2024,1,Connecticut,Quarterly Establishments,149466,146956,146940,146918,146919,146919
2024,1,Connecticut,January Employment,1655597,1655496,1655589,1655634,1655752,1655752
2024,1,Connecticut,February Employment,1654267,1654144,1654273,1654338,1654504,1654504
2024,1,Connecticut,March Employment,1661894,1662275,1662683,1662728,1662923,1662923
2024,1,Connecticut,Total Quarterly Wages,41100255342,41087629920,41101276076,41097228139,41101306921,41101306921
2024,1,Delaware,Quarterly Establishments,42975,44030,44571,44923,45261,45261
2024,1,Delaware,January Employment,463105,463245,463489,464272,464327,464327
2024,1,Delaware,February Employment,465357,465364,465427,466086,466136,466136
2024,1,Delaware,March Employment,469250,469201,469523,470313,470359,470359
2024,1,Delaware,Total Quarterly Wages,8990487676,8985063582,8985729717,8993670545,9012022964,9012022964
2024,1,District of Columbia,Quarterly Establishments,52331,52323,52232,52242,52226,52226
2024,1,District of Columbia,January Employment,753631,753441,753490,753532,753407,753407
2024,1,District of Columbia,February Employment,757379,757122,757160,757199,756991,756991
2024,1,District of Columbia,March Employment,759797,759595,759701,759739,759609,759609
2024,1,District of Columbia,Total Quarterly Wages,23948338797,23933851383,23924487421,23935910713,23906065260,23906065260
2024,1,Florida,Quarterly Establishments,898938,883229,883255,883239,883228,883228
2024,1,Florida,January Employment,9776342,9778085,9777896,9777849,9777653,9777653
2024,1,Florida,February Employment,9836536,9841543,9840824,9840964,9840759,9840759
2024,1,Florida,March Employment,9863213,9868567,9869255,9868979,9868778,9868778
2024,1,Florida,Total Quarterly Wages,176813149736,176979168306,176978266608,176976976559,176974942167,176974942167
2024,1,Georgia,Quarterly Establishments,401358,394777,392797,391860,390840,390840
2024,1,Georgia,January Employment,4792800,4792139,4789728,4788960,4788586,4788586
2024,1,Georgia,February Employment,4818115,4817357,4814877,4814141,4813777,4813777
2024,1,Georgia,March Employment,4843928,4842924,4840973,4839905,4839540,4839540
2024,1,Georgia,Total Quarterly Wages,90247967368,90288275213,90232962355,90222558680,90217400437,90217400437
2024,1,Hawaii,Quarterly Establishments,58607,58702,58702,58661,58656,58656
2024,1,Hawaii,January Employment,630978,632013,632096,632162,632283,632283
2024,1,Hawaii,February Employment,638604,639924,640003,640067,640180,640180
2024,1,Hawaii,March Employment,638820,640292,640382,640520,640655,640655
2024,1,Hawaii,Total Quarterly Wages,10566757345,10582128665,10582706527,10583936174,10585866330,10585866330
2024,1,Idaho,Quarterly Establishments,98482,99130,99293,99505,99806,99806
2024,1,Idaho,January Employment,824840,825816,826180,826408,826708,826708
2024,1,Idaho,February Employment,831462,832483,832868,833112,833420,833420
2024,1,Idaho,March Employment,835773,836845,837557,837810,838116,838116
2024,1,Idaho,Total Quarterly Wages,12203031523,12216737603,12222083915,12225422380,12230095048,12230095048
2024,1,Illinois,Quarterly Establishments,410217,404761,400268,396151,390115,390115
2024,1,Illinois,January Employment,5896536,5901996,5903182,5905173,5906910,5906910
2024,1,Illinois,February Employment,5914042,5919824,5921183,5922909,5924823,5924823
2024,1,Illinois,March Employment,5966921,5972362,5973767,5976320,5978155,5978155
2024,1,Illinois,Total Quarterly Wages,123863188178,124189337116,124211356746,124231079084,124256432050,124256432050
2024,1,Indiana,Quarterly Establishments,195166,191447,191528,191536,191536,191536
2024,1,Indiana,January Employment,3119198,3120293,3120778,3120829,3120828,3120828
2024,1,Indiana,February Employment,3137594,3139001,3139498,3139548,3139547,3139547
2024,1,Indiana,March Employment,3148267,3149893,3150418,3150493,3150693,3150693
2024,1,Indiana,Total Quarterly Wages,51808432849,51814900319,51808834069,51809354127,51809330951,51809330951
2024,1,Iowa,Quarterly Establishments,110833,111084,111082,111079,111079,111079
2024,1,Iowa,January Employment,1525161,1526254,1526311,1526311,1526311,1526311
2024,1,Iowa,February Employment,1537917,1539499,1539556,1539556,1539556,1539556
2024,1,Iowa,March Employment,1543112,1545367,1545417,1545417,1545417,1545417
2024,1,Iowa,Total Quarterly Wages,24225002710,24248555684,24249752058,24249752058,24249752058,24249752058
2024,1,Kansas,Quarterly Establishments,100722,99420,99088,98434,98434,98434
2024,1,Kansas,January Employment,1399045,1399348,1399802,1399931,1399931,1399931
2024,1,Kansas,February Employment,1413460,1413993,1414453,1414577,1414577,1414577
2024,1,Kansas,March Employment,1415737,1416516,1416969,1417095,1417095,1417095
2024,1,Kansas,Total Quarterly Wages,21966055727,21970528670,21973983175,21975005542,21975005542,21975005542
2024,1,Kentucky,Quarterly Establishments,155798,156391,156794,157056,157056,157056
2024,1,Kentucky,January Employment,1964635,1964042,1964362,1963398,1963398,1963398
2024,1,Kentucky,February Employment,1974571,1973681,1974390,1973421,1973543,1973543
2024,1,Kentucky,March Employment,1987205,1986442,1987354,1986345,1986477,1986477
2024,1,Kentucky,Total Quarterly Wages,30240677289,30399565895,30419295129,30411978299,30413243463,30413243463
2024,1,Louisiana,Quarterly Establishments,154477,154509,154101,153744,153485,153485
2024,1,Louisiana,January Employment,1888914,1892493,1892908,1893715,1893858,1893858
2024,1,Louisiana,February Employment,1898282,1902471,1902923,1903839,1903984,1903984
2024,1,Louisiana,March Employment,1904156,1908845,1909377,1910552,1910769,1910769
2024,1,Louisiana,Total Quarterly Wages,29467826398,29497850396,29503930573,29513084922,29518651241,29518651241
2024,1,Maine,Quarterly Establishments,65007,64648,64283,64073,64282,64282
2024,1,Maine,January Employment,625505,625690,625930,626586,627305,627305
2024,1,Maine,February Employment,625239,625696,626031,626707,627516,627516
2024,1,Maine,March Employment,626443,627221,627692,628360,629229,629229
2024,1,Maine,Total Quarterly Wages,10163454078,10167451873,10175158128,10186031961,10196549980,10196549980
2024,1,Maryland,Quarterly Establishments,198437,206610,206744,196256,195219,195219
2024,1,Maryland,January Employment,2678747,2717011,2724007,2723702,2724858,2724858
2024,1,Maryland,February Employment,2684010,2722681,2730090,2730224,2731599,2731599
2024,1,Maryland,March Employment,2690048,2730117,2741092,2741744,2744186,2744186
2024,1,Maryland,Total Quarterly Wages,55508314872,56203451301,56317834490,56299772377,56294247324,56294247324
2024,1,Massachusetts,Quarterly Establishments,287420,285182,285038,278755,278713,278713
2024,1,Massachusetts,January Employment,3569278,3571796,3570492,3570476,3570363,3570363
2024,1,Massachusetts,February Employment,3578469,3581679,3580377,3580476,3580372,3580372
2024,1,Massachusetts,March Employment,3599010,3602268,3601056,3601096,3601087,3601087
2024,1,Massachusetts,Total Quarterly Wages,93855433744,93912131003,93881833611,93879519217,93880499624,93880499624
2024,1,Michigan,Quarterly Establishments,338597,340296,307800,293349,293654,293654
2024,1,Michigan,January Employment,4313170,4312672,4312641,4312131,4312277,4312277
2024,1,Michigan,February Employment,4329557,4328759,4328649,4328147,4328315,4328315
2024,1,Michigan,March Employment,4351014,4350909,4350804,4352240,4352414,4352414
2024,1,Michigan,Total Quarterly Wages,76114608062,76105906140,76113417499,76116664987,76114100838,76114100838
2024,1,Minnesota,Quarterly Establishments,210488,210688,210959,210148,210074,210074
2024,1,Minnesota,January Employment,2842909,2862944,2864697,2865475,2865945,2865945
2024,1,Minnesota,February Employment,2843091,2863698,2865546,2866496,2866946,2866946
2024,1,Minnesota,March Employment,2850362,2876055,2878962,2880478,2881002,2881002
2024,1,Minnesota,Total Quarterly Wages,56171902723,56460484296,56489714318,56500523923,56508339962,56508339962
2024,1,Mississippi,Quarterly Establishments,89475,88746,88163,88154,88154,88154
2024,1,Mississippi,January Employment,1144033,1149958,1151823,1152076,1152070,1152070
2024,1,Mississippi,February Employment,1151890,1157344,1159256,1159453,1159447,1159447
2024,1,Mississippi,March Employment,1157166,1162611,1164768,1164971,1164965,1164965
2024,1,Mississippi,Total Quarterly Wages,14671427999,14717974908,14740201651,14739873711,14739836962,14739836962
2024,1,Missouri,Quarterly Establishments,257545,241341,240715,240087,238357,238357
2024,1,Missouri,January Employment,2842456,2843213,2842649,2842422,2842201,2842201
2024,1,Missouri,February Employment,2865711,2866664,2866039,2865831,2865631,2865631
2024,1,Missouri,March Employment,2882490,2883720,2883077,2882875,2882691,2882691
2024,1,Missouri,Total Quarterly Wages,47246198734,47247645426,47238182823,47234737585,47230186896,47230186896
2024,1,Montana,Quarterly Establishments,61787,61824,61872,61925,61931,61931
2024,1,Montana,January Employment,496236,496106,495903,495779,495765,495765
2024,1,Montana,February Employment,499426,499352,499157,499052,499050,499050
2024,1,Montana,March Employment,503125,503072,502859,502750,502748,502748
2024,1,Montana,Total Quarterly Wages,7311431440,7309292884,7307420898,7306342180,7307064381,7307064381
2024,1,Nebraska,Quarterly Establishments,75977,75755,75753,75753,75753,75753
2024,1,Nebraska,January Employment,990430,991447,991473,991473,991473,991473
2024,1,Nebraska,February Employment,999118,1000074,1000109,1000109,1000109,1000109
2024,1,Nebraska,March Employment,1007250,1008869,1008894,1008894,1008894,1008894
2024,1,Nebraska,Total Quarterly Wages,15521725503,15528552372,15528797946,15528797946,15528797946,15528797946
2024,1,Nevada,Quarterly Establishments,112077,110686,111037,111180,109122,109122
2024,1,Nevada,January Employment,1524745,1526308,1526889,1526977,1526776,1526776
2024,1,Nevada,February Employment,1533963,1535778,1536413,1536710,1536524,1536524
2024,1,Nevada,March Employment,1534363,1537477,1538091,1538405,1538229,1538229
2024,1,Nevada,Total Quarterly Wages,25954540625,26003612732,26010108369,26013392769,26013260699,26013260699
2024,1,New Hampshire,Quarterly Establishments,65877,65453,65322,65178,65180,65180
2024,1,New Hampshire,January Employment,678991,678941,679476,679494,679500,679500
2024,1,New Hampshire,February Employment,678747,678506,678718,678756,678762,678762
2024,1,New Hampshire,March Employment,680037,679892,680211,680254,680268,680268
2024,1,New Hampshire,Total Quarterly Wages,13523152617,13526081572,13528456838,13531264175,13531692077,13531692077
2024,1,New Jersey,Quarterly Establishments,335553,333828,325214,320083,320020,320020
2024,1,New Jersey,January Employment,4174894,4170972,4169286,4169116,4169995,4169995
2024,1,New Jersey,February Employment,4188417,4184907,4183004,4182947,4183981,4183981
2024,1,New Jersey,March Employment,4218759,4214069,4211869,4211985,4212275,4212275
2024,1,New Jersey,Total Quarterly Wages,96040693273,95995783842,95994578972,96000810007,95964370436,95964370436
2024,1,New Mexico,Quarterly Establishments,67881,68296,68288,68288,68288,68288
2024,1,New Mexico,January Employment,854439,856045,856149,856149,856306,856306
2024,1,New Mexico,February Employment,862665,863838,863932,863932,864085,864085
2024,1,New Mexico,March Employment,861508,865032,865166,865178,865328,865328
2024,1,New Mexico,Total Quarterly Wages,12946371295,12966816629,12968329164,12968427843,12969894211,12969894211
2024,1,New York,Quarterly Establishments,709542,705931,705855,702864,702183,702183
2024,1,New York,January Employment,9413808,9414253,9409686,9407255,9488447,9488447
2024,1,New York,February Employment,9474518,9475002,9471186,9468870,9550065,9550065
2024,1,New York,March Employment,9537362,9541836,9539279,9537736,9619201,9619201
2024,1,New York,Total Quarterly Wages,257334229972,257578235517,257536484449,257524248065,258671817977,258671817977
2024,1,North Carolina,Quarterly Establishments,395731,371773,372389,372957,372950,372950
2024,1,North Carolina,January Employment,4823165,4825830,4825643,4828203,4828027,4828027
2024,1,North Carolina,February Employment,4854145,4857950,4857656,4860521,4860342,4860342
2024,1,North Carolina,March Employment,4870993,4875914,4875953,4879671,4878865,4878865
2024,1,North Carolina,Total Quarterly Wages,88352479284,88322670408,88352391213,88405388463,88353428094,88353428094
2024,1,North Dakota,Quarterly Establishments,36073,36092,36093,36094,36094,36094
2024,1,North Dakota,January Employment,415364,415715,415705,415705,415705,415705
2024,1,North Dakota,February Employment,416913,417392,417393,417393,417393,417393
2024,1,North Dakota,March Employment,419894,420399,420406,420406,420406,420406
2024,1,North Dakota,Total Quarterly Wages,6843512524,6850652147,6849181197,6849181197,6849181197,6849181197
2024,1,Ohio,Quarterly Establishments,336986,338011,338017,338017,338017,338017
2024,1,Ohio,January Employment,5408571,5411267,5411464,5411699,5411803,5411803
2024,1,Ohio,February Employment,5427172,5430094,5429691,5430003,5430048,5430048
2024,1,Ohio,March Employment,5452794,5456748,5456462,5456983,5455853,5455853
2024,1,Ohio,Total Quarterly Wages,92802910837,92858480381,92863082186,92864542564,92864719208,92864719208
2024,1,Oklahoma,Quarterly Establishments,132900,129517,129514,129515,129515,129515
2024,1,Oklahoma,January Employment,1669642,1670060,1670127,1670367,1670367,1670367
2024,1,Oklahoma,February Employment,1680972,1681751,1681817,1682068,1682068,1682068
2024,1,Oklahoma,March Employment,1689972,1690718,1690841,1691137,1691137,1691137
2024,1,Oklahoma,Total Quarterly Wages,25160176393,25162438052,25163904488,25167844912,25167844912,25167844912
2024,1,Oregon,Quarterly Establishments,198916,193504,190295,187025,184250,184250
2024,1,Oregon,January Employment,1947092,1950596,1950564,1951513,1951617,1951617
2024,1,Oregon,February Employment,1966276,1968161,1968228,1968600,1968689,1968689
2024,1,Oregon,March Employment,1971930,1979021,1979170,1980980,1981006,1981006
2024,1,Oregon,Total Quarterly Wages,35111727104,35153830896,35152685883,35157269042,35160100222,35160100222
2024,1,Pennsylvania,Quarterly Establishments,392030,386772,386784,386784,386784,386784
2024,1,Pennsylvania,January Employment,5910111,5910704,5910652,5910636,5910636,5910636
2024,1,Pennsylvania,February Employment,5916571,5918150,5918149,5918144,5918144,5918144
2024,1,Pennsylvania,March Employment,5966952,5970443,5970433,5970426,5970426,5970426
2024,1,Pennsylvania,Total Quarterly Wages,111749015610,111788504577,111789880559,111789880559,111789880559,111789880559
2024,1,Rhode Island,Quarterly Establishments,48507,48744,48822,48863,48863,48863
2024,1,Rhode Island,January Employment,477914,477930,478008,478051,478051,478051
2024,1,Rhode Island,February Employment,480836,480918,480989,481032,481032,481032
2024,1,Rhode Island,March Employment,483941,484109,484178,484221,484221,484221
2024,1,Rhode Island,Total Quarterly Wages,8672239306,8677344536,8677781995,8678425911,8678425911,8678425911
2024,1,South Carolina,Quarterly Establishments,184599,184623,184784,184809,184869,184869
2024,1,South Carolina,January Employment,2237919,2237734,2237472,2237477,2237825,2237825
2024,1,South Carolina,February Employment,2255388,2255232,2255126,2255085,2255450,2255450
2024,1,South Carolina,March Employment,2265923,2266447,2266890,2266855,2267221,2267221
2024,1,South Carolina,Total Quarterly Wages,34967419173,34965702601,34971037236,34972902397,35004329067,35004329067
2024,1,South Dakota,Quarterly Establishments,39890,39840,39849,39849,39849,39849
2024,1,South Dakota,January Employment,443347,443324,443328,443328,443328,443328
2024,1,South Dakota,February Employment,445704,445696,445699,445699,445699,445699
2024,1,South Dakota,March Employment,449651,449604,449606,449606,449606,449606
2024,1,South Dakota,Total Quarterly Wages,6549982123,6548778606,6548791294,6548791294,6548791294,6548791294
2024,1,Tennessee,Quarterly Establishments,230053,231080,230417,228723,228429,228429
2024,1,Tennessee,January Employment,3218334,3220585,3219858,3217827,3217819,3217819
2024,1,Tennessee,February Employment,3243250,3246449,3245602,3243859,3243611,3243611
2024,1,Tennessee,March Employment,3261289,3266312,3265463,3263702,3263801,3263801
2024,1,Tennessee,Total Quarterly Wages,55235714394,55332388225,55295660683,55270731193,55240620391,55240620391
2024,1,Texas,Quarterly Establishments,839551,842915,842886,842851,842840,842840
2024,1,Texas,January Employment,13701876,13712099,13712345,13717616,13718410,13718410
2024,1,Texas,February Employment,13794954,13806524,13807037,13812261,13813131,13813131
2024,1,Texas,March Employment,13826904,13840873,13841633,13853899,13854810,13854810
2024,1,Texas,Total Quarterly Wages,275836834187,275983090806,275981710876,275951661513,275958776676,275958776676
2024,1,Utah,Quarterly Establishments,135682,136067,136067,136067,136067,136067
2024,1,Utah,January Employment,1681530,1682348,1682446,1682656,1682656,1682656
2024,1,Utah,February Employment,1692620,1693897,1694004,1694163,1694163,1694163
2024,1,Utah,March Employment,1699634,1701997,1702103,1702147,1702147,1702147
2024,1,Utah,Total Quarterly Wages,28866757035,28889558831,28891132746,28616136863,28892465792,28892465792
2024,1,Vermont,Quarterly Establishments,32780,32425,32275,31986,31348,31348
2024,1,Vermont,January Employment,305371,305874,305824,305880,305889,305889
2024,1,Vermont,February Employment,307341,307919,307875,307932,307939,307939
2024,1,Vermont,March Employment,307299,307868,307827,307881,307884,307884
2024,1,Vermont,Total Quarterly Wages,4913324372,4923062275,4922517398,4923473773,4923805472,4923805472
2024,1,Virginia,Quarterly Establishments,318255,315060,315078,315088,315085,315085
2024,1,Virginia,January Employment,4031080,4030711,4030960,4031061,4031310,4031310
2024,1,Virginia,February Employment,4048544,4047708,4048085,4048379,4048604,4048604
2024,1,Virginia,March Employment,4072600,4073494,4073875,4074187,4074644,4074644
2024,1,Virginia,Total Quarterly Wages,81819575258,81727675949,81714829872,81725324803,81729836834,81729836834
2024,1,Washington,Quarterly Establishments,224257,226316,227190,228330,228446,228446
2024,1,Washington,January Employment,3528504,3521630,3503920,3504062,3503835,3503835
2024,1,Washington,February Employment,3548149,3540726,3522616,3522157,3521929,3521929
2024,1,Washington,March Employment,3577251,3570543,3552218,3551337,3551118,3551118
2024,1,Washington,Total Quarterly Wages,83782538424,83649953400,83786888040,83825222010,83820052566,83820052566
2024,1,West Virginia,Quarterly Establishments,60843,61136,61183,60725,60681,60681
2024,1,West Virginia,January Employment,685018,685551,686151,685363,686191,686191
2024,1,West Virginia,February Employment,689988,690555,691082,690303,691170,691170
2024,1,West Virginia,March Employment,694044,694855,695072,694131,694740,694740
2024,1,West Virginia,Total Quarterly Wages,9948862838,9956829129,9965178951,9953690865,9984852269,9984852269
2024,1,Wisconsin,Quarterly Establishments,205979,205107,203861,202552,198488,198488
2024,1,Wisconsin,January Employment,2876223,2879197,2879604,2879792,2880455,2880455
2024,1,Wisconsin,February Employment,2882396,2885252,2887128,2887334,2888017,2888017
2024,1,Wisconsin,March Employment,2899129,2902536,2903352,2903823,2904774,2904774
2024,1,Wisconsin,Total Quarterly Wages,47365308289,47392639730,47397126712,47414604086,47424745753,47424745753
2024,1,Wyoming,Quarterly Establishments,30802,30554,30249,29967,29964,29964
2024,1,Wyoming,January Employment,272328,272504,272541,272453,272451,272451
2024,1,Wyoming,February Employment,273013,273218,273269,273216,273214,273214
2024,1,Wyoming,March Employment,274140,274521,274584,274541,274539,274539
2024,1,Wyoming,Total Quarterly Wages,4180706507,4185277400,4185154943,4185052506,4185008903,4185008903
2024,1,Puerto Rico,Quarterly Establishments,54650,54441,52677,52225,52317,52317
2024,1,Puerto Rico,January Employment,938904,939584,939486,939823,939742,939742
2024,1,Puerto Rico,February Employment,941841,941891,941769,942085,942006,942006
2024,1,Puerto Rico,March Employment,952817,952667,952244,953051,952946,952946
2024,1,Puerto Rico,Total Quarterly Wages,8312572779,8324005219,8327250521,8332189583,8321305807,8321305807
2024,1,Virgin Islands,Quarterly Establishments,3878,3859,3908,3910,3917,3917
2024,1,Virgin Islands,January Employment,35888,35839,35875,35940,35898,35898
2024,1,Virgin Islands,February Employment,36352,36328,36364,36487,36438,36438
2024,1,Virgin Islands,March Employment,36499,36452,36485,36591,36546,36546
2024,1,Virgin Islands,Total Quarterly Wages,469104310,470176378,472547685,475268994,475061905,475061905
2024,2,United States,Quarterly Establishments,12238175,12164601,12045711,12021727,Not applicable,12021727
2024,2,United States,April Employment,154506311,154604076,154571535,154672294,Not applicable,154672294
2024,2,United States,May Employment,155515502,155637351,155604727,155705837,Not applicable,155705837
2024,2,United States,June Employment,155710239,155893111,155900987,156008285,Not applicable,156008285
2024,2,United States,Total Quarterly Wages,2804558688511,2806577788593,2805581190500,2807416996969,Not applicable,2807416996969
2024,2,Alabama,Quarterly Establishments,162895,161323,160697,160692,Not applicable,160692
2024,2,Alabama,April Employment,2101628,2098786,2102839,2103439,Not applicable,2103439
2024,2,Alabama,May Employment,2108560,2105783,2109651,2110214,Not applicable,2110214
2024,2,Alabama,June Employment,2111095,2111444,2115758,2116266,Not applicable,2116266
2024,2,Alabama,Total Quarterly Wages,31499391135,31522110950,31518500345,31539244619,Not applicable,31539244619
2024,2,Alaska,Quarterly Establishments,25391,25218,25068,24998,Not applicable,24998
2024,2,Alaska,April Employment,322823,323273,323320,323478,Not applicable,323478
2024,2,Alaska,May Employment,334433,334904,335122,335269,Not applicable,335269
2024,2,Alaska,June Employment,345885,346514,346819,347033,Not applicable,347033
2024,2,Alaska,Total Quarterly Wages,5845483811,5851316664,5858663077,5860472011,Not applicable,5860472011
2024,2,Arizona,Quarterly Establishments,221271,220342,222197,222846,Not applicable,222846
2024,2,Arizona,April Employment,3220363,3221178,3227914,3232423,Not applicable,3232423
2024,2,Arizona,May Employment,3202782,3204147,3211566,3215296,Not applicable,3215296
2024,2,Arizona,June Employment,3137265,3137550,3144346,3149119,Not applicable,3149119
2024,2,Arizona,Total Quarterly Wages,54871468467,54854887748,54989410084,55069167746,Not applicable,55069167746
2024,2,Arkansas,Quarterly Establishments,101664,101384,101364,101364,Not applicable,101364
2024,2,Arkansas,April Employment,1295800,1295673,1295786,1295786,Not applicable,1295786
2024,2,Arkansas,May Employment,1300024,1300780,1300889,1300889,Not applicable,1300889
2024,2,Arkansas,June Employment,1299926,1302422,1302423,1302423,Not applicable,1302423
2024,2,Arkansas,Total Quarterly Wages,18135482230,18136847558,18137259581,18137259581,Not applicable,18137259581
2024,2,California,Quarterly Establishments,1878565,1894779,1829201,1826406,Not applicable,1826406
2024,2,California,April Employment,18138043,18170611,18128492,18130234,Not applicable,18130234
2024,2,California,May Employment,18239858,18277124,18232223,18234577,Not applicable,18234577
2024,2,California,June Employment,18193549,18214466,18192738,18195686,Not applicable,18195686
2024,2,California,Total Quarterly Wages,401364240223,401825692913,401245208388,401427297448,Not applicable,401427297448
2024,2,Colorado,Quarterly Establishments,268914,248570,248495,248487,Not applicable,248487
2024,2,Colorado,April Employment,2887154,2891356,2891234,2891467,Not applicable,2891467
2024,2,Colorado,May Employment,2895839,2900847,2900812,2901185,Not applicable,2901185
2024,2,Colorado,June Employment,2909383,2922574,2922554,2922969,Not applicable,2922969
2024,2,Colorado,Total Quarterly Wages,55999922781,56043408450,56043242826,56053183919,Not applicable,56053183919
2024,2,Connecticut,Quarterly Establishments,151404,149867,149812,149807,Not applicable,149807
2024,2,Connecticut,April Employment,1671992,1673296,1673460,1673769,Not applicable,1673769
2024,2,Connecticut,May Employment,1693497,1694789,1694964,1695271,Not applicable,1695271
2024,2,Connecticut,June Employment,1702211,1704669,1704729,1705053,Not applicable,1705053
2024,2,Connecticut,Total Quarterly Wages,34451204104,34457679746,34456807387,34466316871,Not applicable,34466316871
2024,2,Delaware,Quarterly Establishments,43843,44773,45279,45718,Not applicable,45718
2024,2,Delaware,April Employment,474353,475884,475191,475451,Not applicable,475451
2024,2,Delaware,May Employment,477599,479334,478659,478923,Not applicable,478923
2024,2,Delaware,June Employment,480980,482208,482337,482631,Not applicable,482631
2024,2,Delaware,Total Quarterly Wages,8205874839,8221999304,8216526263,8235175920,Not applicable,8235175920
2024,2,District of Columbia,Quarterly Establishments,52320,52357,52355,52343,Not applicable,52343
2024,2,District of Columbia,April Employment,759628,760585,760424,760226,Not applicable,760226
2024,2,District of Columbia,May Employment,758744,759678,759473,759289,Not applicable,759289
2024,2,District of Columbia,June Employment,763965,765006,764839,764785,Not applicable,764785
2024,2,District of Columbia,Total Quarterly Wages,22576097386,22589145901,22587607795,22575183188,Not applicable,22575183188
2024,2,Florida,Quarterly Establishments,903467,893124,893114,893098,Not applicable,893098
2024,2,Florida,April Employment,9889026,9893599,9893367,9893315,Not applicable,9893315
2024,2,Florida,May Employment,9871225,9880435,9880794,9880736,Not applicable,9880736
2024,2,Florida,June Employment,9700086,9713670,9714280,9714258,Not applicable,9714258
2024,2,Florida,Total Quarterly Wages,163162146246,163290567907,163287767066,163292814579,Not applicable,163292814579
2024,2,Georgia,Quarterly Establishments,392165,390304,389454,388504,Not applicable,388504
2024,2,Georgia,April Employment,4854693,4858195,4856948,4857375,Not applicable,4857375
2024,2,Georgia,May Employment,4876029,4880163,4878898,4879316,Not applicable,4879316
2024,2,Georgia,June Employment,4867711,4874522,4873327,4873810,Not applicable,4873810
2024,2,Georgia,Total Quarterly Wages,82044202522,82091542319,81975818269,81977188497,Not applicable,81977188497
2024,2,Hawaii,Quarterly Establishments,59585,59658,59582,59573,Not applicable,59573
2024,2,Hawaii,April Employment,637398,637747,637471,637596,Not applicable,637596
2024,2,Hawaii,May Employment,641552,641993,641722,641845,Not applicable,641845
2024,2,Hawaii,June Employment,640923,640935,636928,637059,Not applicable,637059
2024,2,Hawaii,Total Quarterly Wages,10593728854,10609119537,10452928161,10454648723,Not applicable,10454648723
2024,2,Idaho,Quarterly Establishments,101045,101547,101884,102257,Not applicable,102257
2024,2,Idaho,April Employment,852660,853462,853923,854305,Not applicable,854305
2024,2,Idaho,May Employment,860984,861518,862015,862429,Not applicable,862429
2024,2,Idaho,June Employment,867331,869417,869843,870250,Not applicable,870250
2024,2,Idaho,Total Quarterly Wages,12255521025,12264724297,12270240338,12276228271,Not applicable,12276228271
2024,2,Illinois,Quarterly Establishments,410214,405583,400954,394288,Not applicable,394288
2024,2,Illinois,April Employment,6003354,6007726,6011051,6013344,Not applicable,6013344
2024,2,Illinois,May Employment,6066925,6073134,6076440,6078834,Not applicable,6078834
2024,2,Illinois,June Employment,6115480,6121202,6124741,6127212,Not applicable,6127212
2024,2,Illinois,Total Quarterly Wages,110394867599,110525482834,110563949642,110591054662,Not applicable,110591054662
2024,2,Indiana,Quarterly Establishments,192532,190421,190447,190445,Not applicable,190445
2024,2,Indiana,April Employment,3166923,3171850,3171887,3171887,Not applicable,3171887
2024,2,Indiana,May Employment,3198011,3202562,3202647,3202647,Not applicable,3202647
2024,2,Indiana,June Employment,3187271,3193768,3193592,3193669,Not applicable,3193669
2024,2,Indiana,Total Quarterly Wages,48464356984,48508679856,48507709583,48507709583,Not applicable,48507709583
2024,2,Iowa,Quarterly Establishments,111274,111643,111639,111638,Not applicable,111638
2024,2,Iowa,April Employment,1565959,1567897,1567899,1567899,Not applicable,1567899
2024,2,Iowa,May Employment,1578896,1581627,1581626,1581621,Not applicable,1581621
2024,2,Iowa,June Employment,1588010,1591501,1591502,1591502,Not applicable,1591502
2024,2,Iowa,Total Quarterly Wages,22920501623,22960527445,22960544817,22960544817,Not applicable,22960544817
2024,2,Kansas,Quarterly Establishments,100865,100456,99311,99047,Not applicable,99047
2024,2,Kansas,April Employment,1431928,1432733,1432565,1432477,Not applicable,1432477
2024,2,Kansas,May Employment,1438982,1439969,1440067,1439987,Not applicable,1439987
2024,2,Kansas,June Employment,1435779,1439244,1439345,1439310,Not applicable,1439310
2024,2,Kansas,Total Quarterly Wages,20970258974,20981914902,20983650413,20983322424,Not applicable,20983322424
2024,2,Kentucky,Quarterly Establishments,157112,157746,158109,158257,Not applicable,158257
2024,2,Kentucky,April Employment,1991102,1990949,1990005,1990302,Not applicable,1990302
2024,2,Kentucky,May Employment,2001232,2001074,2000214,2000498,Not applicable,2000498
2024,2,Kentucky,June Employment,1995935,1995873,1995052,1995414,Not applicable,1995414
2024,2,Kentucky,Total Quarterly Wages,29750331360,29693862981,29688261871,29692840106,Not applicable,29692840106
2024,2,Louisiana,Quarterly Establishments,155865,155583,155032,154714,Not applicable,154714
2024,2,Louisiana,April Employment,1915113,1919647,1920846,1921003,Not applicable,1921003
2024,2,Louisiana,May Employment,1923200,1928767,1929479,1929720,Not applicable,1929720
2024,2,Louisiana,June Employment,1904334,1906817,1910406,1910688,Not applicable,1910688
2024,2,Louisiana,Total Quarterly Wages,28463664655,28535758042,28545594419,28551619309,Not applicable,28551619309
2024,2,Maine,Quarterly Establishments,65677,65345,65087,65281,Not applicable,65281
2024,2,Maine,April Employment,630667,631257,632161,633051,Not applicable,633051
2024,2,Maine,May Employment,647681,648433,649369,650221,Not applicable,650221
2024,2,Maine,June Employment,666108,667501,668628,669651,Not applicable,669651
2024,2,Maine,Total Quarterly Wages,9833111874,9845285761,9859377788,9870484779,Not applicable,9870484779
2024,2,Maryland,Quarterly Establishments,210526,210508,197551,196251,Not applicable,196251
2024,2,Maryland,April Employment,2742834,2752254,2755115,2757962,Not applicable,2757962
2024,2,Maryland,May Employment,2762137,2772013,2775989,2779078,Not applicable,2779078
2024,2,Maryland,June Employment,2778499,2792783,2798489,2802296,Not applicable,2802296
2024,2,Maryland,Total Quarterly Wages,52175791889,52305099694,52356261485,52392905415,Not applicable,52392905415
2024,2,Massachusetts,Quarterly Establishments,287584,288874,282472,282407,Not applicable,282407
2024,2,Massachusetts,April Employment,3624781,3629229,3628509,3628577,Not applicable,3628577
2024,2,Massachusetts,May Employment,3659927,3665913,3665110,3665144,Not applicable,3665144
2024,2,Massachusetts,June Employment,3708069,3715925,3715131,3715552,Not applicable,3715552
2024,2,Massachusetts,Total Quarterly Wages,83760030732,83909269040,83884199376,83898329965,Not applicable,83898329965
2024,2,Michigan,Quarterly Establishments,345090,313323,299092,299524,Not applicable,299524
2024,2,Michigan,April Employment,4388508,4390476,4389284,4389547,Not applicable,4389547
2024,2,Michigan,May Employment,4458214,4460465,4459416,4459687,Not applicable,4459687
2024,2,Michigan,June Employment,4480502,4481982,4482739,4483122,Not applicable,4483122
2024,2,Michigan,Total Quarterly Wages,73139413434,73163957788,73161400942,73154782551,Not applicable,73154782551
2024,2,Minnesota,Quarterly Establishments,212226,212560,211941,211920,Not applicable,211920
2024,2,Minnesota,April Employment,2905356,2908742,2909820,2910392,Not applicable,2910392
2024,2,Minnesota,May Employment,2956446,2960622,2961978,2962618,Not applicable,2962618
2024,2,Minnesota,June Employment,2985507,2994378,2996239,2996907,Not applicable,2996907
2024,2,Minnesota,Total Quarterly Wages,52114751413,52165424175,52178850909,52189188034,Not applicable,52189188034
2024,2,Mississippi,Quarterly Establishments,89814,89273,89247,89247,Not applicable,89247
2024,2,Mississippi,April Employment,1165753,1168095,1168272,1168251,Not applicable,1168251
2024,2,Mississippi,May Employment,1168164,1170725,1171090,1171067,Not applicable,1171067
2024,2,Mississippi,June Employment,1163786,1166823,1167123,1167104,Not applicable,1167104
2024,2,Mississippi,Total Quarterly Wages,14551457058,14577884754,14577313298,14577065209,Not applicable,14577065209
2024,2,Missouri,Quarterly Establishments,245348,244599,243785,241790,Not applicable,241790
2024,2,Missouri,April Employment,2916698,2917548,2917156,2916906,Not applicable,2916906
2024,2,Missouri,May Employment,2927377,2928376,2927950,2927704,Not applicable,2927704
2024,2,Missouri,June Employment,2927100,2928346,2927964,2927719,Not applicable,2927719
2024,2,Missouri,Total Quarterly Wages,45061276408,45069513170,45069453981,45061126949,Not applicable,45061126949
2024,2,Montana,Quarterly Establishments,63259,63257,63309,63316,Not applicable,63316
2024,2,Montana,April Employment,511369,510928,510728,510920,Not applicable,510920
2024,2,Montana,May Employment,520478,519909,519622,519796,Not applicable,519796
2024,2,Montana,June Employment,528815,528222,527898,528071,Not applicable,528071
2024,2,Montana,Total Quarterly Wages,7524621788,7519660650,7516642453,7517644902,Not applicable,7517644902
2024,2,Nebraska,Quarterly Establishments,77080,77240,77236,77236,Not applicable,77236
2024,2,Nebraska,April Employment,1016238,1016874,1016873,1016873,Not applicable,1016873
2024,2,Nebraska,May Employment,1025152,1025852,1025851,1025851,Not applicable,1025851
2024,2,Nebraska,June Employment,1030851,1031830,1031819,1031819,Not applicable,1031819
2024,2,Nebraska,Total Quarterly Wages,14938003451,14944346228,14944325323,14944325323,Not applicable,14944325323
2024,2,Nevada,Quarterly Establishments,108590,109716,111022,108397,Not applicable,108397
2024,2,Nevada,April Employment,1547083,1548467,1548876,1548874,Not applicable,1548874
2024,2,Nevada,May Employment,1556542,1558245,1558730,1558758,Not applicable,1558758
2024,2,Nevada,June Employment,1548858,1552526,1553087,1553177,Not applicable,1553177
2024,2,Nevada,Total Quarterly Wages,25066077918,25105318961,25113366835,25117028991,Not applicable,25117028991
2024,2,New Hampshire,Quarterly Establishments,66714,66647,66572,66577,Not applicable,66577
2024,2,New Hampshire,April Employment,678857,679041,679192,679260,Not applicable,679260
2024,2,New Hampshire,May Employment,689265,689543,689739,689778,Not applicable,689778
2024,2,New Hampshire,June Employment,699569,700488,700732,700752,Not applicable,700752
2024,2,New Hampshire,Total Quarterly Wages,12926121982,12933318981,12938408334,12938755385,Not applicable,12938755385
2024,2,New Jersey,Quarterly Establishments,338458,329641,324454,324421,Not applicable,324421
2024,2,New Jersey,April Employment,4235778,4234512,4234371,4234347,Not applicable,4234347
2024,2,New Jersey,May Employment,4281061,4278751,4278505,4279509,Not applicable,4279509
2024,2,New Jersey,June Employment,4361089,4357965,4357842,4359472,Not applicable,4359472
2024,2,New Jersey,Total Quarterly Wages,84614066464,84641417756,84666009176,84663392327,Not applicable,84663392327
2024,2,New Mexico,Quarterly Establishments,68416,68102,68103,68103,Not applicable,68103
2024,2,New Mexico,April Employment,867251,869538,869578,869912,Not applicable,869912
2024,2,New Mexico,May Employment,871577,874164,874186,874522,Not applicable,874522
2024,2,New Mexico,June Employment,871912,874388,874434,874790,Not applicable,874790
2024,2,New Mexico,Total Quarterly Wages,13006851602,13042932593,13043554887,13042269964,Not applicable,13042269964
2024,2,New York,Quarterly Establishments,712743,711277,707747,706859,Not applicable,706859
2024,2,New York,April Employment,9602903,9601732,9597947,9679167,Not applicable,9679167
2024,2,New York,May Employment,9672794,9673180,9668926,9750161,Not applicable,9750161
2024,2,New York,June Employment,9762415,9764460,9762395,9843953,Not applicable,9843953
2024,2,New York,Total Quarterly Wages,212290965060,212298732340,212241876063,213349069512,Not applicable,213349069512
2024,2,North Carolina,Quarterly Establishments,379565,373562,374320,374317,Not applicable,374317
2024,2,North Carolina,April Employment,4901185,4904754,4908535,4908720,Not applicable,4908720
2024,2,North Carolina,May Employment,4933792,4938529,4942647,4942866,Not applicable,4942866
2024,2,North Carolina,June Employment,4901958,4911489,4916435,4916717,Not applicable,4916717
2024,2,North Carolina,Total Quarterly Wages,80194156364,80260612740,80345327667,80321427817,Not applicable,80321427817
2024,2,North Dakota,Quarterly Establishments,36498,36493,36494,36494,Not applicable,36494
2024,2,North Dakota,April Employment,425045,425141,425141,425141,Not applicable,425141
2024,2,North Dakota,May Employment,433355,433490,433490,433490,Not applicable,433490
2024,2,North Dakota,June Employment,437409,437657,437657,437657,Not applicable,437657
2024,2,North Dakota,Total Quarterly Wages,6856932129,6861088928,6861088928,6861088928,Not applicable,6861088928
2024,2,Ohio,Quarterly Establishments,341161,342641,342632,342633,Not applicable,342633
2024,2,Ohio,April Employment,5496465,5498776,5499123,5499282,Not applicable,5499282
2024,2,Ohio,May Employment,5554647,5558575,5559062,5558406,Not applicable,5558406
2024,2,Ohio,June Employment,5558126,5565371,5567381,5567555,Not applicable,5567555
2024,2,Ohio,Total Quarterly Wages,87361554952,87417831591,87418229961,87419604390,Not applicable,87419604390
2024,2,Oklahoma,Quarterly Establishments,129282,128679,128686,128686,Not applicable,128686
2024,2,Oklahoma,April Employment,1696252,1696606,1696779,1696779,Not applicable,1696779
2024,2,Oklahoma,May Employment,1698545,1699372,1699574,1699574,Not applicable,1699574
2024,2,Oklahoma,June Employment,1684660,1686199,1686400,1686400,Not applicable,1686400
2024,2,Oklahoma,Total Quarterly Wages,24225105613,24243890235,24231526644,24231526644,Not applicable,24231526644
2024,2,Oregon,Quarterly Establishments,196123,192598,189402,186538,Not applicable,186538
2024,2,Oregon,April Employment,1993271,1993328,1994213,1994827,Not applicable,1994827
2024,2,Oregon,May Employment,2004138,2004759,2005899,2006505,Not applicable,2006505
2024,2,Oregon,June Employment,2019227,2020545,2023704,2024284,Not applicable,2024284
2024,2,Oregon,Total Quarterly Wages,34873222176,34876832136,34872479660,34885113639,Not applicable,34885113639
2024,2,Pennsylvania,Quarterly Establishments,393561,388646,388650,388650,Not applicable,388650
2024,2,Pennsylvania,April Employment,5999488,6000387,6000117,6000117,Not applicable,6000117
2024,2,Pennsylvania,May Employment,6050457,6051125,6050792,6050792,Not applicable,6050792
2024,2,Pennsylvania,June Employment,6067507,6069942,6069124,6069164,Not applicable,6069164
2024,2,Pennsylvania,Total Quarterly Wages,104051550480,104073076249,104039363905,104039363905,Not applicable,104039363905
2024,2,Rhode Island,Quarterly Establishments,48763,48953,49028,49028,Not applicable,49028
2024,2,Rhode Island,April Employment,491802,492076,492063,492063,Not applicable,492063
2024,2,Rhode Island,May Employment,498342,498699,498688,498688,Not applicable,498688
2024,2,Rhode Island,June Employment,504659,505095,505108,505108,Not applicable,505108
2024,2,Rhode Island,Total Quarterly Wages,8144104187,8147756225,8147756226,8147756226,Not applicable,8147756226
2024,2,South Carolina,Quarterly Establishments,188430,188611,188636,188621,Not applicable,188621
2024,2,South Carolina,April Employment,2282177,2280193,2280241,2280435,Not applicable,2280435
2024,2,South Carolina,May Employment,2294102,2291864,2291880,2292074,Not applicable,2292074
2024,2,South Carolina,June Employment,2290141,2301092,2301160,2301359,Not applicable,2301359
2024,2,South Carolina,Total Quarterly Wages,33748947457,33741529894,33744251736,33748642208,Not applicable,33748642208
2024,2,South Dakota,Quarterly Establishments,40232,40213,40224,40224,Not applicable,40224
2024,2,South Dakota,April Employment,453830,454074,454077,454077,Not applicable,454077
2024,2,South Dakota,May Employment,463983,464294,464297,464297,Not applicable,464297
2024,2,South Dakota,June Employment,470344,470730,470733,470733,Not applicable,470733
2024,2,South Dakota,Total Quarterly Wages,6458940473,6461369998,6461401393,6461401393,Not applicable,6461401393
2024,2,Tennessee,Quarterly Establishments,234917,235331,233753,233450,Not applicable,233450
2024,2,Tennessee,April Employment,3273055,3276836,3273736,3273878,Not applicable,3273878
2024,2,Tennessee,May Employment,3287307,3291543,3288660,3288367,Not applicable,3288367
2024,2,Tennessee,June Employment,3287442,3292049,3289267,3289414,Not applicable,3289414
2024,2,Tennessee,Total Quarterly Wages,53245968153,53340743756,53317006213,53320001758,Not applicable,53320001758
2024,2,Texas,Quarterly Establishments,840923,844647,844610,844568,Not applicable,844568
2024,2,Texas,April Employment,13883231,13887989,13893167,13893463,Not applicable,13893463
2024,2,Texas,May Employment,13932821,13938261,13943685,13943986,Not applicable,13943986
2024,2,Texas,June Employment,13905729,13922152,13934365,13934256,Not applicable,13934256
2024,2,Texas,Total Quarterly Wages,249686022438,249709804807,249689641832,249690243689,Not applicable,249690243689
2024,2,Utah,Quarterly Establishments,138236,138241,138240,138240,Not applicable,138240
2024,2,Utah,April Employment,1708930,1706740,1707058,1707058,Not applicable,1707058
2024,2,Utah,May Employment,1716482,1715123,1715085,1715056,Not applicable,1715056
2024,2,Utah,June Employment,1715209,1714381,1714353,1714324,Not applicable,1714324
2024,2,Utah,Total Quarterly Wages,27832682011,27816062803,27530678686,27815351092,Not applicable,27815351092
2024,2,Vermont,Quarterly Establishments,32808,32808,32494,31812,Not applicable,31812
2024,2,Vermont,April Employment,304901,305063,305184,305199,Not applicable,305199
2024,2,Vermont,May Employment,306666,306968,307133,307140,Not applicable,307140
2024,2,Vermont,June Employment,310758,311201,311392,311428,Not applicable,311428
2024,2,Vermont,Total Quarterly Wages,4902973016,4909269013,4910355713,4907178550,Not applicable,4907178550
2024,2,Virginia,Quarterly Establishments,319920,321160,321167,321165,Not applicable,321165
2024,2,Virginia,April Employment,4092886,4093307,4093836,4094200,Not applicable,4094200
2024,2,Virginia,May Employment,4113283,4114001,4114522,4114984,Not applicable,4114984
2024,2,Virginia,June Employment,4140772,4142312,4142982,4143670,Not applicable,4143670
2024,2,Virginia,Total Quarterly Wages,76832075708,76797190914,76809221529,76814591931,Not applicable,76814591931
2024,2,Washington,Quarterly Establishments,234668,236482,237664,237747,Not applicable,237747
2024,2,Washington,April Employment,3593002,3581876,3571824,3571608,Not applicable,3571608
2024,2,Washington,May Employment,3621167,3610030,3599604,3599385,Not applicable,3599385
2024,2,Washington,June Employment,3674310,3663518,3652483,3652258,Not applicable,3652258
2024,2,Washington,Total Quarterly Wages,83817751932,84008529934,83950130167,83944955710,Not applicable,83944955710
2024,2,West Virginia,Quarterly Establishments,61735,61859,61389,61348,Not applicable,61348
2024,2,West Virginia,April Employment,695352,697997,697550,698305,Not applicable,698305
2024,2,West Virginia,May Employment,701368,703937,703366,704116,Not applicable,704116
2024,2,West Virginia,June Employment,700079,704155,703591,704339,Not applicable,704339
2024,2,West Virginia,Total Quarterly Wages,10242749874,10263770493,10247166888,10261281838,Not applicable,10261281838
2024,2,Wisconsin,Quarterly Establishments,208458,207823,206166,201855,Not applicable,201855
2024,2,Wisconsin,April Employment,2925991,2929526,2930110,2931052,Not applicable,2931052
2024,2,Wisconsin,May Employment,2957270,2958384,2959097,2960149,Not applicable,2960149
2024,2,Wisconsin,June Employment,2990806,2991818,2992736,2994062,Not applicable,2994062
2024,2,Wisconsin,Total Quarterly Wages,44901725892,44937059562,44942519882,44957555450,Not applicable,44957555450
2024,2,Wyoming,Quarterly Establishments,30979,30814,30544,30540,Not applicable,30540
2024,2,Wyoming,April Employment,275432,276267,276277,276275,Not applicable,276275
2024,2,Wyoming,May Employment,282590,283578,283524,283522,Not applicable,283522
2024,2,Wyoming,June Employment,290904,291986,292037,292035,Not applicable,292035
2024,2,Wyoming,Total Quarterly Wages,4210939765,4223938070,4222312295,4222270221,Not applicable,4222270221
2024,2,Puerto Rico,Quarterly Establishments,54547,52657,52160,52288,Not applicable,52288
2024,2,Puerto Rico,April Employment,944237,944871,944706,944816,Not applicable,944816
2024,2,Puerto Rico,May Employment,944035,944831,944647,944766,Not applicable,944766
2024,2,Puerto Rico,June Employment,943967,944291,944725,944759,Not applicable,944759
2024,2,Puerto Rico,Total Quarterly Wages,7992186604,8002086864,8002588024,8002829937,Not applicable,8002829937
2024,2,Virgin Islands,Quarterly Establishments,3910,3921,3921,3928,Not applicable,3928
2024,2,Virgin Islands,April Employment,36318,36391,36443,36440,Not applicable,36440
2024,2,Virgin Islands,May Employment,36183,36273,36236,36195,Not applicable,36195
2024,2,Virgin Islands,June Employment,36449,36538,36606,36579,Not applicable,36579
2024,2,Virgin Islands,Total Quarterly Wages,476726646,478199285,478390238,478363707,Not applicable,478363707
2024,3,United States,Quarterly Establishments,12297414,12162989,12102194,Not applicable,Not applicable,12102194
2024,3,United States,July Employment,153843550,153964602,154052187,Not applicable,Not applicable,154052187
2024,3,United States,August Employment,154794539,154933929,155024366,Not applicable,Not applicable,155024366
2024,3,United States,September Employment,155360357,155553953,155644433,Not applicable,Not applicable,155644433
2024,3,United States,Total Quarterly Wages,2803068632090,2804354046873,2805442249539,Not applicable,Not applicable,2805442249539
2024,3,Alabama,Quarterly Establishments,162453,160912,160834,Not applicable,Not applicable,160834
2024,3,Alabama,July Employment,2093778,2099577,2100483,Not applicable,Not applicable,2100483
2024,3,Alabama,August Employment,2099839,2105838,2106578,Not applicable,Not applicable,2106578
2024,3,Alabama,September Employment,2099750,2106331,2107177,Not applicable,Not applicable,2107177
2024,3,Alabama,Total Quarterly Wages,31950087501,31976092265,32001593891,Not applicable,Not applicable,32001593891
2024,3,Alaska,Quarterly Establishments,25494,25608,25520,Not applicable,Not applicable,25520
2024,3,Alaska,July Employment,345042,345287,345528,Not applicable,Not applicable,345528
2024,3,Alaska,August Employment,346070,346355,346674,Not applicable,Not applicable,346674
2024,3,Alaska,September Employment,342011,342504,342778,Not applicable,Not applicable,342778
2024,3,Alaska,Total Quarterly Wages,6188301980,6194322004,6199172765,Not applicable,Not applicable,6199172765
2024,3,Arizona,Quarterly Establishments,222329,224049,224701,Not applicable,Not applicable,224701
2024,3,Arizona,July Employment,3092466,3119861,3124836,Not applicable,Not applicable,3124836
2024,3,Arizona,August Employment,3169694,3199229,3204289,Not applicable,Not applicable,3204289
2024,3,Arizona,September Employment,3187204,3216480,3221717,Not applicable,Not applicable,3221717
2024,3,Arizona,Total Quarterly Wages,53925810279,54095581895,54119794902,Not applicable,Not applicable,54119794902
2024,3,Arkansas,Quarterly Establishments,103634,103602,103658,Not applicable,Not applicable,103658
2024,3,Arkansas,July Employment,1261211,1260488,1260689,Not applicable,Not applicable,1260689
2024,3,Arkansas,August Employment,1288264,1288099,1288293,Not applicable,Not applicable,1288293
2024,3,Arkansas,September Employment,1301137,1304284,1304498,Not applicable,Not applicable,1304498
2024,3,Arkansas,Total Quarterly Wages,18248809775,18246246915,18250213169,Not applicable,Not applicable,18250213169
2024,3,California,Quarterly Establishments,1926284,1870469,1871976,Not applicable,Not applicable,1871976
2024,3,California,July Employment,18055795,18075714,18059258,Not applicable,Not applicable,18059258
2024,3,California,August Employment,18181655,18207914,18189899,Not applicable,Not applicable,18189899
2024,3,California,September Employment,18209672,18241291,18223978,Not applicable,Not applicable,18223978
2024,3,California,Total Quarterly Wages,399760182540,399878673145,399680477307,Not applicable,Not applicable,399680477307
2024,3,Colorado,Quarterly Establishments,250770,250715,250703,Not applicable,Not applicable,250703
2024,3,Colorado,July Employment,2927110,2924949,2924901,Not applicable,Not applicable,2924901
2024,3,Colorado,August Employment,2927777,2925856,2925634,Not applicable,Not applicable,2925634
2024,3,Colorado,September Employment,2902096,2905059,2904667,Not applicable,Not applicable,2904667
2024,3,Colorado,Total Quarterly Wages,56379228699,56382524450,56392251551,Not applicable,Not applicable,56392251551
2024,3,Connecticut,Quarterly Establishments,150325,150242,150227,Not applicable,Not applicable,150227
2024,3,Connecticut,July Employment,1673260,1674239,1674783,Not applicable,Not applicable,1674783
2024,3,Connecticut,August Employment,1670511,1671493,1672037,Not applicable,Not applicable,1672037
2024,3,Connecticut,September Employment,1690742,1691362,1691891,Not applicable,Not applicable,1691891
2024,3,Connecticut,Total Quarterly Wages,33705031715,33716282033,33723952264,Not applicable,Not applicable,33723952264
2024,3,Delaware,Quarterly Establishments,44602,45471,46086,Not applicable,Not applicable,46086
2024,3,Delaware,July Employment,481725,483024,482972,Not applicable,Not applicable,482972
2024,3,Delaware,August Employment,480874,481951,481776,Not applicable,Not applicable,481776
2024,3,Delaware,September Employment,479188,480592,480563,Not applicable,Not applicable,480563
2024,3,Delaware,Total Quarterly Wages,8308593052,8328720842,8330088805,Not applicable,Not applicable,8330088805
2024,3,District of Columbia,Quarterly Establishments,52334,52334,52051,Not applicable,Not applicable,52051
2024,3,District of Columbia,July Employment,761698,761877,762249,Not applicable,Not applicable,762249
2024,3,District of Columbia,August Employment,753161,753270,754030,Not applicable,Not applicable,754030
2024,3,District of Columbia,September Employment,760264,759888,760756,Not applicable,Not applicable,760756
2024,3,District of Columbia,Total Quarterly Wages,22578977355,22429032286,22339169500,Not applicable,Not applicable,22339169500
2024,3,Florida,Quarterly Establishments,908521,892669,865850,Not applicable,Not applicable,865850
2024,3,Florida,July Employment,9647243,9647580,9647367,Not applicable,Not applicable,9647367
2024,3,Florida,August Employment,9806157,9808639,9808377,Not applicable,Not applicable,9808377
2024,3,Florida,September Employment,9832116,9833503,9833199,Not applicable,Not applicable,9833199
2024,3,Florida,Total Quarterly Wages,161900463435,162017107750,162013540638,Not applicable,Not applicable,162013540638
2024,3,Georgia,Quarterly Establishments,394017,393333,392348,Not applicable,Not applicable,392348
2024,3,Georgia,July Employment,4840648,4842321,4842176,Not applicable,Not applicable,4842176
2024,3,Georgia,August Employment,4861167,4863440,4863330,Not applicable,Not applicable,4863330
2024,3,Georgia,September Employment,4853653,4857214,4857112,Not applicable,Not applicable,4857112
2024,3,Georgia,Total Quarterly Wages,82246799777,82291289986,82292360504,Not applicable,Not applicable,82292360504
2024,3,Hawaii,Quarterly Establishments,60641,60625,60608,Not applicable,Not applicable,60608
2024,3,Hawaii,July Employment,635622,635197,635224,Not applicable,Not applicable,635224
2024,3,Hawaii,August Employment,633167,632963,633008,Not applicable,Not applicable,633008
2024,3,Hawaii,September Employment,639408,639164,639231,Not applicable,Not applicable,639231
2024,3,Hawaii,Total Quarterly Wages,10739961249,10760628251,10759654153,Not applicable,Not applicable,10759654153
2024,3,Idaho,Quarterly Establishments,102838,103587,104098,Not applicable,Not applicable,104098
2024,3,Idaho,July Employment,871432,872225,872579,Not applicable,Not applicable,872579
2024,3,Idaho,August Employment,872677,873329,873689,Not applicable,Not applicable,873689
2024,3,Idaho,September Employment,867868,868435,868802,Not applicable,Not applicable,868802
2024,3,Idaho,Total Quarterly Wages,12739379265,12748441248,12753776629,Not applicable,Not applicable,12753776629
2024,3,Illinois,Quarterly Establishments,410942,405989,398698,Not applicable,Not applicable,398698
2024,3,Illinois,July Employment,6034302,6038064,6041517,Not applicable,Not applicable,6041517
2024,3,Illinois,August Employment,6049057,6052612,6056494,Not applicable,Not applicable,6056494
2024,3,Illinois,September Employment,6083948,6089153,6090611,Not applicable,Not applicable,6090611
2024,3,Illinois,Total Quarterly Wages,110029189502,110074041669,110115041106,Not applicable,Not applicable,110115041106
2024,3,Indiana,Quarterly Establishments,192827,194649,194645,Not applicable,Not applicable,194645
2024,3,Indiana,July Employment,3151386,3154367,3154371,Not applicable,Not applicable,3154371
2024,3,Indiana,August Employment,3198885,3201551,3201594,Not applicable,Not applicable,3201594
2024,3,Indiana,September Employment,3190999,3194399,3194795,Not applicable,Not applicable,3194795
2024,3,Indiana,Total Quarterly Wages,48166461465,48193601752,48193546221,Not applicable,Not applicable,48193546221
2024,3,Iowa,Quarterly Establishments,111792,111654,111660,Not applicable,Not applicable,111660
2024,3,Iowa,July Employment,1562684,1565508,1565679,Not applicable,Not applicable,1565679
2024,3,Iowa,August Employment,1560752,1563822,1564000,Not applicable,Not applicable,1564000
2024,3,Iowa,September Employment,1559463,1563289,1563459,Not applicable,Not applicable,1563459
2024,3,Iowa,Total Quarterly Wages,23408385173,23448262860,23449506200,Not applicable,Not applicable,23449506200
2024,3,Kansas,Quarterly Establishments,102868,101299,100409,Not applicable,Not applicable,100409
2024,3,Kansas,July Employment,1416462,1416681,1416633,Not applicable,Not applicable,1416633
2024,3,Kansas,August Employment,1425952,1425895,1425785,Not applicable,Not applicable,1425785
2024,3,Kansas,September Employment,1430370,1430650,1430561,Not applicable,Not applicable,1430561
2024,3,Kansas,Total Quarterly Wages,21043581821,21041605111,21038644875,Not applicable,Not applicable,21038644875
2024,3,Kentucky,Quarterly Establishments,158450,159012,159181,Not applicable,Not applicable,159181
2024,3,Kentucky,July Employment,1927878,1927011,1927266,Not applicable,Not applicable,1927266
2024,3,Kentucky,August Employment,1991929,1990737,1991532,Not applicable,Not applicable,1991532
2024,3,Kentucky,September Employment,2002072,2001621,2002491,Not applicable,Not applicable,2002491
2024,3,Kentucky,Total Quarterly Wages,28960271797,28947384724,28947958557,Not applicable,Not applicable,28947958557
2024,3,Louisiana,Quarterly Establishments,156150,156126,155787,Not applicable,Not applicable,155787
2024,3,Louisiana,July Employment,1900282,1907826,1908946,Not applicable,Not applicable,1908946
2024,3,Louisiana,August Employment,1917709,1925009,1926223,Not applicable,Not applicable,1926223
2024,3,Louisiana,September Employment,1908096,1914224,1915662,Not applicable,Not applicable,1915662
2024,3,Louisiana,Total Quarterly Wages,28566673363,28610556150,28627725209,Not applicable,Not applicable,28627725209
2024,3,Maine,Quarterly Establishments,65976,65726,65911,Not applicable,Not applicable,65911
2024,3,Maine,July Employment,667395,669004,670375,Not applicable,Not applicable,670375
2024,3,Maine,August Employment,666366,667951,669205,Not applicable,Not applicable,669205
2024,3,Maine,September Employment,657845,659275,660562,Not applicable,Not applicable,660562
2024,3,Maine,Total Quarterly Wages,10147330937,10167935102,10161587564,Not applicable,Not applicable,10161587564
2024,3,Maryland,Quarterly Establishments,213488,198814,197361,Not applicable,Not applicable,197361
2024,3,Maryland,July Employment,2767965,2771056,2775810,Not applicable,Not applicable,2775810
2024,3,Maryland,August Employment,2768402,2772139,2777503,Not applicable,Not applicable,2777503
2024,3,Maryland,September Employment,2765724,2770742,2776503,Not applicable,Not applicable,2776503
2024,3,Maryland,Total Quarterly Wages,52935356151,53013375090,53057580956,Not applicable,Not applicable,53057580956
2024,3,Massachusetts,Quarterly Establishments,291307,286938,286812,Not applicable,Not applicable,286812
2024,3,Massachusetts,July Employment,3658041,3667134,3667121,Not applicable,Not applicable,3667121
2024,3,Massachusetts,August Employment,3642156,3651435,3651448,Not applicable,Not applicable,3651448
2024,3,Massachusetts,September Employment,3647391,3657271,3658581,Not applicable,Not applicable,3658581
2024,3,Massachusetts,Total Quarterly Wages,82363962833,82516798510,82525331570,Not applicable,Not applicable,82525331570
2024,3,Michigan,Quarterly Establishments,317953,304453,305045,Not applicable,Not applicable,305045
2024,3,Michigan,July Employment,4405993,4405400,4405648,Not applicable,Not applicable,4405648
2024,3,Michigan,August Employment,4445098,4443831,4444054,Not applicable,Not applicable,4444054
2024,3,Michigan,September Employment,4440880,4441075,4441436,Not applicable,Not applicable,4441436
2024,3,Michigan,Total Quarterly Wages,72921581108,72928532869,72930452609,Not applicable,Not applicable,72930452609
2024,3,Minnesota,Quarterly Establishments,214687,213780,213932,Not applicable,Not applicable,213932
2024,3,Minnesota,July Employment,2934937,2935729,2936675,Not applicable,Not applicable,2936675
2024,3,Minnesota,August Employment,2945620,2946569,2947686,Not applicable,Not applicable,2947686
2024,3,Minnesota,September Employment,2948145,2950907,2952291,Not applicable,Not applicable,2952291
2024,3,Minnesota,Total Quarterly Wages,53122310391,53128518615,53141624685,Not applicable,Not applicable,53141624685
2024,3,Mississippi,Quarterly Establishments,90490,89922,89919,Not applicable,Not applicable,89919
2024,3,Mississippi,July Employment,1160630,1161965,1161656,Not applicable,Not applicable,1161656
2024,3,Mississippi,August Employment,1169237,1170839,1170538,Not applicable,Not applicable,1170538
2024,3,Mississippi,September Employment,1170894,1172349,1172088,Not applicable,Not applicable,1172088
2024,3,Mississippi,Total Quarterly Wages,14566439658,14578442265,14576009064,Not applicable,Not applicable,14576009064
2024,3,Missouri,Quarterly Establishments,247952,247372,244389,Not applicable,Not applicable,244389
2024,3,Missouri,July Employment,2840283,2842803,2842264,Not applicable,Not applicable,2842264
2024,3,Missouri,August Employment,2870692,2873680,2873093,Not applicable,Not applicable,2873093
2024,3,Missouri,September Employment,2911672,2915079,2914575,Not applicable,Not applicable,2914575
2024,3,Missouri,Total Quarterly Wages,44721499631,44748910680,44741573301,Not applicable,Not applicable,44741573301
2024,3,Montana,Quarterly Establishments,64476,64484,64539,Not applicable,Not applicable,64539
2024,3,Montana,July Employment,516452,516000,515867,Not applicable,Not applicable,515867
2024,3,Montana,August Employment,518628,518513,518440,Not applicable,Not applicable,518440
2024,3,Montana,September Employment,520202,520156,520081,Not applicable,Not applicable,520081
2024,3,Montana,Total Quarterly Wages,7580113555,7577380360,7576839884,Not applicable,Not applicable,7576839884
2024,3,Nebraska,Quarterly Establishments,77868,76860,76856,Not applicable,Not applicable,76856
2024,3,Nebraska,July Employment,1020372,1021031,1021031,Not applicable,Not applicable,1021031
2024,3,Nebraska,August Employment,1019241,1019892,1019892,Not applicable,Not applicable,1019892
2024,3,Nebraska,September Employment,1022181,1022961,1022972,Not applicable,Not applicable,1022972
2024,3,Nebraska,Total Quarterly Wages,15318077296,15324497886,15324529109,Not applicable,Not applicable,15324529109
2024,3,Nevada,Quarterly Establishments,108726,109653,107282,Not applicable,Not applicable,107282
2024,3,Nevada,July Employment,1539171,1540495,1541098,Not applicable,Not applicable,1541098
2024,3,Nevada,August Employment,1547771,1549895,1550183,Not applicable,Not applicable,1550183
2024,3,Nevada,September Employment,1555577,1558483,1558784,Not applicable,Not applicable,1558784
2024,3,Nevada,Total Quarterly Wages,25349643654,25381416495,25387390951,Not applicable,Not applicable,25387390951
2024,3,New Hampshire,Quarterly Establishments,67839,67778,67466,Not applicable,Not applicable,67466
2024,3,New Hampshire,July Employment,688702,689088,689203,Not applicable,Not applicable,689203
2024,3,New Hampshire,August Employment,693125,693431,693586,Not applicable,Not applicable,693586
2024,3,New Hampshire,September Employment,691234,691706,692012,Not applicable,Not applicable,692012
2024,3,New Hampshire,Total Quarterly Wages,12614868869,12622346510,12626639753,Not applicable,Not applicable,12626639753
2024,3,New Jersey,Quarterly Establishments,333061,327481,324030,Not applicable,Not applicable,324030
2024,3,New Jersey,July Employment,4181630,4182314,4181609,Not applicable,Not applicable,4181609
2024,3,New Jersey,August Employment,4163907,4164004,4165271,Not applicable,Not applicable,4165271
2024,3,New Jersey,September Employment,4281983,4281953,4282849,Not applicable,Not applicable,4282849
2024,3,New Jersey,Total Quarterly Wages,82253675113,82305330799,82305839146,Not applicable,Not applicable,82305839146
2024,3,New Mexico,Quarterly Establishments,68622,68228,68232,Not applicable,Not applicable,68232
2024,3,New Mexico,July Employment,848640,850282,850792,Not applicable,Not applicable,850792
2024,3,New Mexico,August Employment,874559,876349,876968,Not applicable,Not applicable,876968
2024,3,New Mexico,September Employment,870487,872759,873504,Not applicable,Not applicable,873504
2024,3,New Mexico,Total Quarterly Wages,12978342991,12991316788,12999720591,Not applicable,Not applicable,12999720591
2024,3,New York,Quarterly Establishments,714840,711631,710619,Not applicable,Not applicable,710619
2024,3,New York,July Employment,9538901,9540954,9622369,Not applicable,Not applicable,9622369
2024,3,New York,August Employment,9502350,9504050,9585710,Not applicable,Not applicable,9585710
2024,3,New York,September Employment,9678659,9684119,9766780,Not applicable,Not applicable,9766780
2024,3,New York,Total Quarterly Wages,209528278227,209618232359,210727375463,Not applicable,Not applicable,210727375463
2024,3,North Carolina,Quarterly Establishments,379306,378956,378970,Not applicable,Not applicable,378970
2024,3,North Carolina,July Employment,4807799,4817561,4818263,Not applicable,Not applicable,4818263
2024,3,North Carolina,August Employment,4900936,4911090,4912026,Not applicable,Not applicable,4912026
2024,3,North Carolina,September Employment,4898483,4912469,4913555,Not applicable,Not applicable,4913555
2024,3,North Carolina,Total Quarterly Wages,80699435671,80843379526,80838341660,Not applicable,Not applicable,80838341660
2024,3,North Dakota,Quarterly Establishments,36700,36763,36762,Not applicable,Not applicable,36762
2024,3,North Dakota,July Employment,426770,427417,427417,Not applicable,Not applicable,427417
2024,3,North Dakota,August Employment,427875,428520,428520,Not applicable,Not applicable,428520
2024,3,North Dakota,September Employment,435379,436072,436072,Not applicable,Not applicable,436072
2024,3,North Dakota,Total Quarterly Wages,7029406612,7032363332,7032363332,Not applicable,Not applicable,7032363332
2024,3,Ohio,Quarterly Establishments,344465,345048,345049,Not applicable,Not applicable,345049
2024,3,Ohio,July Employment,5539394,5542902,5542858,Not applicable,Not applicable,5542858
2024,3,Ohio,August Employment,5547402,5551332,5551667,Not applicable,Not applicable,5551667
2024,3,Ohio,September Employment,5524058,5532192,5532289,Not applicable,Not applicable,5532289
2024,3,Ohio,Total Quarterly Wages,89074584632,89125482250,89123650684,Not applicable,Not applicable,89123650684
2024,3,Oklahoma,Quarterly Establishments,129779,128836,128836,Not applicable,Not applicable,128836
2024,3,Oklahoma,July Employment,1651231,1654973,1654973,Not applicable,Not applicable,1654973
2024,3,Oklahoma,August Employment,1678811,1682784,1682784,Not applicable,Not applicable,1682784
2024,3,Oklahoma,September Employment,1699216,1703537,1703537,Not applicable,Not applicable,1703537
2024,3,Oklahoma,Total Quarterly Wages,23855966975,23891418312,23891291854,Not applicable,Not applicable,23891291854
2024,3,Oregon,Quarterly Establishments,192788,190533,187613,Not applicable,Not applicable,187613
2024,3,Oregon,July Employment,1982434,1985657,1986462,Not applicable,Not applicable,1986462
2024,3,Oregon,August Employment,1984143,1987422,1988309,Not applicable,Not applicable,1988309
2024,3,Oregon,September Employment,2016887,2020957,2021048,Not applicable,Not applicable,2021048
2024,3,Oregon,Total Quarterly Wages,35080688977,35113862770,35131456256,Not applicable,Not applicable,35131456256
2024,3,Pennsylvania,Quarterly Establishments,395040,389494,389496,Not applicable,Not applicable,389496
2024,3,Pennsylvania,July Employment,6013375,6012963,6012913,Not applicable,Not applicable,6012913
2024,3,Pennsylvania,August Employment,6019647,6020572,6020517,Not applicable,Not applicable,6020517
2024,3,Pennsylvania,September Employment,6044679,6052229,6052218,Not applicable,Not applicable,6052218
2024,3,Pennsylvania,Total Quarterly Wages,104186252803,104193358304,104192024668,Not applicable,Not applicable,104192024668
2024,3,Rhode Island,Quarterly Establishments,48958,49130,49174,Not applicable,Not applicable,49174
2024,3,Rhode Island,July Employment,496857,497052,496981,Not applicable,Not applicable,496981
2024,3,Rhode Island,August Employment,499350,499683,499561,Not applicable,Not applicable,499561
2024,3,Rhode Island,September Employment,501905,502203,502078,Not applicable,Not applicable,502078
2024,3,Rhode Island,Total Quarterly Wages,8197763225,8203861679,8202702720,Not applicable,Not applicable,8202702720
2024,3,South Carolina,Quarterly Establishments,192827,193066,193061,Not applicable,Not applicable,193061
2024,3,South Carolina,July Employment,2273512,2273905,2274170,Not applicable,Not applicable,2274170
2024,3,South Carolina,August Employment,2290805,2291043,2291335,Not applicable,Not applicable,2291335
2024,3,South Carolina,September Employment,2296769,2298920,2296378,Not applicable,Not applicable,2296378
2024,3,South Carolina,Total Quarterly Wages,33945680997,33949402244,33955503972,Not applicable,Not applicable,33955503972
2024,3,South Dakota,Quarterly Establishments,40451,40477,40486,Not applicable,Not applicable,40486
2024,3,South Dakota,July Employment,463470,463460,463460,Not applicable,Not applicable,463460
2024,3,South Dakota,August Employment,465796,465715,465715,Not applicable,Not applicable,465715
2024,3,South Dakota,September Employment,462305,462490,462490,Not applicable,Not applicable,462490
2024,3,South Dakota,Total Quarterly Wages,6643214313,6646468372,6646468372,Not applicable,Not applicable,6646468372
2024,3,Tennessee,Quarterly Establishments,233274,232151,223356,Not applicable,Not applicable,223356
2024,3,Tennessee,July Employment,3229351,3234016,3233623,Not applicable,Not applicable,3233623
2024,3,Tennessee,August Employment,3274206,3277397,3276872,Not applicable,Not applicable,3276872
2024,3,Tennessee,September Employment,3289972,3294873,3294285,Not applicable,Not applicable,3294285
2024,3,Tennessee,Total Quarterly Wages,53290351929,53325239017,53332920085,Not applicable,Not applicable,53332920085
2024,3,Texas,Quarterly Establishments,844485,847867,847822,Not applicable,Not applicable,847822
2024,3,Texas,July Employment,13799537,13813937,13813953,Not applicable,Not applicable,13813953
2024,3,Texas,August Employment,13905832,13923160,13923196,Not applicable,Not applicable,13923196
2024,3,Texas,September Employment,13933505,13958410,13958997,Not applicable,Not applicable,13958997
2024,3,Texas,Total Quarterly Wages,251861608119,251945789336,251954243197,Not applicable,Not applicable,251954243197
2024,3,Utah,Quarterly Establishments,140387,140709,140708,Not applicable,Not applicable,140708
2024,3,Utah,July Employment,1698888,1699795,1699695,Not applicable,Not applicable,1699695
2024,3,Utah,August Employment,1715481,1716166,1716060,Not applicable,Not applicable,1716060
2024,3,Utah,September Employment,1724313,1724997,1724901,Not applicable,Not applicable,1724901
2024,3,Utah,Total Quarterly Wages,27790285929,27816681658,27815871413,Not applicable,Not applicable,27815871413
2024,3,Vermont,Quarterly Establishments,33521,33370,32647,Not applicable,Not applicable,32647
2024,3,Vermont,July Employment,310655,311224,311120,Not applicable,Not applicable,311120
2024,3,Vermont,August Employment,310127,311035,310944,Not applicable,Not applicable,310944
2024,3,Vermont,September Employment,308434,309364,309306,Not applicable,Not applicable,309306
2024,3,Vermont,Total Quarterly Wages,4793765449,4806867339,4805555278,Not applicable,Not applicable,4805555278
2024,3,Virginia,Quarterly Establishments,325198,316557,316588,Not applicable,Not applicable,316588
2024,3,Virginia,July Employment,4110240,4108236,4108219,Not applicable,Not applicable,4108219
2024,3,Virginia,August Employment,4114372,4112980,4113130,Not applicable,Not applicable,4113130
2024,3,Virginia,September Employment,4116078,4114281,4114924,Not applicable,Not applicable,4114924
2024,3,Virginia,Total Quarterly Wages,77229107930,77152073314,77137277559,Not applicable,Not applicable,77137277559
2024,3,Washington,Quarterly Establishments,241058,241837,241937,Not applicable,Not applicable,241937
2024,3,Washington,July Employment,3677856,3659293,3659555,Not applicable,Not applicable,3659555
2024,3,Washington,August Employment,3655799,3637345,3637297,Not applicable,Not applicable,3637297
2024,3,Washington,September Employment,3663854,3644300,3644101,Not applicable,Not applicable,3644101
2024,3,Washington,Total Quarterly Wages,84851783243,84671139519,84688735264,Not applicable,Not applicable,84688735264
2024,3,West Virginia,Quarterly Establishments,62566,62176,62154,Not applicable,Not applicable,62154
2024,3,West Virginia,July Employment,670546,671403,672355,Not applicable,Not applicable,672355
2024,3,West Virginia,August Employment,683784,685238,686267,Not applicable,Not applicable,686267
2024,3,West Virginia,September Employment,698367,700443,701535,Not applicable,Not applicable,701535
2024,3,West Virginia,Total Quarterly Wages,9650956599,9666272431,9680417823,Not applicable,Not applicable,9680417823
2024,3,Wisconsin,Quarterly Establishments,210908,209647,205201,Not applicable,Not applicable,205201
2024,3,Wisconsin,July Employment,2954228,2956195,2957606,Not applicable,Not applicable,2957606
2024,3,Wisconsin,August Employment,2968683,2971038,2972499,Not applicable,Not applicable,2972499
2024,3,Wisconsin,September Employment,2956361,2959235,2961031,Not applicable,Not applicable,2961031
2024,3,Wisconsin,Total Quarterly Wages,45210302683,45250104335,45265759286,Not applicable,Not applicable,45265759286
2024,3,Wyoming,Quarterly Establishments,31147,30907,30901,Not applicable,Not applicable,30901
2024,3,Wyoming,July Employment,288271,289562,289589,Not applicable,Not applicable,289589
2024,3,Wyoming,August Employment,289041,290829,290848,Not applicable,Not applicable,290848
2024,3,Wyoming,September Employment,286861,288703,288722,Not applicable,Not applicable,288722
2024,3,Wyoming,Total Quarterly Wages,4429805847,4436853471,4436703224,Not applicable,Not applicable,4436703224
2024,3,Puerto Rico,Quarterly Establishments,52498,51455,51638,Not applicable,Not applicable,51638
2024,3,Puerto Rico,July Employment,926247,928664,928635,Not applicable,Not applicable,928635
2024,3,Puerto Rico,August Employment,934727,936787,936841,Not applicable,Not applicable,936841
2024,3,Puerto Rico,September Employment,949274,951258,951218,Not applicable,Not applicable,951218
2024,3,Puerto Rico,Total Quarterly Wages,8136773132,8145255807,8165339152,Not applicable,Not applicable,8165339152
2024,3,Virgin Islands,Quarterly Establishments,3007,3011,3029,Not applicable,Not applicable,3029
2024,3,Virgin Islands,July Employment,36233,36297,36394,Not applicable,Not applicable,36394
2024,3,Virgin Islands,August Employment,35244,34730,35347,Not applicable,Not applicable,35347
2024,3,Virgin Islands,September Employment,35086,34526,35064,Not applicable,Not applicable,35064
2024,3,Virgin Islands,Total Quarterly Wages,453960141,451610245,453126060,Not applicable,Not applicable,453126060
2024,4,United States,Quarterly Establishments,12265395,12197706,Not applicable,Not applicable,Not applicable,12197706
2024,4,United States,October Employment,156042582,156237285,Not applicable,Not applicable,Not applicable,156237285
2024,4,United States,November Employment,156584838,156767859,Not applicable,Not applicable,Not applicable,156767859
2024,4,United States,December Employment,156202874,156401043,Not applicable,Not applicable,Not applicable,156401043
2024,4,United States,Total Quarterly Wages,3062610422413,3064290969811,Not applicable,Not applicable,Not applicable,3064290969811
2024,4,Alabama,Quarterly Establishments,162310,161312,Not applicable,Not applicable,Not applicable,161312
2024,4,Alabama,October Employment,2116767,2117906,Not applicable,Not applicable,Not applicable,2117906
2024,4,Alabama,November Employment,2124448,2126248,Not applicable,Not applicable,Not applicable,2126248
2024,4,Alabama,December Employment,2122222,2124201,Not applicable,Not applicable,Not applicable,2124201
2024,4,Alabama,Total Quarterly Wages,34593854940,34608713277,Not applicable,Not applicable,Not applicable,34608713277
2024,4,Alaska,Quarterly Establishments,25303,25252,Not applicable,Not applicable,Not applicable,25252
2024,4,Alaska,October Employment,327315,327236,Not applicable,Not applicable,Not applicable,327236
2024,4,Alaska,November Employment,318277,318701,Not applicable,Not applicable,Not applicable,318701
2024,4,Alaska,December Employment,317435,318309,Not applicable,Not applicable,Not applicable,318309
2024,4,Alaska,Total Quarterly Wages,5965793334,5974577706,Not applicable,Not applicable,Not applicable,5974577706
2024,4,Arizona,Quarterly Establishments,225482,226110,Not applicable,Not applicable,Not applicable,226110
2024,4,Arizona,October Employment,3241991,3247648,Not applicable,Not applicable,Not applicable,3247648
2024,4,Arizona,November Employment,3277535,3283181,Not applicable,Not applicable,Not applicable,3283181
2024,4,Arizona,December Employment,3272293,3278173,Not applicable,Not applicable,Not applicable,3278173
2024,4,Arizona,Total Quarterly Wages,59637718106,59688602612,Not applicable,Not applicable,Not applicable,59688602612
2024,4,Arkansas,Quarterly Establishments,106056,105892,Not applicable,Not applicable,Not applicable,105892
2024,4,Arkansas,October Employment,1309597,1309726,Not applicable,Not applicable,Not applicable,1309726
2024,4,Arkansas,November Employment,1313644,1313840,Not applicable,Not applicable,Not applicable,1313840
2024,4,Arkansas,December Employment,1312631,1313292,Not applicable,Not applicable,Not applicable,1313292
2024,4,Arkansas,Total Quarterly Wages,19658532105,19697059490,Not applicable,Not applicable,Not applicable,19697059490
2024,4,California,Quarterly Establishments,1903898,1917458,Not applicable,Not applicable,Not applicable,1917458
2024,4,California,October Employment,18391370,18423998,Not applicable,Not applicable,Not applicable,18423998
2024,4,California,November Employment,18406541,18428658,Not applicable,Not applicable,Not applicable,18428658
2024,4,California,December Employment,18230808,18246332,Not applicable,Not applicable,Not applicable,18246332
2024,4,California,Total Quarterly Wages,446273842539,446045378673,Not applicable,Not applicable,Not applicable,446045378673
2024,4,Colorado,Quarterly Establishments,236618,236671,Not applicable,Not applicable,Not applicable,236671
2024,4,Colorado,October Employment,2906121,2906882,Not applicable,Not applicable,Not applicable,2906882
2024,4,Colorado,November Employment,2904551,2905433,Not applicable,Not applicable,Not applicable,2905433
2024,4,Colorado,December Employment,2911250,2915198,Not applicable,Not applicable,Not applicable,2915198
2024,4,Colorado,Total Quarterly Wages,60261113944,60277113059,Not applicable,Not applicable,Not applicable,60277113059
2024,4,Connecticut,Quarterly Establishments,150678,148766,Not applicable,Not applicable,Not applicable,148766
2024,4,Connecticut,October Employment,1699872,1701765,Not applicable,Not applicable,Not applicable,1701765
2024,4,Connecticut,November Employment,1706292,1708635,Not applicable,Not applicable,Not applicable,1708635
2024,4,Connecticut,December Employment,1700739,1704151,Not applicable,Not applicable,Not applicable,1704151
2024,4,Connecticut,Total Quarterly Wages,37977261968,38031351822,Not applicable,Not applicable,Not applicable,38031351822
2024,4,Delaware,Quarterly Establishments,45168,46103,Not applicable,Not applicable,Not applicable,46103
2024,4,Delaware,October Employment,480760,481340,Not applicable,Not applicable,Not applicable,481340
2024,4,Delaware,November Employment,482036,483147,Not applicable,Not applicable,Not applicable,483147
2024,4,Delaware,December Employment,480591,480401,Not applicable,Not applicable,Not applicable,480401
2024,4,Delaware,Total Quarterly Wages,8990583462,8985526471,Not applicable,Not applicable,Not applicable,8985526471
2024,4,District of Columbia,Quarterly Establishments,52411,52341,Not applicable,Not applicable,Not applicable,52341
2024,4,District of Columbia,October Employment,760190,761880,Not applicable,Not applicable,Not applicable,761880
2024,4,District of Columbia,November Employment,760713,762753,Not applicable,Not applicable,Not applicable,762753
2024,4,District of Columbia,December Employment,757182,760013,Not applicable,Not applicable,Not applicable,760013
2024,4,District of Columbia,Total Quarterly Wages,24627374087,24609892926,Not applicable,Not applicable,Not applicable,24609892926
2024,4,Florida,Quarterly Establishments,914847,885507,Not applicable,Not applicable,Not applicable,885507
2024,4,Florida,October Employment,9800789,9806190,Not applicable,Not applicable,Not applicable,9806190
2024,4,Florida,November Employment,9977099,9982550,Not applicable,Not applicable,Not applicable,9982550
2024,4,Florida,December Employment,9978915,9984708,Not applicable,Not applicable,Not applicable,9984708
2024,4,Florida,Total Quarterly Wages,181211382336,181064002197,Not applicable,Not applicable,Not applicable,181064002197
2024,4,Georgia,Quarterly Establishments,396570,395835,Not applicable,Not applicable,Not applicable,395835
2024,4,Georgia,October Employment,4884411,4887222,Not applicable,Not applicable,Not applicable,4887222
2024,4,Georgia,November Employment,4918129,4921533,Not applicable,Not applicable,Not applicable,4921533
2024,4,Georgia,December Employment,4916620,4920238,Not applicable,Not applicable,Not applicable,4920238
2024,4,Georgia,Total Quarterly Wages,88740987671,88802423875,Not applicable,Not applicable,Not applicable,88802423875
2024,4,Hawaii,Quarterly Establishments,61427,59312,Not applicable,Not applicable,Not applicable,59312
2024,4,Hawaii,October Employment,641301,641130,Not applicable,Not applicable,Not applicable,641130
2024,4,Hawaii,November Employment,648270,648201,Not applicable,Not applicable,Not applicable,648201
2024,4,Hawaii,December Employment,651325,651199,Not applicable,Not applicable,Not applicable,651199
2024,4,Hawaii,Total Quarterly Wages,11308827591,11300642106,Not applicable,Not applicable,Not applicable,11300642106
2024,4,Idaho,Quarterly Establishments,103903,104806,Not applicable,Not applicable,Not applicable,104806
2024,4,Idaho,October Employment,874386,875264,Not applicable,Not applicable,Not applicable,875264
2024,4,Idaho,November Employment,865197,866156,Not applicable,Not applicable,Not applicable,866156
2024,4,Idaho,December Employment,859060,860336,Not applicable,Not applicable,Not applicable,860336
2024,4,Idaho,Total Quarterly Wages,13870457598,13882728945,Not applicable,Not applicable,Not applicable,13882728945
2024,4,Illinois,Quarterly Establishments,411176,403749,Not applicable,Not applicable,Not applicable,403749
2024,4,Illinois,October Employment,6093763,6099273,Not applicable,Not applicable,Not applicable,6099273
2024,4,Illinois,November Employment,6102223,6107808,Not applicable,Not applicable,Not applicable,6107808
2024,4,Illinois,December Employment,6089067,6095302,Not applicable,Not applicable,Not applicable,6095302
2024,4,Illinois,Total Quarterly Wages,121825284864,121926811151,Not applicable,Not applicable,Not applicable,121926811151
2024,4,Indiana,Quarterly Establishments,194585,190804,Not applicable,Not applicable,Not applicable,190804
2024,4,Indiana,October Employment,3195955,3200741,Not applicable,Not applicable,Not applicable,3200741
2024,4,Indiana,November Employment,3211548,3216297,Not applicable,Not applicable,Not applicable,3216297
2024,4,Indiana,December Employment,3201884,3207436,Not applicable,Not applicable,Not applicable,3207436
2024,4,Indiana,Total Quarterly Wages,50874495946,50933202558,Not applicable,Not applicable,Not applicable,50933202558
2024,4,Iowa,Quarterly Establishments,112483,112827,Not applicable,Not applicable,Not applicable,112827
2024,4,Iowa,October Employment,1566483,1570266,Not applicable,Not applicable,Not applicable,1570266
2024,4,Iowa,November Employment,1568664,1571444,Not applicable,Not applicable,Not applicable,1571444
2024,4,Iowa,December Employment,1559271,1563574,Not applicable,Not applicable,Not applicable,1563574
2024,4,Iowa,Total Quarterly Wages,25162605657,25199038027,Not applicable,Not applicable,Not applicable,25199038027
2024,4,Kansas,Quarterly Establishments,103497,102109,Not applicable,Not applicable,Not applicable,102109
2024,4,Kansas,October Employment,1442249,1442109,Not applicable,Not applicable,Not applicable,1442109
2024,4,Kansas,November Employment,1449115,1448742,Not applicable,Not applicable,Not applicable,1448742
2024,4,Kansas,December Employment,1445629,1445090,Not applicable,Not applicable,Not applicable,1445090
2024,4,Kansas,Total Quarterly Wages,22881709497,22877053112,Not applicable,Not applicable,Not applicable,22877053112
2024,4,Kentucky,Quarterly Establishments,159012,159326,Not applicable,Not applicable,Not applicable,159326
2024,4,Kentucky,October Employment,2003887,2005267,Not applicable,Not applicable,Not applicable,2005267
2024,4,Kentucky,November Employment,2012900,2014115,Not applicable,Not applicable,Not applicable,2014115
2024,4,Kentucky,December Employment,2008418,2009859,Not applicable,Not applicable,Not applicable,2009859
2024,4,Kentucky,Total Quarterly Wages,31040623126,31103603861,Not applicable,Not applicable,Not applicable,31103603861
2024,4,Louisiana,Quarterly Establishments,156769,156232,Not applicable,Not applicable,Not applicable,156232
2024,4,Louisiana,October Employment,1939955,1940344,Not applicable,Not applicable,Not applicable,1940344
2024,4,Louisiana,November Employment,1945826,1946330,Not applicable,Not applicable,Not applicable,1946330
2024,4,Louisiana,December Employment,1936308,1936776,Not applicable,Not applicable,Not applicable,1936776
2024,4,Louisiana,Total Quarterly Wages,30987099985,30988690672,Not applicable,Not applicable,Not applicable,30988690672
2024,4,Maine,Quarterly Establishments,66206,66280,Not applicable,Not applicable,Not applicable,66280
2024,4,Maine,October Employment,655908,657048,Not applicable,Not applicable,Not applicable,657048
2024,4,Maine,November Employment,646017,647150,Not applicable,Not applicable,Not applicable,647150
2024,4,Maine,December Employment,643919,645177,Not applicable,Not applicable,Not applicable,645177
2024,4,Maine,Total Quarterly Wages,10773631024,10792932065,Not applicable,Not applicable,Not applicable,10792932065
2024,4,Maryland,Quarterly Establishments,197004,195367,Not applicable,Not applicable,Not applicable,195367
2024,4,Maryland,October Employment,2773895,2779481,Not applicable,Not applicable,Not applicable,2779481
2024,4,Maryland,November Employment,2780953,2786940,Not applicable,Not applicable,Not applicable,2786940
2024,4,Maryland,December Employment,2779919,2786340,Not applicable,Not applicable,Not applicable,2786340
2024,4,Maryland,Total Quarterly Wages,56704404212,56806404354,Not applicable,Not applicable,Not applicable,56806404354
2024,4,Massachusetts,Quarterly Establishments,288507,287074,Not applicable,Not applicable,Not applicable,287074
2024,4,Massachusetts,October Employment,3663394,3672093,Not applicable,Not applicable,Not applicable,3672093
2024,4,Massachusetts,November Employment,3659786,3669623,Not applicable,Not applicable,Not applicable,3669623
2024,4,Massachusetts,December Employment,3646092,3657700,Not applicable,Not applicable,Not applicable,3657700
2024,4,Massachusetts,Total Quarterly Wages,89841758138,89993408621,Not applicable,Not applicable,Not applicable,89993408621
2024,4,Michigan,Quarterly Establishments,303407,304427,Not applicable,Not applicable,Not applicable,304427
2024,4,Michigan,October Employment,4425513,4427914,Not applicable,Not applicable,Not applicable,4427914
2024,4,Michigan,November Employment,4428793,4431281,Not applicable,Not applicable,Not applicable,4431281
2024,4,Michigan,December Employment,4406829,4412137,Not applicable,Not applicable,Not applicable,4412137
2024,4,Michigan,Total Quarterly Wages,78730008865,78737149747,Not applicable,Not applicable,Not applicable,78737149747
2024,4,Minnesota,Quarterly Establishments,215119,215019,Not applicable,Not applicable,Not applicable,215019
2024,4,Minnesota,October Employment,2964388,2965459,Not applicable,Not applicable,Not applicable,2965459
2024,4,Minnesota,November Employment,2955249,2956254,Not applicable,Not applicable,Not applicable,2956254
2024,4,Minnesota,December Employment,2945434,2946757,Not applicable,Not applicable,Not applicable,2946757
2024,4,Minnesota,Total Quarterly Wages,55785737468,55806339448,Not applicable,Not applicable,Not applicable,55806339448
2024,4,Mississippi,Quarterly Establishments,90915,89963,Not applicable,Not applicable,Not applicable,89963
2024,4,Mississippi,October Employment,1168371,1170754,Not applicable,Not applicable,Not applicable,1170754
2024,4,Mississippi,November Employment,1175114,1177639,Not applicable,Not applicable,Not applicable,1177639
2024,4,Mississippi,December Employment,1174263,1177014,Not applicable,Not applicable,Not applicable,1177014
2024,4,Mississippi,Total Quarterly Wages,15588357371,15621244679,Not applicable,Not applicable,Not applicable,15621244679
2024,4,Missouri,Quarterly Establishments,251465,247983,Not applicable,Not applicable,Not applicable,247983
2024,4,Missouri,October Employment,2930904,2931474,Not applicable,Not applicable,Not applicable,2931474
2024,4,Missouri,November Employment,2930326,2930866,Not applicable,Not applicable,Not applicable,2930866
2024,4,Missouri,December Employment,2922182,2923022,Not applicable,Not applicable,Not applicable,2923022
2024,4,Missouri,Total Quarterly Wages,48257692590,48266808430,Not applicable,Not applicable,Not applicable,48266808430
2024,4,Montana,Quarterly Establishments,65778,65795,Not applicable,Not applicable,Not applicable,65795
2024,4,Montana,October Employment,517904,517812,Not applicable,Not applicable,Not applicable,517812
2024,4,Montana,November Employment,511962,512032,Not applicable,Not applicable,Not applicable,512032
2024,4,Montana,December Employment,512841,512707,Not applicable,Not applicable,Not applicable,512707
2024,4,Montana,Total Quarterly Wages,8384854263,8384347061,Not applicable,Not applicable,Not applicable,8384347061
2024,4,Nebraska,Quarterly Establishments,77970,77493,Not applicable,Not applicable,Not applicable,77493
2024,4,Nebraska,October Employment,1028014,1029350,Not applicable,Not applicable,Not applicable,1029350
2024,4,Nebraska,November Employment,1028837,1030317,Not applicable,Not applicable,Not applicable,1030317
2024,4,Nebraska,December Employment,1024782,1026531,Not applicable,Not applicable,Not applicable,1026531
2024,4,Nebraska,Total Quarterly Wages,16382750032,16397940379,Not applicable,Not applicable,Not applicable,16397940379
2024,4,Nevada,Quarterly Establishments,108097,106922,Not applicable,Not applicable,Not applicable,106922
2024,4,Nevada,October Employment,1564722,1568642,Not applicable,Not applicable,Not applicable,1568642
2024,4,Nevada,November Employment,1567348,1570483,Not applicable,Not applicable,Not applicable,1570483
2024,4,Nevada,December Employment,1561517,1565579,Not applicable,Not applicable,Not applicable,1565579
2024,4,Nevada,Total Quarterly Wages,27457144881,27571273947,Not applicable,Not applicable,Not applicable,27571273947
2024,4,New Hampshire,Quarterly Establishments,68705,68312,Not applicable,Not applicable,Not applicable,68312
2024,4,New Hampshire,October Employment,689702,690107,Not applicable,Not applicable,Not applicable,690107
2024,4,New Hampshire,November Employment,688928,689483,Not applicable,Not applicable,Not applicable,689483
2024,4,New Hampshire,December Employment,692353,693165,Not applicable,Not applicable,Not applicable,693165
2024,4,New Hampshire,Total Quarterly Wages,14154882945,14165641113,Not applicable,Not applicable,Not applicable,14165641113
2024,4,New Jersey,Quarterly Establishments,339109,335272,Not applicable,Not applicable,Not applicable,335272
2024,4,New Jersey,October Employment,4295905,4300105,Not applicable,Not applicable,Not applicable,4300105
2024,4,New Jersey,November Employment,4319205,4323157,Not applicable,Not applicable,Not applicable,4323157
2024,4,New Jersey,December Employment,4332179,4334181,Not applicable,Not applicable,Not applicable,4334181
2024,4,New Jersey,Total Quarterly Wages,91385286663,91419672319,Not applicable,Not applicable,Not applicable,91419672319
2024,4,New Mexico,Quarterly Establishments,68885,69602,Not applicable,Not applicable,Not applicable,69602
2024,4,New Mexico,October Employment,874367,877225,Not applicable,Not applicable,Not applicable,877225
2024,4,New Mexico,November Employment,875734,878669,Not applicable,Not applicable,Not applicable,878669
2024,4,New Mexico,December Employment,873779,877740,Not applicable,Not applicable,Not applicable,877740
2024,4,New Mexico,Total Quarterly Wages,13910661552,13978840397,Not applicable,Not applicable,Not applicable,13978840397
2024,4,New York,Quarterly Establishments,711536,710899,Not applicable,Not applicable,Not applicable,710899
2024,4,New York,October Employment,9742588,9831056,Not applicable,Not applicable,Not applicable,9831056
2024,4,New York,November Employment,9777738,9866190,Not applicable,Not applicable,Not applicable,9866190
2024,4,New York,December Employment,9777307,9866752,Not applicable,Not applicable,Not applicable,9866752
2024,4,New York,Total Quarterly Wages,238831379284,240104299194,Not applicable,Not applicable,Not applicable,240104299194
2024,4,North Carolina,Quarterly Establishments,383969,381419,Not applicable,Not applicable,Not applicable,381419
2024,4,North Carolina,October Employment,4923221,4929164,Not applicable,Not applicable,Not applicable,4929164
2024,4,North Carolina,November Employment,4952714,4958215,Not applicable,Not applicable,Not applicable,4958215
2024,4,North Carolina,December Employment,4941916,4947776,Not applicable,Not applicable,Not applicable,4947776
2024,4,North Carolina,Total Quarterly Wages,87214919288,87301567389,Not applicable,Not applicable,Not applicable,87301567389
2024,4,North Dakota,Quarterly Establishments,36902,36901,Not applicable,Not applicable,Not applicable,36901
2024,4,North Dakota,October Employment,437072,437072,Not applicable,Not applicable,Not applicable,437072
2024,4,North Dakota,November Employment,434340,434340,Not applicable,Not applicable,Not applicable,434340
2024,4,North Dakota,December Employment,431087,431087,Not applicable,Not applicable,Not applicable,431087
2024,4,North Dakota,Total Quarterly Wages,7419895015,7419895015,Not applicable,Not applicable,Not applicable,7419895015
2024,4,Ohio,Quarterly Establishments,346291,347390,Not applicable,Not applicable,Not applicable,347390
2024,4,Ohio,October Employment,5563423,5566134,Not applicable,Not applicable,Not applicable,5566134
2024,4,Ohio,November Employment,5573495,5576616,Not applicable,Not applicable,Not applicable,5576616
2024,4,Ohio,December Employment,5551731,5555363,Not applicable,Not applicable,Not applicable,5555363
2024,4,Ohio,Total Quarterly Wages,94338257626,94388348646,Not applicable,Not applicable,Not applicable,94388348646
2024,4,Oklahoma,Quarterly Establishments,129738,129559,Not applicable,Not applicable,Not applicable,129559
2024,4,Oklahoma,October Employment,1709188,1710372,Not applicable,Not applicable,Not applicable,1710372
2024,4,Oklahoma,November Employment,1716402,1716882,Not applicable,Not applicable,Not applicable,1716882
2024,4,Oklahoma,December Employment,1713201,1714846,Not applicable,Not applicable,Not applicable,1714846
2024,4,Oklahoma,Total Quarterly Wages,26015951707,26041651549,Not applicable,Not applicable,Not applicable,26041651549
2024,4,Oregon,Quarterly Establishments,190925,188004,Not applicable,Not applicable,Not applicable,188004
2024,4,Oregon,October Employment,2012000,2014477,Not applicable,Not applicable,Not applicable,2014477
2024,4,Oregon,November Employment,1994673,1997264,Not applicable,Not applicable,Not applicable,1997264
2024,4,Oregon,December Employment,1989581,1995449,Not applicable,Not applicable,Not applicable,1995449
2024,4,Oregon,Total Quarterly Wages,36990197375,37032361482,Not applicable,Not applicable,Not applicable,37032361482
2024,4,Pennsylvania,Quarterly Establishments,395062,388714,Not applicable,Not applicable,Not applicable,388714
2024,4,Pennsylvania,October Employment,6071493,6071763,Not applicable,Not applicable,Not applicable,6071763
2024,4,Pennsylvania,November Employment,6079614,6080526,Not applicable,Not applicable,Not applicable,6080526
2024,4,Pennsylvania,December Employment,6076532,6080814,Not applicable,Not applicable,Not applicable,6080814
2024,4,Pennsylvania,Total Quarterly Wages,111717463097,111744822399,Not applicable,Not applicable,Not applicable,111744822399
2024,4,Rhode Island,Quarterly Establishments,48866,48986,Not applicable,Not applicable,Not applicable,48986
2024,4,Rhode Island,October Employment,501240,501271,Not applicable,Not applicable,Not applicable,501271
2024,4,Rhode Island,November Employment,501913,502055,Not applicable,Not applicable,Not applicable,502055
2024,4,Rhode Island,December Employment,500825,501039,Not applicable,Not applicable,Not applicable,501039
2024,4,Rhode Island,Total Quarterly Wages,8782226976,8786607245,Not applicable,Not applicable,Not applicable,8786607245
2024,4,South Carolina,Quarterly Establishments,195348,195470,Not applicable,Not applicable,Not applicable,195470
2024,4,South Carolina,October Employment,2298795,2298166,Not applicable,Not applicable,Not applicable,2298166
2024,4,South Carolina,November Employment,2311563,2310986,Not applicable,Not applicable,Not applicable,2310986
2024,4,South Carolina,December Employment,2310061,2309930,Not applicable,Not applicable,Not applicable,2309930
2024,4,South Carolina,Total Quarterly Wages,36676041849,36677516596,Not applicable,Not applicable,Not applicable,36677516596
2024,4,South Dakota,Quarterly Establishments,40647,40667,Not applicable,Not applicable,Not applicable,40667
2024,4,South Dakota,October Employment,462007,462019,Not applicable,Not applicable,Not applicable,462019
2024,4,South Dakota,November Employment,461498,461532,Not applicable,Not applicable,Not applicable,461532
2024,4,South Dakota,December Employment,459697,459738,Not applicable,Not applicable,Not applicable,459738
2024,4,South Dakota,Total Quarterly Wages,7079907503,7080048247,Not applicable,Not applicable,Not applicable,7080048247
2024,4,Tennessee,Quarterly Establishments,232155,223302,Not applicable,Not applicable,Not applicable,223302
2024,4,Tennessee,October Employment,3293722,3277667,Not applicable,Not applicable,Not applicable,3277667
2024,4,Tennessee,November Employment,3318762,3298138,Not applicable,Not applicable,Not applicable,3298138
2024,4,Tennessee,December Employment,3320317,3291776,Not applicable,Not applicable,Not applicable,3291776
2024,4,Tennessee,Total Quarterly Wages,59069893993,58657385967,Not applicable,Not applicable,Not applicable,58657385967
2024,4,Texas,Quarterly Establishments,845999,849034,Not applicable,Not applicable,Not applicable,849034
2024,4,Texas,October Employment,14065157,14079665,Not applicable,Not applicable,Not applicable,14079665
2024,4,Texas,November Employment,14139991,14155082,Not applicable,Not applicable,Not applicable,14155082
2024,4,Texas,December Employment,14129720,14147423,Not applicable,Not applicable,Not applicable,14147423
2024,4,Texas,Total Quarterly Wages,272949711109,273116392699,Not applicable,Not applicable,Not applicable,273116392699
2024,4,Utah,Quarterly Establishments,142592,143042,Not applicable,Not applicable,Not applicable,143042
2024,4,Utah,October Employment,1735845,1735862,Not applicable,Not applicable,Not applicable,1735862
2024,4,Utah,November Employment,1739025,1739263,Not applicable,Not applicable,Not applicable,1739263
2024,4,Utah,December Employment,1735762,1736969,Not applicable,Not applicable,Not applicable,1736969
2024,4,Utah,Total Quarterly Wages,30093976624,30132741100,Not applicable,Not applicable,Not applicable,30132741100
2024,4,Vermont,Quarterly Establishments,33659,33173,Not applicable,Not applicable,Not applicable,33173
2024,4,Vermont,October Employment,310288,311080,Not applicable,Not applicable,Not applicable,311080
2024,4,Vermont,November Employment,308911,309718,Not applicable,Not applicable,Not applicable,309718
2024,4,Vermont,December Employment,311178,312004,Not applicable,Not applicable,Not applicable,312004
2024,4,Vermont,Total Quarterly Wages,5284070178,5292250317,Not applicable,Not applicable,Not applicable,5292250317
2024,4,Virginia,Quarterly Establishments,320884,317293,Not applicable,Not applicable,Not applicable,317293
2024,4,Virginia,October Employment,4134384,4134617,Not applicable,Not applicable,Not applicable,4134617
2024,4,Virginia,November Employment,4150818,4150389,Not applicable,Not applicable,Not applicable,4150389
2024,4,Virginia,December Employment,4142634,4144979,Not applicable,Not applicable,Not applicable,4144979
2024,4,Virginia,Total Quarterly Wages,83231561003,83244876142,Not applicable,Not applicable,Not applicable,83244876142
2024,4,Washington,Quarterly Establishments,241524,242466,Not applicable,Not applicable,Not applicable,242466
2024,4,Washington,October Employment,3605108,3591976,Not applicable,Not applicable,Not applicable,3591976
2024,4,Washington,November Employment,3613403,3600755,Not applicable,Not applicable,Not applicable,3600755
2024,4,Washington,December Employment,3612015,3599455,Not applicable,Not applicable,Not applicable,3599455
2024,4,Washington,Total Quarterly Wages,89042894803,88964746438,Not applicable,Not applicable,Not applicable,88964746438
2024,4,West Virginia,Quarterly Establishments,62679,62619,Not applicable,Not applicable,Not applicable,62619
2024,4,West Virginia,October Employment,700526,701787,Not applicable,Not applicable,Not applicable,701787
2024,4,West Virginia,November Employment,703577,704944,Not applicable,Not applicable,Not applicable,704944
2024,4,West Virginia,December Employment,701376,702142,Not applicable,Not applicable,Not applicable,702142
2024,4,West Virginia,Total Quarterly Wages,10572067306,10616638060,Not applicable,Not applicable,Not applicable,10616638060
2024,4,Wisconsin,Quarterly Establishments,212179,207963,Not applicable,Not applicable,Not applicable,207963
2024,4,Wisconsin,October Employment,2962735,2964657,Not applicable,Not applicable,Not applicable,2964657
2024,4,Wisconsin,November Employment,2966513,2967537,Not applicable,Not applicable,Not applicable,2967537
2024,4,Wisconsin,December Employment,2950823,2950320,Not applicable,Not applicable,Not applicable,2950320
2024,4,Wisconsin,Total Quarterly Wages,49167154064,49201235959,Not applicable,Not applicable,Not applicable,49201235959
2024,4,Wyoming,Quarterly Establishments,31080,30884,Not applicable,Not applicable,Not applicable,30884
2024,4,Wyoming,October Employment,283641,284829,Not applicable,Not applicable,Not applicable,284829
2024,4,Wyoming,November Employment,278628,279761,Not applicable,Not applicable,Not applicable,279761
2024,4,Wyoming,December Employment,279374,280543,Not applicable,Not applicable,Not applicable,280543
2024,4,Wyoming,Total Quarterly Wages,4886134853,4549170267,Not applicable,Not applicable,Not applicable,4549170267
2024,4,Puerto Rico,Quarterly Establishments,51588,51693,Not applicable,Not applicable,Not applicable,51693
2024,4,Puerto Rico,October Employment,951429,952143,Not applicable,Not applicable,Not applicable,952143
2024,4,Puerto Rico,November Employment,959830,960586,Not applicable,Not applicable,Not applicable,960586
2024,4,Puerto Rico,December Employment,975378,976437,Not applicable,Not applicable,Not applicable,976437
2024,4,Puerto Rico,Total Quarterly Wages,8980879927,8957636641,Not applicable,Not applicable,Not applicable,8957636641
2024,4,Virgin Islands,Quarterly Establishments,2992,2999,Not applicable,Not applicable,Not applicable,2999
2024,4,Virgin Islands,October Employment,32820,33845,Not applicable,Not applicable,Not applicable,33845
2024,4,Virgin Islands,November Employment,33116,34362,Not applicable,Not applicable,Not applicable,34362
2024,4,Virgin Islands,December Employment,33139,34562,Not applicable,Not applicable,Not applicable,34562
2024,4,Virgin Islands,Total Quarterly Wages,448947510,463245042,Not applicable,Not applicable,Not applicable,463245042
2025,1,United States,Quarterly Establishments,12249320,12141467,12120537,12077952,11963690,11963690
2025,1,United States,January Employment,153598787,153598123,153596066,153611686,153630223,153630223
2025,1,United States,February Employment,154161705,154184157,154189435,154203680,154221484,154221484
2025,1,United States,March Employment,154523785,154627844,154638993,154670764,154686369,154686369
2025,1,United States,Total Quarterly Wages,3182535733402,3189734476930,3190125600803,3190796368800,3191034562757,3191034562757
2025,1,Alabama,Quarterly Establishments,163253,163002,163064,162912,162589,162589
2025,1,Alabama,January Employment,2091231,2092821,2093203,2093274,2092103,2092103
2025,1,Alabama,February Employment,2105945,2107783,2108215,2108248,2107335,2107335
2025,1,Alabama,March Employment,2102283,2106174,2106606,2106721,2106401,2106401
2025,1,Alabama,Total Quarterly Wages,33977626915,34146342456,34059449190,34061368377,34062582638,34062582638
2025,1,Alaska,Quarterly Establishments,25261,25187,24928,24940,24807,24807
2025,1,Alaska,January Employment,317195,317059,317461,317530,317533,317533
2025,1,Alaska,February Employment,321644,321542,322011,321915,321949,321949
2025,1,Alaska,March Employment,323521,323579,324111,324129,324177,324177
2025,1,Alaska,Total Quarterly Wages,6055042109,6046593407,6048280129,6051470705,6053797406,6053797406
2025,1,Arizona,Quarterly Establishments,226072,225616,225676,224633,223905,223905
2025,1,Arizona,January Employment,3242454,3246609,3248432,3249072,3251003,3251003
2025,1,Arizona,February Employment,3258588,3262202,3264352,3264417,3266330,3266330
2025,1,Arizona,March Employment,3259267,3263200,3265809,3265941,3267416,3267416
2025,1,Arizona,Total Quarterly Wages,60515856622,60598903275,60606660634,60659089689,60694185767,60694185767
2025,1,Arkansas,Quarterly Establishments,107647,106967,106967,106967,106965,106965
2025,1,Arkansas,January Employment,1291341,1291643,1291647,1292314,1292282,1292282
2025,1,Arkansas,February Employment,1298709,1299097,1299105,1299910,1299875,1299875
2025,1,Arkansas,March Employment,1304447,1305062,1305065,1305984,1305969,1305969
2025,1,Arkansas,Total Quarterly Wages,20864032167,20851724178,20851593205,20851619585,20851457675,20851457675
2025,1,California,Quarterly Establishments,1945402,1917799,1918141,1896583,1823805,1823805
2025,1,California,January Employment,18004848,17956729,17947127,17954371,17950378,17950378
2025,1,California,February Employment,18083780,18042164,18039194,18046061,18041036,18041036
2025,1,California,March Employment,18066207,18042518,18039178,18049558,18044895,18044895
2025,1,California,Total Quarterly Wages,447163638634,452235477587,452574812549,452684519428,452565499686,452565499686
2025,1,Colorado,Quarterly Establishments,242446,241865,241813,241797,241784,241784
2025,1,Colorado,January Employment,2869437,2870648,2870387,2870682,2870998,2870998
2025,1,Colorado,February Employment,2864086,2865460,2865225,2865551,2865788,2865788
2025,1,Colorado,March Employment,2862747,2868777,2868506,2868914,2869186,2869186
2025,1,Colorado,Total Quarterly Wages,62633118187,62750859532,62747468529,62756167407,62760224180,62760224180
2025,1,Connecticut,Quarterly Establishments,148458,148395,148365,148369,148372,148372
2025,1,Connecticut,January Employment,1666548,1669354,1669535,1669603,1669715,1669715
2025,1,Connecticut,February Employment,1663284,1665529,1665799,1665879,1665922,1665922
2025,1,Connecticut,March Employment,1671651,1674149,1674496,1674685,1674751,1674751
2025,1,Connecticut,Total Quarterly Wages,42902582866,42910025434,42917569457,42917590649,42917922916,42917922916
2025,1,Delaware,Quarterly Establishments,45386,46249,46839,47106,47374,47374
2025,1,Delaware,January Employment,469677,470686,470613,470426,470619,470619
2025,1,Delaware,February Employment,471308,472029,472022,471810,471874,471874
2025,1,Delaware,March Employment,474267,474924,474884,474745,474808,474808
2025,1,Delaware,Total Quarterly Wages,9410720900,9407668551,9441636238,9432324587,9569085948,9569085948
2025,1,District of Columbia,Quarterly Establishments,51468,51527,51270,51270,51270,51270
2025,1,District of Columbia,January Employment,747643,748172,748083,748062,748061,748061
2025,1,District of Columbia,February Employment,748632,749307,749215,749191,749191,749191
2025,1,District of Columbia,March Employment,748931,749829,749761,749747,749747,749747
2025,1,District of Columbia,Total Quarterly Wages,25349586155,25275916125,25276115126,25394136078,25394136077,25394136077
2025,1,Florida,Quarterly Establishments,886539,864436,864313,864292,864240,864240
2025,1,Florida,January Employment,9893232,9892440,9885425,9888004,9893779,9893779
2025,1,Florida,February Employment,9951177,9952133,9944458,9947211,9953226,9953226
2025,1,Florida,March Employment,9958446,9961562,9956700,9959362,9965292,9965292
2025,1,Florida,Total Quarterly Wages,187994591760,188088603782,187965429478,187995359856,188031329467,188031329467
2025,1,Georgia,Quarterly Establishments,394849,394009,391966,391444,391249,391249
2025,1,Georgia,January Employment,4830063,4830835,4830819,4831034,4830193,4830193
2025,1,Georgia,February Employment,4860576,4861585,4861630,4861959,4861203,4861203
2025,1,Georgia,March Employment,4860651,4864720,4864826,4865224,4864543,4864543
2025,1,Georgia,Total Quarterly Wages,93997225699,93991126978,94006128432,94011559862,94003984768,94003984768
2025,1,Hawaii,Quarterly Establishments,60329,60391,60385,60388,60396,60396
2025,1,Hawaii,January Employment,641228,641807,641916,641980,642024,642024
2025,1,Hawaii,February Employment,644594,645224,645312,645378,645419,645419
2025,1,Hawaii,March Employment,644767,645703,645794,645850,645921,645921
2025,1,Hawaii,Total Quarterly Wages,11400548355,11420258781,11421813676,11425101755,11426232843,11426232843
2025,1,Idaho,Quarterly Establishments,102672,103741,104337,104612,105129,105129
2025,1,Idaho,January Employment,845006,845806,846259,846413,847778,847778
2025,1,Idaho,February Employment,846381,847284,847803,847908,849286,849286
2025,1,Idaho,March Employment,848221,849418,850138,850300,851853,851853
2025,1,Idaho,Total Quarterly Wages,12965386464,12984008218,12989098493,12991805401,13043229898,13043229898
2025,1,Illinois,Quarterly Establishments,407117,380097,376684,373180,372727,372727
2025,1,Illinois,January Employment,5949299,5948607,5950406,5952574,5952872,5952872
2025,1,Illinois,February Employment,5956856,5957258,5959020,5960713,5960965,5960965
2025,1,Illinois,March Employment,5988920,5989605,5988594,5990561,5991631,5991631
2025,1,Illinois,Total Quarterly Wages,128873293720,128921407087,128957399153,129013618768,129052808937,129052808937
2025,1,Indiana,Quarterly Establishments,194777,196835,196839,196844,196843,196843
2025,1,Indiana,January Employment,3133089,3136252,3136140,3134636,3134646,3134646
2025,1,Indiana,February Employment,3151939,3155137,3155024,3153643,3153610,3153610
2025,1,Indiana,March Employment,3161448,3164567,3164464,3163043,3163008,3163008
2025,1,Indiana,Total Quarterly Wages,54150299096,54162273200,54159561627,54079691912,54079481622,54079481622
2025,1,Iowa,Quarterly Establishments,111318,111669,111669,111670,111668,111668
2025,1,Iowa,January Employment,1534431,1535734,1535734,1535734,1535712,1535712
2025,1,Iowa,February Employment,1533135,1534658,1534658,1534658,1534638,1534638
2025,1,Iowa,March Employment,1537664,1539807,1539807,1539807,1539781,1539781
2025,1,Iowa,Total Quarterly Wages,25003076593,25015754920,25016267804,25016267804,25016016823,25016016823
2025,1,Kansas,Quarterly Establishments,104323,99108,98139,96927,96926,96926
2025,1,Kansas,January Employment,1413161,1410553,1410530,1410342,1410342,1410342
2025,1,Kansas,February Employment,1421797,1419276,1419307,1419080,1419080,1419080
2025,1,Kansas,March Employment,1427993,1425824,1425779,1425511,1425511,1425511
2025,1,Kansas,Total Quarterly Wages,23019054823,22987236254,22984921037,22999633433,22999633432,22999633432
2025,1,Kentucky,Quarterly Establishments,159643,160219,160534,160758,160760,160760
2025,1,Kentucky,January Employment,1960034,1958629,1958489,1959305,1959678,1959678
2025,1,Kentucky,February Employment,1975436,1973686,1973650,1974655,1975071,1975071
2025,1,Kentucky,March Employment,1986260,1986053,1986016,1987056,1987409,1987409
2025,1,Kentucky,Total Quarterly Wages,31128299172,31118864417,31112364163,31117283345,31117298176,31117298176
2025,1,Louisiana,Quarterly Establishments,157022,156981,156728,156366,155953,155953
2025,1,Louisiana,January Employment,1913440,1917277,1917642,1918113,1918658,1918658
2025,1,Louisiana,February Employment,1931135,1934704,1935058,1935491,1935544,1935544
2025,1,Louisiana,March Employment,1921168,1926155,1926933,1927323,1926789,1926789
2025,1,Louisiana,Total Quarterly Wages,30655416115,30675838636,30682871301,30687184656,30693145733,30693145733
2025,1,Maine,Quarterly Establishments,66566,66312,66107,65922,65812,65812
2025,1,Maine,January Employment,631383,632750,633225,633431,633591,633591
2025,1,Maine,February Employment,628194,629564,629140,630309,630523,630523
2025,1,Maine,March Employment,629640,631028,630611,631866,632176,632176
2025,1,Maine,Total Quarterly Wages,10506654087,10540726406,10526262721,10528865077,10532976963,10532976963
2025,1,Maryland,Quarterly Establishments,197740,196593,197866,198031,198037,198037
2025,1,Maryland,January Employment,2724110,2726894,2728732,2729769,2729666,2729666
2025,1,Maryland,February Employment,2730924,2733356,2735349,2736186,2736077,2736077
2025,1,Maryland,March Employment,2739032,2743054,2745592,2748558,2747673,2747673
2025,1,Maryland,Total Quarterly Wages,58027172873,58051742910,58081754904,58104427366,58102579600,58102579600
2025,1,Massachusetts,Quarterly Establishments,289776,289289,289467,289441,289406,289406
2025,1,Massachusetts,January Employment,3564033,3569413,3571074,3571965,3571555,3571555
2025,1,Massachusetts,February Employment,3564078,3570510,3572000,3572932,3572512,3572512
2025,1,Massachusetts,March Employment,3575785,3583376,3585071,3585962,3585572,3585572
2025,1,Massachusetts,Total Quarterly Wages,97728976740,97656617975,97671837760,97801545665,97663389588,97663389588
2025,1,Michigan,Quarterly Establishments,307306,310151,310297,310618,310506,310506
2025,1,Michigan,January Employment,4310686,4314530,4313189,4313901,4314551,4314551
2025,1,Michigan,February Employment,4327392,4331381,4330040,4330802,4331460,4331460
2025,1,Michigan,March Employment,4337265,4344063,4343194,4344059,4344702,4344702
2025,1,Michigan,Total Quarterly Wages,78196088417,78266502780,78266286291,78276439404,78284695374,78284695374
2025,1,Minnesota,Quarterly Establishments,211828,211463,211581,211599,210646,210646
2025,1,Minnesota,January Employment,2881788,2883983,2884978,2885875,2886406,2886406
2025,1,Minnesota,February Employment,2879469,2882192,2883567,2884541,2885164,2885164
2025,1,Minnesota,March Employment,2878614,2882263,2883996,2885196,2885953,2885953
2025,1,Minnesota,Total Quarterly Wages,58785215145,58831908176,58861016561,58891671608,58895767893,58895767893
2025,1,Mississippi,Quarterly Establishments,91257,90377,89634,89622,89622,89622
2025,1,Mississippi,January Employment,1156496,1158442,1159248,1159447,1159599,1159599
2025,1,Mississippi,February Employment,1164367,1166270,1167120,1167098,1167245,1167245
2025,1,Mississippi,March Employment,1160397,1163356,1164176,1164725,1164875,1164875
2025,1,Mississippi,Total Quarterly Wages,15359752774,15366835793,15374242487,15382422630,15384129523,15384129523
2025,1,Missouri,Quarterly Establishments,252427,249707,249604,249606,249591,249591
2025,1,Missouri,January Employment,2844106,2845563,2844910,2844974,2844974,2844974
2025,1,Missouri,February Employment,2866127,2867744,2867114,2867164,2867164,2867164
2025,1,Missouri,March Employment,2886921,2888821,2888092,2888238,2888238,2888238
2025,1,Missouri,Total Quarterly Wages,48789306956,48833630421,48808832271,48810807508,48810807508,48810807508
2025,1,Montana,Quarterly Establishments,67141,61997,62067,60578,60464,60464
2025,1,Montana,January Employment,503644,501416,501345,501335,501432,501432
2025,1,Montana,February Employment,502795,500664,500606,500598,500716,500716
2025,1,Montana,March Employment,505808,503678,503626,503618,503731,503731
2025,1,Montana,Total Quarterly Wages,7792782258,7755125455,7754066650,7753984466,7754389985,7754389985
2025,1,Nebraska,Quarterly Establishments,78602,77217,77212,77212,77213,77213
2025,1,Nebraska,January Employment,1004864,1005069,1005066,1005066,1005066,1005066
2025,1,Nebraska,February Employment,1003955,1004243,1004240,1004240,1004240,1004240
2025,1,Nebraska,March Employment,1008350,1008855,1008852,1008852,1008852,1008852
2025,1,Nebraska,Total Quarterly Wages,16088387852,16076721794,16077158025,16077158025,16077158578,16077158578
2025,1,Nevada,Quarterly Establishments,106141,106506,106226,105333,105541,105541
2025,1,Nevada,January Employment,1536049,1537548,1538036,1537873,1538085,1538085
2025,1,Nevada,February Employment,1535760,1537776,1538658,1538524,1538799,1538799
2025,1,Nevada,March Employment,1541167,1543987,1545025,1544940,1545242,1545242
2025,1,Nevada,Total Quarterly Wages,27170398292,27273516525,27287451518,27288302455,27293590096,27293590096
2025,1,New Hampshire,Quarterly Establishments,66289,66159,65616,65546,65573,65573
2025,1,New Hampshire,January Employment,682049,682491,682647,682802,682779,682779
2025,1,New Hampshire,February Employment,679022,679558,679839,680041,680031,680031
2025,1,New Hampshire,March Employment,680965,681856,682329,682905,682931,682931
2025,1,New Hampshire,Total Quarterly Wages,14211001338,14227022212,14238423718,14249294708,14249452433,14249452433
2025,1,New Jersey,Quarterly Establishments,338911,334540,328148,325477,322832,322832
2025,1,New Jersey,January Employment,4224795,4215853,4215777,4216041,4216019,4216019
2025,1,New Jersey,February Employment,4233768,4223846,4223777,4224068,4224014,4224014
2025,1,New Jersey,March Employment,4258969,4248356,4248822,4249243,4249142,4249142
2025,1,New Jersey,Total Quarterly Wages,100003179805,99981680032,100003564910,100022497477,100014985714,100014985714
2025,1,New Mexico,Quarterly Establishments,66751,67465,67466,67469,67470,67470
2025,1,New Mexico,January Employment,865219,867203,867307,867372,867428,867428
2025,1,New Mexico,February Employment,868626,870766,870902,870973,871107,871107
2025,1,New Mexico,March Employment,868201,870549,870678,870763,870881,870881
2025,1,New Mexico,Total Quarterly Wages,13561157604,13590194121,13592116373,13590810348,13592735858,13592735858
2025,1,New York,Quarterly Establishments,716059,716053,714044,710894,706271,706271
2025,1,New York,January Employment,9671506,9666689,9664266,9662735,9659731,9659731
2025,1,New York,February Employment,9709364,9712899,9712415,9708719,9705705,9705705
2025,1,New York,March Employment,9756976,9772652,9771276,9770393,9768024,9768024
2025,1,New York,Total Quarterly Wages,279427843325,280116363178,280293706067,280214925936,280147284666,280147284666
2025,1,North Carolina,Quarterly Establishments,373219,373027,373042,373050,349341,349341
2025,1,North Carolina,January Employment,4861968,4866067,4866372,4868227,4867855,4867855
2025,1,North Carolina,February Employment,4885194,4889976,4890386,4892182,4891929,4891929
2025,1,North Carolina,March Employment,4888451,4899798,4900865,4902594,4902395,4902395
2025,1,North Carolina,Total Quarterly Wages,93063508968,93083837818,93080958477,93180952683,93178213797,93178213797
2025,1,North Dakota,Quarterly Establishments,36390,35956,35956,35957,35957,35957
2025,1,North Dakota,January Employment,420717,420682,420682,420682,420682,420682
2025,1,North Dakota,February Employment,420449,420489,420489,420489,420489,420489
2025,1,North Dakota,March Employment,422813,422923,422923,422923,422923,422923
2025,1,North Dakota,Total Quarterly Wages,7129928856,7130280924,7130280924,7130280924,7130280924,7130280924
2025,1,Ohio,Quarterly Establishments,344175,345778,345793,345796,345795,345795
2025,1,Ohio,January Employment,5426605,5429338,5428828,5428962,5428799,5428799
2025,1,Ohio,February Employment,5448344,5450696,5449533,5449684,5449560,5449560
2025,1,Ohio,March Employment,5466805,5468304,5467227,5468256,5468279,5468279
2025,1,Ohio,Total Quarterly Wages,96343462645,96468425096,96469173217,96472355136,96469460015,96469460015
2025,1,Oklahoma,Quarterly Establishments,130892,128959,128955,128956,128956,128956
2025,1,Oklahoma,January Employment,1686483,1686437,1686652,1686652,1686652,1686652
2025,1,Oklahoma,February Employment,1691218,1691991,1691890,1691890,1691890,1691890
2025,1,Oklahoma,March Employment,1700210,1700437,1700372,1700372,1700372,1700372
2025,1,Oklahoma,Total Quarterly Wages,26096916213,26233019468,26232970620,26232970620,26232970620,26232970620
2025,1,Oregon,Quarterly Establishments,186225,183243,181055,179251,177352,177352
2025,1,Oregon,January Employment,1961763,1966545,1968314,1967756,1968935,1968935
2025,1,Oregon,February Employment,1963117,1967719,1969353,1968786,1969858,1969858
2025,1,Oregon,March Employment,1965725,1973432,1976924,1976997,1978671,1978671
2025,1,Oregon,Total Quarterly Wages,36250433080,36269876875,36281952275,36300345731,36315596048,36315596048
2025,1,Pennsylvania,Quarterly Establishments,394531,388342,388342,388342,388342,388342
2025,1,Pennsylvania,January Employment,5961685,5960928,5960928,5960928,5960928,5960928
2025,1,Pennsylvania,February Employment,5959348,5959308,5959308,5959308,5959308,5959308
2025,1,Pennsylvania,March Employment,6003516,6007202,6007202,6007202,6007202,6007202
2025,1,Pennsylvania,Total Quarterly Wages,116491938997,116529905746,116529905746,116529905746,116529905746,116529905746
2025,1,Rhode Island,Quarterly Establishments,48987,49143,49182,49283,49279,49279
2025,1,Rhode Island,January Employment,486265,486764,486820,486800,486800,486800
2025,1,Rhode Island,February Employment,487295,487742,487800,487781,487781,487781
2025,1,Rhode Island,March Employment,489261,489742,489803,489784,489784,489784
2025,1,Rhode Island,Total Quarterly Wages,9059919285,9054594691,9054824783,9054660751,9054660751,9054660751
2025,1,South Carolina,Quarterly Establishments,198693,199013,199132,199140,199183,199183
2025,1,South Carolina,January Employment,2269490,2271861,2271338,2272111,2273496,2273496
2025,1,South Carolina,February Employment,2284978,2287698,2287094,2288325,2289759,2289759
2025,1,South Carolina,March Employment,2304873,2307310,2306900,2308195,2309661,2309661
2025,1,South Carolina,Total Quarterly Wages,37064186437,37101008854,37094205340,37102890969,37116344561,37116344561
2025,1,South Dakota,Quarterly Establishments,40537,40476,40475,40474,40474,40474
2025,1,South Dakota,January Employment,447959,448164,448180,448173,448173,448173
2025,1,South Dakota,February Employment,448046,448347,448369,448362,448362,448362
2025,1,South Dakota,March Employment,450483,450780,450805,450798,450798,450798
2025,1,South Dakota,Total Quarterly Wages,6783380562,6784611795,6784717294,6784648409,6784648409,6784648409
2025,1,Tennessee,Quarterly Establishments,221000,218822,214591,210055,208942,208942
2025,1,Tennessee,January Employment,3233513,3237344,3229832,3229679,3239096,3239096
2025,1,Tennessee,February Employment,3249084,3254012,3246558,3246546,3255966,3255966
2025,1,Tennessee,March Employment,3251525,3258268,3251385,3255876,3261015,3261015
2025,1,Tennessee,Total Quarterly Wages,57529974619,57754492288,57556738038,57543165433,57749932650,57749932650
2025,1,Texas,Quarterly Establishments,847604,850471,850460,850413,850437,850437
2025,1,Texas,January Employment,13924029,13936767,13937975,13938187,13941280,13941280
2025,1,Texas,February Employment,14006206,14020508,14021638,14021878,14024960,14024960
2025,1,Texas,March Employment,14015912,14037604,14038725,14039331,14042502,14042502
2025,1,Texas,Total Quarterly Wages,288503446593,288674956806,288727269383,288734541014,288693818984,288693818984
2025,1,Utah,Quarterly Establishments,138055,138337,138338,138334,138332,138332
2025,1,Utah,January Employment,1709439,1711964,1711890,1711549,1711521,1711521
2025,1,Utah,February Employment,1716439,1719188,1718993,1718651,1718608,1718608
2025,1,Utah,March Employment,1720484,1723708,1723517,1723164,1723120,1723120
2025,1,Utah,Total Quarterly Wages,30443268656,30406179001,30402958114,30397786338,30397525236,30397525236
2025,1,Vermont,Quarterly Establishments,33474,33417,32728,32545,32170,32170
2025,1,Vermont,January Employment,306527,307698,307723,307244,307142,307142
2025,1,Vermont,February Employment,307048,307921,307943,307535,307451,307451
2025,1,Vermont,March Employment,306763,307724,307798,307391,307251,307251
2025,1,Vermont,Total Quarterly Wages,5105377367,5122690295,5122641525,5115164278,5129170765,5129170765
2025,1,Virginia,Quarterly Establishments,321899,317948,317998,318014,318017,318017
2025,1,Virginia,January Employment,4078640,4084237,4095731,4093766,4093844,4093844
2025,1,Virginia,February Employment,4091041,4097107,4108840,4107295,4107375,4107375
2025,1,Virginia,March Employment,4108826,4114812,4127093,4125530,4125616,4125616
2025,1,Virginia,Total Quarterly Wages,85419861214,85482570034,85499763104,85535199986,85536855937,85536855937
2025,1,Washington,Quarterly Establishments,240944,241271,241628,241745,241765,241765
2025,1,Washington,January Employment,3560361,3542154,3543359,3543124,3542970,3542970
2025,1,Washington,February Employment,3562708,3544337,3544719,3544415,3544283,3544283
2025,1,Washington,March Employment,3583653,3565879,3565711,3565303,3565158,3565158
2025,1,Washington,Total Quarterly Wages,89791910099,89706758477,89724821603,89743636151,89763845115,89763845115
2025,1,West Virginia,Quarterly Establishments,61943,61959,62106,62136,62116,62116
2025,1,West Virginia,January Employment,681412,683343,683053,681840,682511,682511
2025,1,West Virginia,February Employment,689945,691224,691267,689824,690528,690528
2025,1,West Virginia,March Employment,694553,696537,696729,695423,696168,696168
2025,1,West Virginia,Total Quarterly Wages,10283507810,10295335167,10291391846,10293995666,10305039551,10305039551
2025,1,Wisconsin,Quarterly Establishments,208940,206350,205927,205781,201432,201432
2025,1,Wisconsin,January Employment,2893971,2894173,2894495,2895402,2895705,2895705
2025,1,Wisconsin,February Employment,2894432,2894744,2895055,2896194,2896585,2896585
2025,1,Wisconsin,March Employment,2898406,2900804,2901107,2902402,2902894,2902894
2025,1,Wisconsin,Total Quarterly Wages,49135435993,49138020811,49141678447,49157159177,49162293185,49162293185
2025,1,Wyoming,Quarterly Establishments,31036,31033,30837,30274,30054,30054
2025,1,Wyoming,January Employment,273875,274152,274246,274549,274578,274578
2025,1,Wyoming,February Employment,273970,274323,274375,274662,274693,274693
2025,1,Wyoming,March Employment,274577,275060,275100,275444,275480,275480
2025,1,Wyoming,Total Quarterly Wages,4331962190,4340442188,4343189590,4347763818,4348002692,4348002692
2025,1,Puerto Rico,Quarterly Establishments,51964,52211,52426,52536,52617,52617
2025,1,Puerto Rico,January Employment,934161,940203,940276,940290,940218,940218
2025,1,Puerto Rico,February Employment,933891,940139,940235,940210,940164,940164
2025,1,Puerto Rico,March Employment,946075,952202,952255,952222,952165,952165
2025,1,Puerto Rico,Total Quarterly Wages,8529230152,8584547992,8578632680,8593219070,8592247018,8592247018
2025,1,Virgin Islands,Quarterly Establishments,2946,2966,2970,2980,2992,2992
2025,1,Virgin Islands,January Employment,33408,33484,33539,33922,33905,33905
2025,1,Virgin Islands,February Employment,33862,34004,34039,34482,34481,34481
2025,1,Virgin Islands,March Employment,33788,33917,33970,34453,34486,34486
2025,1,Virgin Islands,Total Quarterly Wages,452965830,454158911,455385966,462061538,462780373,462780373
2025,2,United States,Quarterly Establishments,12244089,12221340,12166763,12038828,Not applicable,12038828
2025,2,United States,April Employment,155625158,155679394,155694063,155712343,Not applicable,155712343
2025,2,United States,May Employment,156613600,156692366,156693139,156713225,Not applicable,156713225
2025,2,United States,June Employment,156428758,156555211,156569982,156583988,Not applicable,156583988
2025,2,United States,Total Quarterly Wages,2916174911829,2917180342668,2917378019319,2917717642197,Not applicable,2917717642197
2025,2,Alabama,Quarterly Establishments,164849,164246,163898,163070,Not applicable,163070
2025,2,Alabama,April Employment,2115574,2117388,2119537,2118091,Not applicable,2118091
2025,2,Alabama,May Employment,2123180,2124933,2124978,2123656,Not applicable,2123656
2025,2,Alabama,June Employment,2123869,2126201,2125933,2124763,Not applicable,2124763
2025,2,Alabama,Total Quarterly Wages,33124517960,33064291435,33083834092,33072392688,Not applicable,33072392688
2025,2,Alaska,Quarterly Establishments,25336,25389,25411,25243,Not applicable,25243
2025,2,Alaska,April Employment,327764,328270,328461,328539,Not applicable,328539
2025,2,Alaska,May Employment,339315,340192,340374,340540,Not applicable,340540
2025,2,Alaska,June Employment,348573,350019,350346,350490,Not applicable,350490
2025,2,Alaska,Total Quarterly Wages,6162988742,6168450307,6170967616,6175048752,Not applicable,6175048752
2025,2,Arizona,Quarterly Establishments,226862,227188,226177,225504,Not applicable,225504
2025,2,Arizona,April Employment,3251995,3251686,3252767,3254954,Not applicable,3254954
2025,2,Arizona,May Employment,3235241,3235239,3235658,3237664,Not applicable,3237664
2025,2,Arizona,June Employment,3154208,3156340,3158726,3160760,Not applicable,3160760
2025,2,Arizona,Total Quarterly Wages,57197786882,57224816365,57252373977,57280056615,Not applicable,57280056615
2025,2,Arkansas,Quarterly Establishments,109356,109103,109104,109102,Not applicable,109102
2025,2,Arkansas,April Employment,1311357,1311458,1311197,1311163,Not applicable,1311163
2025,2,Arkansas,May Employment,1313718,1314431,1314225,1314191,Not applicable,1314191
2025,2,Arkansas,June Employment,1311224,1312311,1312306,1312273,Not applicable,1312273
2025,2,Arkansas,Total Quarterly Wages,19064482736,19080113352,19078971540,19078780956,Not applicable,19078780956
2025,2,California,Quarterly Establishments,1935244,1939712,1919568,1846023,Not applicable,1846023
2025,2,California,April Employment,18206694,18207747,18190826,18187551,Not applicable,18187551
2025,2,California,May Employment,18337405,18348263,18324877,18322386,Not applicable,18322386
2025,2,California,June Employment,18254451,18260024,18233232,18230086,Not applicable,18230086
2025,2,California,Total Quarterly Wages,417369081423,417357482272,416818064974,416718086284,Not applicable,416718086284
2025,2,Colorado,Quarterly Establishments,247458,247361,247313,247275,Not applicable,247275
2025,2,Colorado,April Employment,2884414,2884203,2884425,2884582,Not applicable,2884582
2025,2,Colorado,May Employment,2893103,2893329,2893357,2893505,Not applicable,2893505
2025,2,Colorado,June Employment,2897590,2906656,2906927,2907140,Not applicable,2907140
2025,2,Colorado,Total Quarterly Wages,57908577997,57903889376,57898622734,57902177062,Not applicable,57902177062
2025,2,Connecticut,Quarterly Establishments,149132,148968,148967,148964,Not applicable,148964
2025,2,Connecticut,April Employment,1688626,1689075,1689222,1689389,Not applicable,1689389
2025,2,Connecticut,May Employment,1706323,1708178,1708228,1708383,Not applicable,1708383
2025,2,Connecticut,June Employment,1710446,1712806,1712837,1713085,Not applicable,1713085
2025,2,Connecticut,Total Quarterly Wages,35809565694,35837820504,35847982947,35849751426,Not applicable,35849751426
2025,2,Delaware,Quarterly Establishments,45951,46876,47253,47582,Not applicable,47582
2025,2,Delaware,April Employment,480145,480910,480774,480853,Not applicable,480853
2025,2,Delaware,May Employment,485083,485924,485788,485864,Not applicable,485864
2025,2,Delaware,June Employment,488072,488876,489206,489306,Not applicable,489306
2025,2,Delaware,Total Quarterly Wages,8631400303,8649438894,8638485856,8640921995,Not applicable,8640921995
2025,2,District of Columbia,Quarterly Establishments,51469,51421,51419,51419,Not applicable,51419
2025,2,District of Columbia,April Employment,751380,751382,751399,751391,Not applicable,751391
2025,2,District of Columbia,May Employment,749774,749713,749763,749453,Not applicable,749453
2025,2,District of Columbia,June Employment,752902,753779,753898,752577,Not applicable,752577
2025,2,District of Columbia,Total Quarterly Wages,22568608854,22584206141,22644451054,22644344720,Not applicable,22644344720
2025,2,Florida,Quarterly Establishments,881348,875807,864599,864522,Not applicable,864522
2025,2,Florida,April Employment,9980625,9985298,9987587,9993450,Not applicable,9993450
2025,2,Florida,May Employment,9954847,9962008,9964325,9970070,Not applicable,9970070
2025,2,Florida,June Employment,9769284,9777995,9780882,9782457,Not applicable,9782457
2025,2,Florida,Total Quarterly Wages,171197784874,171158515580,171187028884,171224486898,Not applicable,171224486898
2025,2,Georgia,Quarterly Establishments,396383,394460,394037,393904,Not applicable,393904
2025,2,Georgia,April Employment,4892465,4895676,4895881,4896074,Not applicable,4896074
2025,2,Georgia,May Employment,4904295,4907688,4908111,4908309,Not applicable,4908309
2025,2,Georgia,June Employment,4885710,4890255,4890757,4891076,Not applicable,4891076
2025,2,Georgia,Total Quarterly Wages,85203835129,85263152248,85264053426,85266842523,Not applicable,85266842523
2025,2,Hawaii,Quarterly Establishments,61260,61339,61338,61346,Not applicable,61346
2025,2,Hawaii,April Employment,644738,645278,645377,645423,Not applicable,645423
2025,2,Hawaii,May Employment,645055,645726,645744,645794,Not applicable,645794
2025,2,Hawaii,June Employment,640267,641025,641180,641248,Not applicable,641248
2025,2,Hawaii,Total Quarterly Wages,11004761614,11014816415,11018415008,11019450610,Not applicable,11019450610
2025,2,Idaho,Quarterly Establishments,103640,103784,104176,100399,Not applicable,100399
2025,2,Idaho,April Employment,872406,873321,873554,873077,Not applicable,873077
2025,2,Idaho,May Employment,879504,880473,880689,880288,Not applicable,880288
2025,2,Idaho,June Employment,884038,884930,885144,884835,Not applicable,884835
2025,2,Idaho,Total Quarterly Wages,12953826085,12966255127,12968425856,12964702539,Not applicable,12964702539
2025,2,Illinois,Quarterly Establishments,385482,381760,377718,377151,Not applicable,377151
2025,2,Illinois,April Employment,6039047,6041322,6050238,6051873,Not applicable,6051873
2025,2,Illinois,May Employment,6105115,6107449,6110934,6112784,Not applicable,6112784
2025,2,Illinois,June Employment,6133515,6137223,6141859,6145012,Not applicable,6145012
2025,2,Illinois,Total Quarterly Wages,114939476161,115077465209,115154327314,115233296579,Not applicable,115233296579
2025,2,Indiana,Quarterly Establishments,195871,196994,197011,196995,Not applicable,196995
2025,2,Indiana,April Employment,3182462,3187895,3186746,3186705,Not applicable,3186705
2025,2,Indiana,May Employment,3210124,3215400,3214501,3214459,Not applicable,3214459
2025,2,Indiana,June Employment,3196245,3204100,3203677,3203635,Not applicable,3203635
2025,2,Indiana,Total Quarterly Wages,49909013733,49874565935,49849095874,49848626773,Not applicable,49848626773
2025,2,Iowa,Quarterly Establishments,109960,110114,110114,110112,Not applicable,110112
2025,2,Iowa,April Employment,1562886,1562932,1563070,1563039,Not applicable,1563039
2025,2,Iowa,May Employment,1576134,1575566,1575717,1575691,Not applicable,1575691
2025,2,Iowa,June Employment,1583698,1583003,1583153,1583124,Not applicable,1583124
2025,2,Iowa,Total Quarterly Wages,23614982187,23623649986,23625221001,23624997892,Not applicable,23624997892
2025,2,Kansas,Quarterly Establishments,101462,100019,98281,97336,Not applicable,97336
2025,2,Kansas,April Employment,1441715,1441168,1440721,1440698,Not applicable,1440698
2025,2,Kansas,May Employment,1444305,1443802,1443188,1443154,Not applicable,1443154
2025,2,Kansas,June Employment,1437277,1436921,1436441,1436428,Not applicable,1436428
2025,2,Kansas,Total Quarterly Wages,21900526708,21886585486,21879521848,21879200479,Not applicable,21879200479
2025,2,Kentucky,Quarterly Establishments,159488,160083,160390,160637,Not applicable,160637
2025,2,Kentucky,April Employment,1996116,1998308,1999062,1999713,Not applicable,1999713
2025,2,Kentucky,May Employment,2006344,2008685,2009290,2009966,Not applicable,2009966
2025,2,Kentucky,June Employment,1993889,1996738,1997584,1998833,Not applicable,1998833
2025,2,Kentucky,Total Quarterly Wages,30665380239,30885544798,30876877298,30879189462,Not applicable,30879189462
2025,2,Louisiana,Quarterly Establishments,157903,157780,157281,156743,Not applicable,156743
2025,2,Louisiana,April Employment,1936229,1938151,1938658,1939014,Not applicable,1939014
2025,2,Louisiana,May Employment,1937206,1939130,1939792,1940038,Not applicable,1940038
2025,2,Louisiana,June Employment,1918332,1921129,1921984,1922333,Not applicable,1922333
2025,2,Louisiana,Total Quarterly Wages,29502898703,29519393325,29521111010,29523868338,Not applicable,29523868338
2025,2,Maine,Quarterly Establishments,66973,66724,66487,66347,Not applicable,66347
2025,2,Maine,April Employment,636579,637489,637855,638122,Not applicable,638122
2025,2,Maine,May Employment,653312,654499,654885,655177,Not applicable,655177
2025,2,Maine,June Employment,668230,669780,670403,670828,Not applicable,670828
2025,2,Maine,Total Quarterly Wages,10356097292,10366789088,10373887141,10378080567,Not applicable,10378080567
2025,2,Maryland,Quarterly Establishments,199640,200948,201014,201441,Not applicable,201441
2025,2,Maryland,April Employment,2752441,2752484,2757407,2756678,Not applicable,2756678
2025,2,Maryland,May Employment,2773880,2774516,2779473,2778960,Not applicable,2778960
2025,2,Maryland,June Employment,2782525,2782482,2789357,2781388,Not applicable,2781388
2025,2,Maryland,Total Quarterly Wages,53905837606,53887279202,53973521517,54053862363,Not applicable,54053862363
2025,2,Massachusetts,Quarterly Establishments,289314,293072,292998,292965,Not applicable,292965
2025,2,Massachusetts,April Employment,3620409,3632915,3633703,3632902,Not applicable,3632902
2025,2,Massachusetts,May Employment,3649292,3664404,3665029,3664876,Not applicable,3664876
2025,2,Massachusetts,June Employment,3679457,3696158,3696769,3696696,Not applicable,3696696
2025,2,Massachusetts,Total Quarterly Wages,85629226209,85881837625,85914754060,85960585339,Not applicable,85960585339
2025,2,Michigan,Quarterly Establishments,313568,313895,314414,314282,Not applicable,314282
2025,2,Michigan,April Employment,4384671,4387172,4388554,4388981,Not applicable,4388981
2025,2,Michigan,May Employment,4458913,4461754,4463155,4463612,Not applicable,4463612
2025,2,Michigan,June Employment,4478661,4483334,4484532,4484817,Not applicable,4484817
2025,2,Michigan,Total Quarterly Wages,75482771327,75492989324,75519031471,75529673099,Not applicable,75529673099
2025,2,Minnesota,Quarterly Establishments,213640,213310,213386,212463,Not applicable,212463
2025,2,Minnesota,April Employment,2934231,2931132,2931949,2932900,Not applicable,2932900
2025,2,Minnesota,May Employment,2977856,2975713,2976777,2977949,Not applicable,2977949
2025,2,Minnesota,June Employment,2994165,2993329,2995292,2996756,Not applicable,2996756
2025,2,Minnesota,Total Quarterly Wages,54303978807,54283201620,54294585024,54299147426,Not applicable,54299147426
2025,2,Mississippi,Quarterly Establishments,90979,90222,90199,90199,Not applicable,90199
2025,2,Mississippi,April Employment,1170830,1175129,1175545,1175697,Not applicable,1175697
2025,2,Mississippi,May Employment,1169805,1175045,1175271,1175392,Not applicable,1175392
2025,2,Mississippi,June Employment,1164660,1169943,1170368,1170527,Not applicable,1170527
2025,2,Mississippi,Total Quarterly Wages,15176198082,15247939374,15249893903,15251518617,Not applicable,15251518617
2025,2,Missouri,Quarterly Establishments,254257,252886,252894,252878,Not applicable,252878
2025,2,Missouri,April Employment,2920710,2919656,2919502,2919463,Not applicable,2919463
2025,2,Missouri,May Employment,2931874,2930689,2930529,2930774,Not applicable,2930774
2025,2,Missouri,June Employment,2922070,2921258,2921098,2921336,Not applicable,2921336
2025,2,Missouri,Total Quarterly Wages,46845907944,46804622767,46764708471,46764112703,Not applicable,46764112703
2025,2,Montana,Quarterly Establishments,63231,63268,60759,60589,Not applicable,60589
2025,2,Montana,April Employment,512990,513109,511120,511210,Not applicable,511210
2025,2,Montana,May Employment,519973,520025,518066,518180,Not applicable,518180
2025,2,Montana,June Employment,527112,527248,525263,525369,Not applicable,525369
2025,2,Montana,Total Quarterly Wages,7931259024,7926854104,7900847453,7901180854,Not applicable,7901180854
2025,2,Nebraska,Quarterly Establishments,78626,78035,78031,78031,Not applicable,78031
2025,2,Nebraska,April Employment,1020976,1021386,1021241,1021241,Not applicable,1021241
2025,2,Nebraska,May Employment,1030115,1030584,1030491,1030491,Not applicable,1030491
2025,2,Nebraska,June Employment,1034426,1035017,1034889,1034889,Not applicable,1034889
2025,2,Nebraska,Total Quarterly Wages,15467064958,15473166964,15474937825,15474937825,Not applicable,15474937825
2025,2,Nevada,Quarterly Establishments,107154,107818,107149,106506,Not applicable,106506
2025,2,Nevada,April Employment,1555755,1558930,1558892,1559146,Not applicable,1559146
2025,2,Nevada,May Employment,1562294,1565610,1565669,1565911,Not applicable,1565911
2025,2,Nevada,June Employment,1556761,1560530,1560850,1561132,Not applicable,1561132
2025,2,Nevada,Total Quarterly Wages,26207533633,26253347690,26260219403,26265712772,Not applicable,26265712772
2025,2,New Hampshire,Quarterly Establishments,66475,66316,66410,66172,Not applicable,66172
2025,2,New Hampshire,April Employment,681335,682024,682485,682816,Not applicable,682816
2025,2,New Hampshire,May Employment,691980,693656,694240,694570,Not applicable,694570
2025,2,New Hampshire,June Employment,697189,699743,700502,700964,Not applicable,700964
2025,2,New Hampshire,Total Quarterly Wages,13370791901,13333239729,13347058303,13354648416,Not applicable,13354648416
2025,2,New Jersey,Quarterly Establishments,339083,330620,327828,324979,Not applicable,324979
2025,2,New Jersey,April Employment,4276641,4274577,4274662,4275003,Not applicable,4275003
2025,2,New Jersey,May Employment,4330711,4327781,4327751,4327951,Not applicable,4327951
2025,2,New Jersey,June Employment,4388260,4385596,4385927,4386103,Not applicable,4386103
2025,2,New Jersey,Total Quarterly Wages,88137738647,88169435772,88186818389,88209007532,Not applicable,88209007532
2025,2,New Mexico,Quarterly Establishments,68013,68404,68400,68401,Not applicable,68401
2025,2,New Mexico,April Employment,875520,877682,877573,877677,Not applicable,877677
2025,2,New Mexico,May Employment,880883,883239,883066,883175,Not applicable,883175
2025,2,New Mexico,June Employment,876149,878695,878539,878636,Not applicable,878636
2025,2,New Mexico,Total Quarterly Wages,13560449374,13581653051,13575181541,13578321295,Not applicable,13578321295
2025,2,New York,Quarterly Establishments,718722,716288,712732,706200,Not applicable,706200
2025,2,New York,April Employment,9748308,9746595,9745284,9742179,Not applicable,9742179
2025,2,New York,May Employment,9833181,9827444,9826502,9823161,Not applicable,9823161
2025,2,New York,June Employment,9886921,9886503,9891389,9889836,Not applicable,9889836
2025,2,New York,Total Quarterly Wages,222076245614,222055907932,222124550687,222049118341,Not applicable,222049118341
2025,2,North Carolina,Quarterly Establishments,380009,380221,380209,356403,Not applicable,356403
2025,2,North Carolina,April Employment,4943096,4948182,4950682,4950428,Not applicable,4950428
2025,2,North Carolina,May Employment,4974660,4981228,4983166,4982951,Not applicable,4982951
2025,2,North Carolina,June Employment,4936954,4946019,4947977,4947556,Not applicable,4947556
2025,2,North Carolina,Total Quarterly Wages,83581773156,83713600294,83755581945,83752062165,Not applicable,83752062165
2025,2,North Dakota,Quarterly Establishments,36306,36488,36489,36489,Not applicable,36489
2025,2,North Dakota,April Employment,427161,427590,427590,427590,Not applicable,427590
2025,2,North Dakota,May Employment,433644,434093,434093,434093,Not applicable,434093
2025,2,North Dakota,June Employment,438825,439092,439092,439092,Not applicable,439092
2025,2,North Dakota,Total Quarterly Wages,7084363188,7086850859,7086850859,7086850859,Not applicable,7086850859
2025,2,Ohio,Quarterly Establishments,344607,346221,346203,346202,Not applicable,346202
2025,2,Ohio,April Employment,5515674,5522363,5522223,5522062,Not applicable,5522062
2025,2,Ohio,May Employment,5574205,5578305,5578286,5578190,Not applicable,5578190
2025,2,Ohio,June Employment,5571937,5574422,5574465,5574482,Not applicable,5574482
2025,2,Ohio,Total Quarterly Wages,90658175096,90687956289,90690244495,90688499650,Not applicable,90688499650
2025,2,Oklahoma,Quarterly Establishments,130200,129703,129661,129661,Not applicable,129661
2025,2,Oklahoma,April Employment,1715253,1714541,1714537,1714537,Not applicable,1714537
2025,2,Oklahoma,May Employment,1717191,1717422,1717418,1717418,Not applicable,1717418
2025,2,Oklahoma,June Employment,1694861,1698839,1698832,1698832,Not applicable,1698832
2025,2,Oklahoma,Total Quarterly Wages,25271596035,25363733300,25363691610,25363691610,Not applicable,25363691610
2025,2,Oregon,Quarterly Establishments,183467,181454,179721,177862,Not applicable,177862
2025,2,Oregon,April Employment,1991293,1988949,1989350,1990766,Not applicable,1990766
2025,2,Oregon,May Employment,2005146,2003439,2004079,2005458,Not applicable,2005458
2025,2,Oregon,June Employment,2016124,2015983,2017046,2019131,Not applicable,2019131
2025,2,Oregon,Total Quarterly Wages,35843174734,35875355062,35898327324,35913035169,Not applicable,35913035169
2025,2,Pennsylvania,Quarterly Establishments,395067,390682,390681,390681,Not applicable,390681
2025,2,Pennsylvania,April Employment,6043963,6043808,6043787,6043787,Not applicable,6043787
2025,2,Pennsylvania,May Employment,6096322,6098426,6098253,6098253,Not applicable,6098253
2025,2,Pennsylvania,June Employment,6100720,6106551,6106236,6106236,Not applicable,6106236
2025,2,Pennsylvania,Total Quarterly Wages,107801238170,107837753861,107837273394,107837273394,Not applicable,107837273394
2025,2,Rhode Island,Quarterly Establishments,49041,49324,49418,49470,Not applicable,49470
2025,2,Rhode Island,April Employment,497285,497545,497552,497552,Not applicable,497552
2025,2,Rhode Island,May Employment,505678,505984,505979,505979,Not applicable,505979
2025,2,Rhode Island,June Employment,508657,508954,508970,508970,Not applicable,508970
2025,2,Rhode Island,Total Quarterly Wages,8479300161,8482047712,8481924930,8481924930,Not applicable,8481924930
2025,2,South Carolina,Quarterly Establishments,191981,192074,192084,192131,Not applicable,192131
2025,2,South Carolina,April Employment,2308242,2309943,2313417,2314742,Not applicable,2314742
2025,2,South Carolina,May Employment,2320854,2323032,2327119,2328641,Not applicable,2328641
2025,2,South Carolina,June Employment,2324159,2328136,2332407,2333790,Not applicable,2333790
2025,2,South Carolina,Total Quarterly Wages,35732328883,35745781681,35781219972,35789651188,Not applicable,35789651188
2025,2,South Dakota,Quarterly Establishments,40730,40737,40741,40741,Not applicable,40741
2025,2,South Dakota,April Employment,457343,457419,457420,457420,Not applicable,457420
2025,2,South Dakota,May Employment,466105,466211,466212,466212,Not applicable,466212
2025,2,South Dakota,June Employment,472477,472652,472653,472653,Not applicable,472653
2025,2,South Dakota,Total Quarterly Wages,6792189525,6791548475,6791586351,6791586351,Not applicable,6791586351
2025,2,Tennessee,Quarterly Establishments,223939,219156,214720,211380,Not applicable,211380
2025,2,Tennessee,April Employment,3273620,3255628,3262137,3269117,Not applicable,3269117
2025,2,Tennessee,May Employment,3276339,3260437,3267182,3274195,Not applicable,3274195
2025,2,Tennessee,June Employment,3256640,3241230,3248195,3256115,Not applicable,3256115
2025,2,Tennessee,Total Quarterly Wages,55118536596,54774697420,54900953984,55063360687,Not applicable,55063360687
2025,2,Texas,Quarterly Establishments,849474,853305,853264,853294,Not applicable,853294
2025,2,Texas,April Employment,14105647,14112034,14113528,14116494,Not applicable,14116494
2025,2,Texas,May Employment,14139424,14147763,14149392,14152421,Not applicable,14152421
2025,2,Texas,June Employment,14070522,14081162,14084622,14088189,Not applicable,14088189
2025,2,Texas,Total Quarterly Wages,260374583493,260560550847,260565672076,260560261971,Not applicable,260560261971
2025,2,Utah,Quarterly Establishments,140506,140164,140158,140155,Not applicable,140155
2025,2,Utah,April Employment,1737116,1737948,1737545,1737500,Not applicable,1737500
2025,2,Utah,May Employment,1744861,1746129,1745599,1745550,Not applicable,1745550
2025,2,Utah,June Employment,1737680,1743789,1743180,1743121,Not applicable,1743121
2025,2,Utah,Total Quarterly Wages,29074997884,29075365106,29068789369,29068275974,Not applicable,29068275974
2025,2,Vermont,Quarterly Establishments,33883,33440,33236,32831,Not applicable,32831
2025,2,Vermont,April Employment,304341,305227,305154,305113,Not applicable,305113
2025,2,Vermont,May Employment,306574,307670,307592,307539,Not applicable,307539
2025,2,Vermont,June Employment,310063,311282,311209,311151,Not applicable,311151
2025,2,Vermont,Total Quarterly Wages,5078148343,5090725381,5088366532,5088308309,Not applicable,5088308309
2025,2,Virginia,Quarterly Establishments,323260,319456,319455,319458,Not applicable,319458
2025,2,Virginia,April Employment,4142784,4156283,4154052,4154133,Not applicable,4154133
2025,2,Virginia,May Employment,4164883,4178692,4176680,4176761,Not applicable,4176761
2025,2,Virginia,June Employment,4182931,4196668,4194681,4194749,Not applicable,4194749
2025,2,Virginia,Total Quarterly Wages,79645512303,79713568590,79807791630,79809315639,Not applicable,79809315639
2025,2,Washington,Quarterly Establishments,240761,241810,241852,241868,Not applicable,241868
2025,2,Washington,April Employment,3594675,3586487,3586144,3586299,Not applicable,3586299
2025,2,Washington,May Employment,3627860,3618861,3617792,3617881,Not applicable,3617881
2025,2,Washington,June Employment,3677634,3667260,3665321,3665471,Not applicable,3665471
2025,2,Washington,Total Quarterly Wages,86758830864,86737648480,86750464707,86748349148,Not applicable,86748349148
2025,2,West Virginia,Quarterly Establishments,62166,62392,62464,62446,Not applicable,62446
2025,2,West Virginia,April Employment,698273,700377,699040,699750,Not applicable,699750
2025,2,West Virginia,May Employment,704317,705794,704498,705032,Not applicable,705032
2025,2,West Virginia,June Employment,703781,704503,703006,703684,Not applicable,703684
2025,2,West Virginia,Total Quarterly Wages,10654607450,10665975746,10667905424,10667052998,Not applicable,10667052998
2025,2,Wisconsin,Quarterly Establishments,209124,209158,208867,202429,Not applicable,202429
2025,2,Wisconsin,April Employment,2933842,2935200,2936237,2937016,Not applicable,2937016
2025,2,Wisconsin,May Employment,2961303,2962879,2964143,2965021,Not applicable,2965021
2025,2,Wisconsin,June Employment,2993550,2996761,2998535,2999674,Not applicable,2999674
2025,2,Wisconsin,Total Quarterly Wages,46703324651,46728355564,46749148256,46757431027,Not applicable,46757431027
2025,2,Wyoming,Quarterly Establishments,31439,31345,30784,30547,Not applicable,30547
2025,2,Wyoming,April Employment,277516,278122,278394,278443,Not applicable,278443
2025,2,Wyoming,May Employment,284094,284913,285213,285256,Not applicable,285256
2025,2,Wyoming,June Employment,291067,291961,292305,292354,Not applicable,292354
2025,2,Wyoming,Total Quarterly Wages,4341634855,4350111004,4354398964,4354581388,Not applicable,4354581388
2025,2,Puerto Rico,Quarterly Establishments,52367,52734,52880,52860,Not applicable,52860
2025,2,Puerto Rico,April Employment,947034,946939,947391,947369,Not applicable,947369
2025,2,Puerto Rico,May Employment,946533,946797,947307,947297,Not applicable,947297
2025,2,Puerto Rico,June Employment,948357,949526,950110,950064,Not applicable,950064
2025,2,Puerto Rico,Total Quarterly Wages,8361147853,8364856907,8368263245,8367674207,Not applicable,8367674207
2025,2,Virgin Islands,Quarterly Establishments,2979,2963,3019,3034,Not applicable,3034
2025,2,Virgin Islands,April Employment,34966,34592,34725,34620,Not applicable,34620
2025,2,Virgin Islands,May Employment,34945,34718,34834,34691,Not applicable,34691
2025,2,Virgin Islands,June Employment,34721,34531,34738,34563,Not applicable,34563
2025,2,Virgin Islands,Total Quarterly Wages,471626432,471189277,473645890,473452003,Not applicable,473452003
2025,3,United States,Quarterly Establishments,12353804,12288691,12159477,Not applicable,Not applicable,12159477
2025,3,United States,July Employment,154648725,154719186,154734521,Not applicable,Not applicable,154734521
2025,3,United States,August Employment,155530556,155619190,155638759,Not applicable,Not applicable,155638759
2025,3,United States,September Employment,155767691,155883147,155918238,Not applicable,Not applicable,155918238
2025,3,United States,Total Quarterly Wages,2946280746782,2947862026787,2948109707193,Not applicable,Not applicable,2948109707193
2025,3,Alabama,Quarterly Establishments,165678,165563,164677,Not applicable,Not applicable,164677
2025,3,Alabama,July Employment,2114931,2114520,2114909,Not applicable,Not applicable,2114909
2025,3,Alabama,August Employment,2118081,2118475,2118504,Not applicable,Not applicable,2118504
2025,3,Alabama,September Employment,2118953,2118273,2118971,Not applicable,Not applicable,2118971
2025,3,Alabama,Total Quarterly Wages,33374152559,33392183917,33384482835,Not applicable,Not applicable,33384482835
2025,3,Alaska,Quarterly Establishments,25286,25602,25397,Not applicable,Not applicable,25397
2025,3,Alaska,July Employment,348472,348772,348955,Not applicable,Not applicable,348955
2025,3,Alaska,August Employment,349027,349353,349565,Not applicable,Not applicable,349565
2025,3,Alaska,September Employment,342409,343065,343285,Not applicable,Not applicable,343285
2025,3,Alaska,Total Quarterly Wages,6558485710,6565149073,6570715097,Not applicable,Not applicable,6570715097
2025,3,Arizona,Quarterly Establishments,228366,227579,226829,Not applicable,Not applicable,226829
2025,3,Arizona,July Employment,3132423,3135474,3138228,Not applicable,Not applicable,3138228
2025,3,Arizona,August Employment,3206139,3208958,3211305,Not applicable,Not applicable,3211305
2025,3,Arizona,September Employment,3215402,3218386,3221284,Not applicable,Not applicable,3221284
2025,3,Arizona,Total Quarterly Wages,56291831932,56308377600,56357383053,Not applicable,Not applicable,56357383053
2025,3,Arkansas,Quarterly Establishments,111203,111027,111025,Not applicable,Not applicable,111025
2025,3,Arkansas,July Employment,1267219,1267452,1267408,Not applicable,Not applicable,1267408
2025,3,Arkansas,August Employment,1299458,1299589,1299544,Not applicable,Not applicable,1299544
2025,3,Arkansas,September Employment,1310451,1311465,1311455,Not applicable,Not applicable,1311455
2025,3,Arkansas,Total Quarterly Wages,19067619827,19103549364,19103441662,Not applicable,Not applicable,19103441662
2025,3,California,Quarterly Establishments,1986677,1965603,1892933,Not applicable,Not applicable,1892933
2025,3,California,July Employment,18066742,18048327,18030783,Not applicable,Not applicable,18030783
2025,3,California,August Employment,18256820,18239290,18221763,Not applicable,Not applicable,18221763
2025,3,California,September Employment,18281669,18266811,18252102,Not applicable,Not applicable,18252102
2025,3,California,Total Quarterly Wages,429417457766,428851437493,428666962598,Not applicable,Not applicable,428666962598
2025,3,Colorado,Quarterly Establishments,252878,252717,252682,Not applicable,Not applicable,252682
2025,3,Colorado,July Employment,2910221,2911591,2911901,Not applicable,Not applicable,2911901
2025,3,Colorado,August Employment,2913648,2914819,2915175,Not applicable,Not applicable,2915175
2025,3,Colorado,September Employment,2886397,2889725,2890095,Not applicable,Not applicable,2890095
2025,3,Colorado,Total Quarterly Wages,59242513079,59287355082,59292993307,Not applicable,Not applicable,59292993307
2025,3,Connecticut,Quarterly Establishments,149621,149687,149578,Not applicable,Not applicable,149578
2025,3,Connecticut,July Employment,1678726,1680106,1680208,Not applicable,Not applicable,1680208
2025,3,Connecticut,August Employment,1677420,1678644,1678802,Not applicable,Not applicable,1678802
2025,3,Connecticut,September Employment,1693829,1696018,1696377,Not applicable,Not applicable,1696377
2025,3,Connecticut,Total Quarterly Wages,35091904061,35131435011,35131989553,Not applicable,Not applicable,35131989553
2025,3,Delaware,Quarterly Establishments,46749,47430,47908,Not applicable,Not applicable,47908
2025,3,Delaware,July Employment,487643,488373,488678,Not applicable,Not applicable,488678
2025,3,Delaware,August Employment,485015,485831,486136,Not applicable,Not applicable,486136
2025,3,Delaware,September Employment,480762,481818,482124,Not applicable,Not applicable,482124
2025,3,Delaware,Total Quarterly Wages,8778892886,8807251051,8808479856,Not applicable,Not applicable,8808479856
2025,3,District of Columbia,Quarterly Establishments,51511,51555,51554,Not applicable,Not applicable,51554
2025,3,District of Columbia,July Employment,746713,748288,745823,Not applicable,Not applicable,745823
2025,3,District of Columbia,August Employment,733757,735561,733123,Not applicable,Not applicable,733123
2025,3,District of Columbia,September Employment,737392,739037,736744,Not applicable,Not applicable,736744
2025,3,District of Columbia,Total Quarterly Wages,22999848522,23128411820,23077084210,Not applicable,Not applicable,23077084210
2025,3,Florida,Quarterly Establishments,892123,867133,867209,Not applicable,Not applicable,867209
2025,3,Florida,July Employment,9687225,9699161,9700995,Not applicable,Not applicable,9700995
2025,3,Florida,August Employment,9827045,9838658,9843389,Not applicable,Not applicable,9843389
2025,3,Florida,September Employment,9818106,9832364,9839653,Not applicable,Not applicable,9839653
2025,3,Florida,Total Quarterly Wages,170520333274,170620344133,170708309411,Not applicable,Not applicable,170708309411
2025,3,Georgia,Quarterly Establishments,397209,396845,396452,Not applicable,Not applicable,396452
2025,3,Georgia,July Employment,4874930,4879464,4879008,Not applicable,Not applicable,4879008
2025,3,Georgia,August Employment,4893691,4898714,4898420,Not applicable,Not applicable,4898420
2025,3,Georgia,September Employment,4874460,4879354,4879799,Not applicable,Not applicable,4879799
2025,3,Georgia,Total Quarterly Wages,85612873689,85683851051,85682598389,Not applicable,Not applicable,85682598389
2025,3,Hawaii,Quarterly Establishments,62087,62180,62179,Not applicable,Not applicable,62179
2025,3,Hawaii,July Employment,640322,640902,640943,Not applicable,Not applicable,640943
2025,3,Hawaii,August Employment,636681,637185,637223,Not applicable,Not applicable,637223
2025,3,Hawaii,September Employment,640088,640741,640853,Not applicable,Not applicable,640853
2025,3,Hawaii,Total Quarterly Wages,11149937561,11164430979,11165209375,Not applicable,Not applicable,11165209375
2025,3,Idaho,Quarterly Establishments,103716,104568,100867,Not applicable,Not applicable,100867
2025,3,Idaho,July Employment,888588,889051,889084,Not applicable,Not applicable,889084
2025,3,Idaho,August Employment,887718,888200,888192,Not applicable,Not applicable,888192
2025,3,Idaho,September Employment,879795,880269,880303,Not applicable,Not applicable,880303
2025,3,Idaho,Total Quarterly Wages,13585307202,13591886033,13593997161,Not applicable,Not applicable,13593997161
2025,3,Illinois,Quarterly Establishments,386518,382316,381682,Not applicable,Not applicable,381682
2025,3,Illinois,July Employment,6063230,6066947,6069525,Not applicable,Not applicable,6069525
2025,3,Illinois,August Employment,6093350,6097600,6099837,Not applicable,Not applicable,6099837
2025,3,Illinois,September Employment,6086277,6090732,6093345,Not applicable,Not applicable,6093345
2025,3,Illinois,Total Quarterly Wages,115143419376,115202192032,115219654530,Not applicable,Not applicable,115219654530
2025,3,Indiana,Quarterly Establishments,197090,195975,195979,Not applicable,Not applicable,195979
2025,3,Indiana,July Employment,3162588,3163902,3163955,Not applicable,Not applicable,3163955
2025,3,Indiana,August Employment,3213990,3215113,3215102,Not applicable,Not applicable,3215102
2025,3,Indiana,September Employment,3198376,3200986,3200606,Not applicable,Not applicable,3200606
2025,3,Indiana,Total Quarterly Wages,50375862299,50311253409,50312016338,Not applicable,Not applicable,50312016338
2025,3,Iowa,Quarterly Establishments,109550,110345,111184,Not applicable,Not applicable,111184
2025,3,Iowa,July Employment,1555113,1559331,1559244,Not applicable,Not applicable,1559244
2025,3,Iowa,August Employment,1550444,1555446,1555355,Not applicable,Not applicable,1555355
2025,3,Iowa,September Employment,1549313,1555643,1555539,Not applicable,Not applicable,1555539
2025,3,Iowa,Total Quarterly Wages,24075776214,24157070273,24156873970,Not applicable,Not applicable,24156873970
2025,3,Kansas,Quarterly Establishments,102242,100156,98556,Not applicable,Not applicable,98556
2025,3,Kansas,July Employment,1422590,1421920,1421622,Not applicable,Not applicable,1421622
2025,3,Kansas,August Employment,1427643,1427145,1426998,Not applicable,Not applicable,1426998
2025,3,Kansas,September Employment,1431736,1431415,1431250,Not applicable,Not applicable,1431250
2025,3,Kansas,Total Quarterly Wages,21870057543,21856142591,21851825288,Not applicable,Not applicable,21851825288
2025,3,Kentucky,Quarterly Establishments,160709,161223,161528,Not applicable,Not applicable,161528
2025,3,Kentucky,July Employment,1919112,1921466,1923741,Not applicable,Not applicable,1923741
2025,3,Kentucky,August Employment,1986680,1989080,1991610,Not applicable,Not applicable,1991610
2025,3,Kentucky,September Employment,1995427,1997868,2000831,Not applicable,Not applicable,2000831
2025,3,Kentucky,Total Quarterly Wages,30070689777,30166599083,30176756834,Not applicable,Not applicable,30176756834
2025,3,Louisiana,Quarterly Establishments,158658,158360,157774,Not applicable,Not applicable,157774
2025,3,Louisiana,July Employment,1904973,1907928,1909793,Not applicable,Not applicable,1909793
2025,3,Louisiana,August Employment,1919452,1922504,1924206,Not applicable,Not applicable,1924206
2025,3,Louisiana,September Employment,1913132,1916609,1918529,Not applicable,Not applicable,1918529
2025,3,Louisiana,Total Quarterly Wages,29519800007,29549467778,29563021693,Not applicable,Not applicable,29563021693
2025,3,Maine,Quarterly Establishments,67368,67023,66890,Not applicable,Not applicable,66890
2025,3,Maine,July Employment,671499,672304,673039,Not applicable,Not applicable,673039
2025,3,Maine,August Employment,667805,668627,669508,Not applicable,Not applicable,669508
2025,3,Maine,September Employment,659153,659938,660827,Not applicable,Not applicable,660827
2025,3,Maine,Total Quarterly Wages,10660455179,10667007723,10675541916,Not applicable,Not applicable,10675541916
2025,3,Maryland,Quarterly Establishments,199523,199792,199524,Not applicable,Not applicable,199524
2025,3,Maryland,July Employment,2742003,2749957,2750879,Not applicable,Not applicable,2750879
2025,3,Maryland,August Employment,2749897,2757897,2759618,Not applicable,Not applicable,2759618
2025,3,Maryland,September Employment,2739515,2749553,2747930,Not applicable,Not applicable,2747930
2025,3,Maryland,Total Quarterly Wages,54431280164,54571288601,54598423645,Not applicable,Not applicable,54598423645
2025,3,Massachusetts,Quarterly Establishments,293227,298729,298634,Not applicable,Not applicable,298634
2025,3,Massachusetts,July Employment,3649168,3661013,3660672,Not applicable,Not applicable,3660672
2025,3,Massachusetts,August Employment,3624662,3636786,3636247,Not applicable,Not applicable,3636247
2025,3,Massachusetts,September Employment,3624995,3638229,3637590,Not applicable,Not applicable,3637590
2025,3,Massachusetts,Total Quarterly Wages,85845169895,86074227125,86152470410,Not applicable,Not applicable,86152470410
2025,3,Michigan,Quarterly Establishments,315965,317437,317295,Not applicable,Not applicable,317295
2025,3,Michigan,July Employment,4412578,4414045,4414369,Not applicable,Not applicable,4414369
2025,3,Michigan,August Employment,4431472,4432289,4433296,Not applicable,Not applicable,4433296
2025,3,Michigan,September Employment,4423833,4425008,4425992,Not applicable,Not applicable,4425992
2025,3,Michigan,Total Quarterly Wages,76085733081,76117920925,76120810226,Not applicable,Not applicable,76120810226
2025,3,Minnesota,Quarterly Establishments,214325,213820,212928,Not applicable,Not applicable,212928
2025,3,Minnesota,July Employment,2943948,2944663,2945918,Not applicable,Not applicable,2945918
2025,3,Minnesota,August Employment,2958639,2959620,2960989,Not applicable,Not applicable,2960989
2025,3,Minnesota,September Employment,2958573,2960452,2962000,Not applicable,Not applicable,2962000
2025,3,Minnesota,Total Quarterly Wages,55209046266,55311883314,55324013713,Not applicable,Not applicable,55324013713
2025,3,Mississippi,Quarterly Establishments,91319,91418,91417,Not applicable,Not applicable,91417
2025,3,Mississippi,July Employment,1160759,1167201,1167606,Not applicable,Not applicable,1167606
2025,3,Mississippi,August Employment,1174880,1176115,1176524,Not applicable,Not applicable,1176524
2025,3,Mississippi,September Employment,1172573,1174182,1174636,Not applicable,Not applicable,1174636
2025,3,Mississippi,Total Quarterly Wages,15281555942,15295877990,15301077825,Not applicable,Not applicable,15301077825
2025,3,Missouri,Quarterly Establishments,255989,255961,255729,Not applicable,Not applicable,255729
2025,3,Missouri,July Employment,2844161,2846356,2846381,Not applicable,Not applicable,2846381
2025,3,Missouri,August Employment,2870965,2873433,2873543,Not applicable,Not applicable,2873543
2025,3,Missouri,September Employment,2903680,2907026,2907068,Not applicable,Not applicable,2907068
2025,3,Missouri,Total Quarterly Wages,46644473844,46619757680,46616420847,Not applicable,Not applicable,46616420847
2025,3,Montana,Quarterly Establishments,64597,61331,61156,Not applicable,Not applicable,61156
2025,3,Montana,July Employment,516509,515146,515170,Not applicable,Not applicable,515170
2025,3,Montana,August Employment,518117,516824,516852,Not applicable,Not applicable,516852
2025,3,Montana,September Employment,518257,517023,517060,Not applicable,Not applicable,517060
2025,3,Montana,Total Quarterly Wages,7953035035,7937839204,7930479892,Not applicable,Not applicable,7930479892
2025,3,Nebraska,Quarterly Establishments,78608,77449,77436,Not applicable,Not applicable,77436
2025,3,Nebraska,July Employment,1022906,1023204,1023204,Not applicable,Not applicable,1023204
2025,3,Nebraska,August Employment,1021875,1022223,1022223,Not applicable,Not applicable,1022223
2025,3,Nebraska,September Employment,1021771,1022164,1022164,Not applicable,Not applicable,1022164
2025,3,Nebraska,Total Quarterly Wages,15809914347,15816863614,15816863614,Not applicable,Not applicable,15816863614
2025,3,Nevada,Quarterly Establishments,109457,109388,108846,Not applicable,Not applicable,108846
2025,3,Nevada,July Employment,1565867,1565574,1566107,Not applicable,Not applicable,1566107
2025,3,Nevada,August Employment,1582910,1582802,1583475,Not applicable,Not applicable,1583475
2025,3,Nevada,September Employment,1580980,1581428,1582246,Not applicable,Not applicable,1582246
2025,3,Nevada,Total Quarterly Wages,26925073760,26940679807,26950404221,Not applicable,Not applicable,26950404221
2025,3,New Hampshire,Quarterly Establishments,67251,67680,67540,Not applicable,Not applicable,67540
2025,3,New Hampshire,July Employment,689706,690375,691042,Not applicable,Not applicable,691042
2025,3,New Hampshire,August Employment,692739,693418,694248,Not applicable,Not applicable,694248
2025,3,New Hampshire,September Employment,687777,688897,689803,Not applicable,Not applicable,689803
2025,3,New Hampshire,Total Quarterly Wages,13285946363,13315702935,13330375246,Not applicable,Not applicable,13330375246
2025,3,New Jersey,Quarterly Establishments,334890,331704,328497,Not applicable,Not applicable,328497
2025,3,New Jersey,July Employment,4219723,4220450,4221360,Not applicable,Not applicable,4221360
2025,3,New Jersey,August Employment,4193326,4193460,4193671,Not applicable,Not applicable,4193671
2025,3,New Jersey,September Employment,4301020,4301305,4301909,Not applicable,Not applicable,4301909
2025,3,New Jersey,Total Quarterly Wages,85817053713,85897620092,85923319414,Not applicable,Not applicable,85923319414
2025,3,New Mexico,Quarterly Establishments,68969,69243,69239,Not applicable,Not applicable,69239
2025,3,New Mexico,July Employment,858598,857683,857806,Not applicable,Not applicable,857806
2025,3,New Mexico,August Employment,881611,881861,881941,Not applicable,Not applicable,881941
2025,3,New Mexico,September Employment,876365,876623,876836,Not applicable,Not applicable,876836
2025,3,New Mexico,Total Quarterly Wages,13490545496,13517135762,13521425205,Not applicable,Not applicable,13521425205
2025,3,New York,Quarterly Establishments,720817,717074,709891,Not applicable,Not applicable,709891
2025,3,New York,July Employment,9702133,9710598,9709363,Not applicable,Not applicable,9709363
2025,3,New York,August Employment,9652283,9664957,9663730,Not applicable,Not applicable,9663730
2025,3,New York,September Employment,9808353,9825156,9824088,Not applicable,Not applicable,9824088
2025,3,New York,Total Quarterly Wages,222043917664,222227738663,222142042457,Not applicable,Not applicable,222142042457
2025,3,North Carolina,Quarterly Establishments,386275,386258,362379,Not applicable,Not applicable,362379
2025,3,North Carolina,July Employment,4863149,4860649,4860241,Not applicable,Not applicable,4860241
2025,3,North Carolina,August Employment,4943442,4953562,4952798,Not applicable,Not applicable,4952798
2025,3,North Carolina,September Employment,4939364,4945574,4945486,Not applicable,Not applicable,4945486
2025,3,North Carolina,Total Quarterly Wages,84886880273,84978200212,84971326486,Not applicable,Not applicable,84971326486
2025,3,North Dakota,Quarterly Establishments,36656,36793,36793,Not applicable,Not applicable,36793
2025,3,North Dakota,July Employment,425469,425887,425887,Not applicable,Not applicable,425887
2025,3,North Dakota,August Employment,427221,427704,427704,Not applicable,Not applicable,427704
2025,3,North Dakota,September Employment,433751,434326,434326,Not applicable,Not applicable,434326
2025,3,North Dakota,Total Quarterly Wages,7194515334,7197558043,7197558043,Not applicable,Not applicable,7197558043
2025,3,Ohio,Quarterly Establishments,346554,347178,347171,Not applicable,Not applicable,347171
2025,3,Ohio,July Employment,5557829,5560254,5560129,Not applicable,Not applicable,5560129
2025,3,Ohio,August Employment,5572560,5574592,5574510,Not applicable,Not applicable,5574510
2025,3,Ohio,September Employment,5537798,5540789,5540704,Not applicable,Not applicable,5540704
2025,3,Ohio,Total Quarterly Wages,92362220170,92456978138,92466975335,Not applicable,Not applicable,92466975335
2025,3,Oklahoma,Quarterly Establishments,128824,128558,128487,Not applicable,Not applicable,128487
2025,3,Oklahoma,July Employment,1654382,1658675,1658511,Not applicable,Not applicable,1658511
2025,3,Oklahoma,August Employment,1678627,1683329,1683203,Not applicable,Not applicable,1683203
2025,3,Oklahoma,September Employment,1697877,1702516,1702383,Not applicable,Not applicable,1702383
2025,3,Oklahoma,Total Quarterly Wages,24915133527,24961694064,24958927163,Not applicable,Not applicable,24958927163
2025,3,Oregon,Quarterly Establishments,180514,179789,178348,Not applicable,Not applicable,178348
2025,3,Oregon,July Employment,1976287,1975652,1978058,Not applicable,Not applicable,1978058
2025,3,Oregon,August Employment,1974116,1974043,1976509,Not applicable,Not applicable,1976509
2025,3,Oregon,September Employment,1994695,1997380,2001015,Not applicable,Not applicable,2001015
2025,3,Oregon,Total Quarterly Wages,36308771875,36351851909,36379517835,Not applicable,Not applicable,36379517835
2025,3,Pennsylvania,Quarterly Establishments,397176,391795,391795,Not applicable,Not applicable,391795
2025,3,Pennsylvania,July Employment,6050065,6049328,6049251,Not applicable,Not applicable,6049251
2025,3,Pennsylvania,August Employment,6050463,6050106,6050672,Not applicable,Not applicable,6050672
2025,3,Pennsylvania,September Employment,6066284,6068803,6069197,Not applicable,Not applicable,6069197
2025,3,Pennsylvania,Total Quarterly Wages,108876252219,108881314417,108883466870,Not applicable,Not applicable,108883466870
2025,3,Rhode Island,Quarterly Establishments,48768,49080,49157,Not applicable,Not applicable,49157
2025,3,Rhode Island,July Employment,501312,501645,501744,Not applicable,Not applicable,501744
2025,3,Rhode Island,August Employment,502070,502455,502529,Not applicable,Not applicable,502529
2025,3,Rhode Island,September Employment,503323,503768,503852,Not applicable,Not applicable,503852
2025,3,Rhode Island,Total Quarterly Wages,8634586946,8642710143,8643767736,Not applicable,Not applicable,8643767736
2025,3,South Carolina,Quarterly Establishments,190761,190823,190852,Not applicable,Not applicable,190852
2025,3,South Carolina,July Employment,2299604,2307827,2310190,Not applicable,Not applicable,2310190
2025,3,South Carolina,August Employment,2319827,2326926,2329261,Not applicable,Not applicable,2329261
2025,3,South Carolina,September Employment,2312324,2320213,2323916,Not applicable,Not applicable,2323916
2025,3,South Carolina,Total Quarterly Wages,35999390170,36064203126,36094640314,Not applicable,Not applicable,36094640314
2025,3,South Dakota,Quarterly Establishments,40918,40888,40898,Not applicable,Not applicable,40898
2025,3,South Dakota,July Employment,466318,466428,466428,Not applicable,Not applicable,466428
2025,3,South Dakota,August Employment,467821,467944,467944,Not applicable,Not applicable,467944
2025,3,South Dakota,September Employment,462926,463153,463153,Not applicable,Not applicable,463153
2025,3,South Dakota,Total Quarterly Wages,6938577310,6940234116,6940234116,Not applicable,Not applicable,6940234116
2025,3,Tennessee,Quarterly Establishments,224178,219985,216298,Not applicable,Not applicable,216298
2025,3,Tennessee,July Employment,3202489,3199697,3209713,Not applicable,Not applicable,3209713
2025,3,Tennessee,August Employment,3250042,3251688,3262138,Not applicable,Not applicable,3262138
2025,3,Tennessee,September Employment,3255492,3253064,3267056,Not applicable,Not applicable,3267056
2025,3,Tennessee,Total Quarterly Wages,55825408234,55894761254,56032082363,Not applicable,Not applicable,56032082363
2025,3,Texas,Quarterly Establishments,854878,859713,859732,Not applicable,Not applicable,859732
2025,3,Texas,July Employment,14005742,14016842,14020215,Not applicable,Not applicable,14020215
2025,3,Texas,August Employment,14057920,14069160,14072934,Not applicable,Not applicable,14072934
2025,3,Texas,September Employment,14062349,14076085,14080810,Not applicable,Not applicable,14080810
2025,3,Texas,Total Quarterly Wages,263683989176,263860472586,263859239634,Not applicable,Not applicable,263859239634
2025,3,Utah,Quarterly Establishments,142413,142063,142056,Not applicable,Not applicable,142056
2025,3,Utah,July Employment,1729803,1729975,1729895,Not applicable,Not applicable,1729895
2025,3,Utah,August Employment,1744903,1744597,1744506,Not applicable,Not applicable,1744506
2025,3,Utah,September Employment,1745866,1746860,1746752,Not applicable,Not applicable,1746752
2025,3,Utah,Total Quarterly Wages,29350052903,29350421994,29349097689,Not applicable,Not applicable,29349097689
2025,3,Vermont,Quarterly Establishments,34056,34001,33531,Not applicable,Not applicable,33531
2025,3,Vermont,July Employment,307848,310182,310040,Not applicable,Not applicable,310040
2025,3,Vermont,August Employment,308715,309897,309748,Not applicable,Not applicable,309748
2025,3,Vermont,September Employment,307205,307727,307579,Not applicable,Not applicable,307579
2025,3,Vermont,Total Quarterly Wages,4975311101,4976240287,4973414861,Not applicable,Not applicable,4973414861
2025,3,Virginia,Quarterly Establishments,324010,319855,319873,Not applicable,Not applicable,319873
2025,3,Virginia,July Employment,4143102,4141611,4141953,Not applicable,Not applicable,4141953
2025,3,Virginia,August Employment,4151539,4150428,4150820,Not applicable,Not applicable,4150820
2025,3,Virginia,September Employment,4142411,4141356,4141888,Not applicable,Not applicable,4141888
2025,3,Virginia,Total Quarterly Wages,81058799714,81087782019,81090356441,Not applicable,Not applicable,81090356441
2025,3,Washington,Quarterly Establishments,242327,242501,242517,Not applicable,Not applicable,242517
2025,3,Washington,July Employment,3673313,3659204,3659310,Not applicable,Not applicable,3659310
2025,3,Washington,August Employment,3649521,3633928,3633366,Not applicable,Not applicable,3633366
2025,3,Washington,September Employment,3639384,3625193,3624354,Not applicable,Not applicable,3624354
2025,3,Washington,Total Quarterly Wages,91349541818,91290620794,91285324278,Not applicable,Not applicable,91285324278
2025,3,West Virginia,Quarterly Establishments,62051,62610,62601,Not applicable,Not applicable,62601
2025,3,West Virginia,July Employment,675232,674311,674790,Not applicable,Not applicable,674790
2025,3,West Virginia,August Employment,686151,685452,685951,Not applicable,Not applicable,685951
2025,3,West Virginia,September Employment,701110,700488,700998,Not applicable,Not applicable,700998
2025,3,West Virginia,Total Quarterly Wages,10022621322,10021177475,10027233432,Not applicable,Not applicable,10027233432
2025,3,Wisconsin,Quarterly Establishments,211591,211621,204971,Not applicable,Not applicable,204971
2025,3,Wisconsin,July Employment,2956985,2960205,2961148,Not applicable,Not applicable,2961148
2025,3,Wisconsin,August Employment,2959988,2963594,2964703,Not applicable,Not applicable,2964703
2025,3,Wisconsin,September Employment,2949126,2951681,2954801,Not applicable,Not applicable,2954801
2025,3,Wisconsin,Total Quarterly Wages,47179791089,47213129318,47225590977,Not applicable,Not applicable,47225590977
2025,3,Wyoming,Quarterly Establishments,31678,31267,31003,Not applicable,Not applicable,31003
2025,3,Wyoming,July Employment,288477,289270,289299,Not applicable,Not applicable,289299
2025,3,Wyoming,August Employment,288390,289308,289349,Not applicable,Not applicable,289349
2025,3,Wyoming,September Employment,285587,286608,286674,Not applicable,Not applicable,286674
2025,3,Wyoming,Total Quarterly Wages,4488939568,4502745684,4503489829,Not applicable,Not applicable,4503489829
2025,3,Puerto Rico,Quarterly Establishments,52756,53020,52231,Not applicable,Not applicable,52231
2025,3,Puerto Rico,July Employment,927192,928688,928734,Not applicable,Not applicable,928734
2025,3,Puerto Rico,August Employment,935739,936381,936362,Not applicable,Not applicable,936362
2025,3,Puerto Rico,September Employment,945540,945977,946093,Not applicable,Not applicable,946093
2025,3,Puerto Rico,Total Quarterly Wages,8360748046,8377175705,8374566575,Not applicable,Not applicable,8374566575
2025,3,Virgin Islands,Quarterly Establishments,3010,3027,3043,Not applicable,Not applicable,3043
2025,3,Virgin Islands,July Employment,34209,34463,34558,Not applicable,Not applicable,34558
2025,3,Virgin Islands,August Employment,33087,33410,33529,Not applicable,Not applicable,33529
2025,3,Virgin Islands,September Employment,33165,33463,33457,Not applicable,Not applicable,33457
2025,3,Virgin Islands,Total Quarterly Wages,446200734,447788556,449951047,Not applicable,Not applicable,449951047
2025,4,United States,Quarterly Establishments,12428415,12289703,Not applicable,Not applicable,Not applicable,12289703
2025,4,United States,October Employment,156870393,156979833,Not applicable,Not applicable,Not applicable,156979833
2025,4,United States,November Employment,156993920,157114057,Not applicable,Not applicable,Not applicable,157114057
2025,4,United States,December Employment,156700218,156855311,Not applicable,Not applicable,Not applicable,156855311
2025,4,United States,Total Quarterly Wages,3199848462499,3202364987825,Not applicable,Not applicable,Not applicable,3202364987825
2025,4,Alabama,Quarterly Establishments,167381,166395,Not applicable,Not applicable,Not applicable,166395
2025,4,Alabama,October Employment,2133327,2131096,Not applicable,Not applicable,Not applicable,2131096
2025,4,Alabama,November Employment,2136586,2135338,Not applicable,Not applicable,Not applicable,2135338
2025,4,Alabama,December Employment,2135278,2135363,Not applicable,Not applicable,Not applicable,2135363
2025,4,Alabama,Total Quarterly Wages,36119876923,36102778834,Not applicable,Not applicable,Not applicable,36102778834
2025,4,Alaska,Quarterly Establishments,25346,25228,Not applicable,Not applicable,Not applicable,25228
2025,4,Alaska,October Employment,328529,328800,Not applicable,Not applicable,Not applicable,328800
2025,4,Alaska,November Employment,318783,319188,Not applicable,Not applicable,Not applicable,319188
2025,4,Alaska,December Employment,317268,317507,Not applicable,Not applicable,Not applicable,317507
2025,4,Alaska,Total Quarterly Wages,6255171786,6271305915,Not applicable,Not applicable,Not applicable,6271305915
2025,4,Arizona,Quarterly Establishments,227377,227510,Not applicable,Not applicable,Not applicable,227510
2025,4,Arizona,October Employment,3248314,3249578,Not applicable,Not applicable,Not applicable,3249578
2025,4,Arizona,November Employment,3277861,3279888,Not applicable,Not applicable,Not applicable,3279888
2025,4,Arizona,December Employment,3278302,3278985,Not applicable,Not applicable,Not applicable,3278985
2025,4,Arizona,Total Quarterly Wages,61440443816,61463466292,Not applicable,Not applicable,Not applicable,61463466292
2025,4,Arkansas,Quarterly Establishments,113046,112812,Not applicable,Not applicable,Not applicable,112812
2025,4,Arkansas,October Employment,1318699,1317532,Not applicable,Not applicable,Not applicable,1317532
2025,4,Arkansas,November Employment,1319231,1317868,Not applicable,Not applicable,Not applicable,1317868
2025,4,Arkansas,December Employment,1318184,1316822,Not applicable,Not applicable,Not applicable,1316822
2025,4,Arkansas,Total Quarterly Wages,20796115956,20801718452,Not applicable,Not applicable,Not applicable,20801718452
2025,4,California,Quarterly Establishments,2013695,1945861,Not applicable,Not applicable,Not applicable,1945861
2025,4,California,October Employment,18448404,18446427,Not applicable,Not applicable,Not applicable,18446427
2025,4,California,November Employment,18441637,18439669,Not applicable,Not applicable,Not applicable,18439669
2025,4,California,December Employment,18351660,18355840,Not applicable,Not applicable,Not applicable,18355840
2025,4,California,Total Quarterly Wages,467647905973,467766498409,Not applicable,Not applicable,Not applicable,467766498409
2025,4,Colorado,Quarterly Establishments,258528,258531,Not applicable,Not applicable,Not applicable,258531
2025,4,Colorado,October Employment,2899619,2899860,Not applicable,Not applicable,Not applicable,2899860
2025,4,Colorado,November Employment,2891060,2891293,Not applicable,Not applicable,Not applicable,2891293
2025,4,Colorado,December Employment,2896445,2899987,Not applicable,Not applicable,Not applicable,2899987
2025,4,Colorado,Total Quarterly Wages,63364424088,63384354095,Not applicable,Not applicable,Not applicable,63384354095
2025,4,Connecticut,Quarterly Establishments,149811,149412,Not applicable,Not applicable,Not applicable,149412
2025,4,Connecticut,October Employment,1705904,1705764,Not applicable,Not applicable,Not applicable,1705764
2025,4,Connecticut,November Employment,1712422,1712292,Not applicable,Not applicable,Not applicable,1712292
2025,4,Connecticut,December Employment,1706465,1706117,Not applicable,Not applicable,Not applicable,1706117
2025,4,Connecticut,Total Quarterly Wages,39988037144,40017867184,Not applicable,Not applicable,Not applicable,40017867184
2025,4,Delaware,Quarterly Establishments,47331,48103,Not applicable,Not applicable,Not applicable,48103
2025,4,Delaware,October Employment,481813,482912,Not applicable,Not applicable,Not applicable,482912
2025,4,Delaware,November Employment,481758,483016,Not applicable,Not applicable,Not applicable,483016
2025,4,Delaware,December Employment,481012,482431,Not applicable,Not applicable,Not applicable,482431
2025,4,Delaware,Total Quarterly Wages,9400387432,9418326347,Not applicable,Not applicable,Not applicable,9418326347
2025,4,District of Columbia,Quarterly Establishments,51019,50864,Not applicable,Not applicable,Not applicable,50864
2025,4,District of Columbia,October Employment,730443,729930,Not applicable,Not applicable,Not applicable,729930
2025,4,District of Columbia,November Employment,728479,728165,Not applicable,Not applicable,Not applicable,728165
2025,4,District of Columbia,December Employment,726106,725548,Not applicable,Not applicable,Not applicable,725548
2025,4,District of Columbia,Total Quarterly Wages,24496992087,24483018363,Not applicable,Not applicable,Not applicable,24483018363
2025,4,Florida,Quarterly Establishments,886151,876212,Not applicable,Not applicable,Not applicable,876212
2025,4,Florida,October Employment,9936110,9961497,Not applicable,Not applicable,Not applicable,9961497
2025,4,Florida,November Employment,10004568,10026768,Not applicable,Not applicable,Not applicable,10026768
2025,4,Florida,December Employment,10013159,10042361,Not applicable,Not applicable,Not applicable,10042361
2025,4,Florida,Total Quarterly Wages,190932773752,191530888300,Not applicable,Not applicable,Not applicable,191530888300
2025,4,Georgia,Quarterly Establishments,398723,398508,Not applicable,Not applicable,Not applicable,398508
2025,4,Georgia,October Employment,4908311,4910209,Not applicable,Not applicable,Not applicable,4910209
2025,4,Georgia,November Employment,4930893,4933680,Not applicable,Not applicable,Not applicable,4933680
2025,4,Georgia,December Employment,4925351,4929284,Not applicable,Not applicable,Not applicable,4929284
2025,4,Georgia,Total Quarterly Wages,92152186781,92185247722,Not applicable,Not applicable,Not applicable,92185247722
2025,4,Hawaii,Quarterly Establishments,62979,63090,Not applicable,Not applicable,Not applicable,63090
2025,4,Hawaii,October Employment,646774,647400,Not applicable,Not applicable,Not applicable,647400
2025,4,Hawaii,November Employment,649117,649754,Not applicable,Not applicable,Not applicable,649754
2025,4,Hawaii,December Employment,649986,650685,Not applicable,Not applicable,Not applicable,650685
2025,4,Hawaii,Total Quarterly Wages,11895253259,11914593436,Not applicable,Not applicable,Not applicable,11914593436
2025,4,Idaho,Quarterly Establishments,104301,100943,Not applicable,Not applicable,Not applicable,100943
2025,4,Idaho,October Employment,889542,889832,Not applicable,Not applicable,Not applicable,889832
2025,4,Idaho,November Employment,880149,880554,Not applicable,Not applicable,Not applicable,880554
2025,4,Idaho,December Employment,875673,876311,Not applicable,Not applicable,Not applicable,876311
2025,4,Idaho,Total Quarterly Wages,14941299788,14946723711,Not applicable,Not applicable,Not applicable,14946723711
2025,4,Illinois,Quarterly Establishments,387713,387071,Not applicable,Not applicable,Not applicable,387071
2025,4,Illinois,October Employment,6116019,6120390,Not applicable,Not applicable,Not applicable,6120390
2025,4,Illinois,November Employment,6113435,6117654,Not applicable,Not applicable,Not applicable,6117654
2025,4,Illinois,December Employment,6089513,6094328,Not applicable,Not applicable,Not applicable,6094328
2025,4,Illinois,Total Quarterly Wages,126074902473,126128387941,Not applicable,Not applicable,Not applicable,126128387941
2025,4,Indiana,Quarterly Establishments,195627,193273,Not applicable,Not applicable,Not applicable,193273
2025,4,Indiana,October Employment,3211631,3214540,Not applicable,Not applicable,Not applicable,3214540
2025,4,Indiana,November Employment,3216143,3219082,Not applicable,Not applicable,Not applicable,3219082
2025,4,Indiana,December Employment,3211183,3214553,Not applicable,Not applicable,Not applicable,3214553
2025,4,Indiana,Total Quarterly Wages,53306996194,53346100053,Not applicable,Not applicable,Not applicable,53346100053
2025,4,Iowa,Quarterly Establishments,110565,112130,Not applicable,Not applicable,Not applicable,112130
2025,4,Iowa,October Employment,1569398,1569003,Not applicable,Not applicable,Not applicable,1569003
2025,4,Iowa,November Employment,1569439,1569798,Not applicable,Not applicable,Not applicable,1569798
2025,4,Iowa,December Employment,1560023,1560655,Not applicable,Not applicable,Not applicable,1560655
2025,4,Iowa,Total Quarterly Wages,26093570221,26116905661,Not applicable,Not applicable,Not applicable,26116905661
2025,4,Kansas,Quarterly Establishments,101846,99817,Not applicable,Not applicable,Not applicable,99817
2025,4,Kansas,October Employment,1445958,1445947,Not applicable,Not applicable,Not applicable,1445947
2025,4,Kansas,November Employment,1447134,1447133,Not applicable,Not applicable,Not applicable,1447133
2025,4,Kansas,December Employment,1443168,1443348,Not applicable,Not applicable,Not applicable,1443348
2025,4,Kansas,Total Quarterly Wages,23833408428,23828386354,Not applicable,Not applicable,Not applicable,23828386354
2025,4,Kentucky,Quarterly Establishments,161316,161836,Not applicable,Not applicable,Not applicable,161836
2025,4,Kentucky,October Employment,2008220,2011679,Not applicable,Not applicable,Not applicable,2011679
2025,4,Kentucky,November Employment,2010281,2013792,Not applicable,Not applicable,Not applicable,2013792
2025,4,Kentucky,December Employment,2008711,2013193,Not applicable,Not applicable,Not applicable,2013193
2025,4,Kentucky,Total Quarterly Wages,32256342968,32272174189,Not applicable,Not applicable,Not applicable,32272174189
2025,4,Louisiana,Quarterly Establishments,159189,158866,Not applicable,Not applicable,Not applicable,158866
2025,4,Louisiana,October Employment,1930620,1934825,Not applicable,Not applicable,Not applicable,1934825
2025,4,Louisiana,November Employment,1931170,1935063,Not applicable,Not applicable,Not applicable,1935063
2025,4,Louisiana,December Employment,1927323,1931700,Not applicable,Not applicable,Not applicable,1931700
2025,4,Louisiana,Total Quarterly Wages,31795836031,31859696508,Not applicable,Not applicable,Not applicable,31859696508
2025,4,Maine,Quarterly Establishments,67564,67364,Not applicable,Not applicable,Not applicable,67364
2025,4,Maine,October Employment,656867,657859,Not applicable,Not applicable,Not applicable,657859
2025,4,Maine,November Employment,646018,646809,Not applicable,Not applicable,Not applicable,646809
2025,4,Maine,December Employment,644679,645712,Not applicable,Not applicable,Not applicable,645712
2025,4,Maine,Total Quarterly Wages,11242439104,11252626115,Not applicable,Not applicable,Not applicable,11252626115
2025,4,Maryland,Quarterly Establishments,199500,198867,Not applicable,Not applicable,Not applicable,198867
2025,4,Maryland,October Employment,2750746,2754599,Not applicable,Not applicable,Not applicable,2754599
2025,4,Maryland,November Employment,2755068,2757547,Not applicable,Not applicable,Not applicable,2757547
2025,4,Maryland,December Employment,2754574,2758521,Not applicable,Not applicable,Not applicable,2758521
2025,4,Maryland,Total Quarterly Wages,57845648271,57881062722,Not applicable,Not applicable,Not applicable,57881062722
2025,4,Massachusetts,Quarterly Establishments,298471,300738,Not applicable,Not applicable,Not applicable,300738
2025,4,Massachusetts,October Employment,3645982,3658319,Not applicable,Not applicable,Not applicable,3658319
2025,4,Massachusetts,November Employment,3637276,3650871,Not applicable,Not applicable,Not applicable,3650871
2025,4,Massachusetts,December Employment,3625513,3640697,Not applicable,Not applicable,Not applicable,3640697
2025,4,Massachusetts,Total Quarterly Wages,93605386713,93936629073,Not applicable,Not applicable,Not applicable,93936629073
2025,4,Michigan,Quarterly Establishments,316871,316740,Not applicable,Not applicable,Not applicable,316740
2025,4,Michigan,October Employment,4450675,4452057,Not applicable,Not applicable,Not applicable,4452057
2025,4,Michigan,November Employment,4431035,4432579,Not applicable,Not applicable,Not applicable,4432579
2025,4,Michigan,December Employment,4412714,4414930,Not applicable,Not applicable,Not applicable,4414930
2025,4,Michigan,Total Quarterly Wages,82218981326,82222682864,Not applicable,Not applicable,Not applicable,82222682864
2025,4,Minnesota,Quarterly Establishments,215243,214061,Not applicable,Not applicable,Not applicable,214061
2025,4,Minnesota,October Employment,2981797,2982430,Not applicable,Not applicable,Not applicable,2982430
2025,4,Minnesota,November Employment,2965796,2966975,Not applicable,Not applicable,Not applicable,2966975
2025,4,Minnesota,December Employment,2947969,2947681,Not applicable,Not applicable,Not applicable,2947681
2025,4,Minnesota,Total Quarterly Wages,57999345481,58013730470,Not applicable,Not applicable,Not applicable,58013730470
2025,4,Mississippi,Quarterly Establishments,92197,92143,Not applicable,Not applicable,Not applicable,92143
2025,4,Mississippi,October Employment,1177485,1179975,Not applicable,Not applicable,Not applicable,1179975
2025,4,Mississippi,November Employment,1181861,1184347,Not applicable,Not applicable,Not applicable,1184347
2025,4,Mississippi,December Employment,1180882,1182590,Not applicable,Not applicable,Not applicable,1182590
2025,4,Mississippi,Total Quarterly Wages,16491436756,16506777859,Not applicable,Not applicable,Not applicable,16506777859
2025,4,Missouri,Quarterly Establishments,259908,259397,Not applicable,Not applicable,Not applicable,259397
2025,4,Missouri,October Employment,2926521,2928090,Not applicable,Not applicable,Not applicable,2928090
2025,4,Missouri,November Employment,2930347,2932067,Not applicable,Not applicable,Not applicable,2932067
2025,4,Missouri,December Employment,2920764,2922330,Not applicable,Not applicable,Not applicable,2922330
2025,4,Missouri,Total Quarterly Wages,50365154795,50437083192,Not applicable,Not applicable,Not applicable,50437083192
2025,4,Montana,Quarterly Establishments,62339,62029,Not applicable,Not applicable,Not applicable,62029
2025,4,Montana,October Employment,515848,515959,Not applicable,Not applicable,Not applicable,515959
2025,4,Montana,November Employment,511007,511240,Not applicable,Not applicable,Not applicable,511240
2025,4,Montana,December Employment,512262,512169,Not applicable,Not applicable,Not applicable,512169
2025,4,Montana,Total Quarterly Wages,8641345154,8636211598,Not applicable,Not applicable,Not applicable,8636211598
2025,4,Nebraska,Quarterly Establishments,78514,77736,Not applicable,Not applicable,Not applicable,77736
2025,4,Nebraska,October Employment,1029490,1030123,Not applicable,Not applicable,Not applicable,1030123
2025,4,Nebraska,November Employment,1027198,1028020,Not applicable,Not applicable,Not applicable,1028020
2025,4,Nebraska,December Employment,1024004,1025156,Not applicable,Not applicable,Not applicable,1025156
2025,4,Nebraska,Total Quarterly Wages,17024762508,17037641275,Not applicable,Not applicable,Not applicable,17037641275
2025,4,Nevada,Quarterly Establishments,111022,111111,Not applicable,Not applicable,Not applicable,111111
2025,4,Nevada,October Employment,1595358,1597301,Not applicable,Not applicable,Not applicable,1597301
2025,4,Nevada,November Employment,1596619,1598857,Not applicable,Not applicable,Not applicable,1598857
2025,4,Nevada,December Employment,1592127,1594822,Not applicable,Not applicable,Not applicable,1594822
2025,4,Nevada,Total Quarterly Wages,28921409517,28987496487,Not applicable,Not applicable,Not applicable,28987496487
2025,4,New Hampshire,Quarterly Establishments,67879,68269,Not applicable,Not applicable,Not applicable,68269
2025,4,New Hampshire,October Employment,688922,690330,Not applicable,Not applicable,Not applicable,690330
2025,4,New Hampshire,November Employment,685856,687728,Not applicable,Not applicable,Not applicable,687728
2025,4,New Hampshire,December Employment,688827,691066,Not applicable,Not applicable,Not applicable,691066
2025,4,New Hampshire,Total Quarterly Wages,14769645055,14802288629,Not applicable,Not applicable,Not applicable,14802288629
2025,4,New Jersey,Quarterly Establishments,343057,340045,Not applicable,Not applicable,Not applicable,340045
2025,4,New Jersey,October Employment,4312477,4316689,Not applicable,Not applicable,Not applicable,4316689
2025,4,New Jersey,November Employment,4332405,4336364,Not applicable,Not applicable,Not applicable,4336364
2025,4,New Jersey,December Employment,4343082,4345992,Not applicable,Not applicable,Not applicable,4345992
2025,4,New Jersey,Total Quarterly Wages,95156855392,95235025262,Not applicable,Not applicable,Not applicable,95235025262
2025,4,New Mexico,Quarterly Establishments,69695,69663,Not applicable,Not applicable,Not applicable,69663
2025,4,New Mexico,October Employment,878221,880218,Not applicable,Not applicable,Not applicable,880218
2025,4,New Mexico,November Employment,876438,879027,Not applicable,Not applicable,Not applicable,879027
2025,4,New Mexico,December Employment,875271,877810,Not applicable,Not applicable,Not applicable,877810
2025,4,New Mexico,Total Quarterly Wages,14530410694,14554279232,Not applicable,Not applicable,Not applicable,14554279232
2025,4,New York,Quarterly Establishments,719096,711734,Not applicable,Not applicable,Not applicable,711734
2025,4,New York,October Employment,9888842,9888966,Not applicable,Not applicable,Not applicable,9888966
2025,4,New York,November Employment,9910306,9912231,Not applicable,Not applicable,Not applicable,9912231
2025,4,New York,December Employment,9907516,9911335,Not applicable,Not applicable,Not applicable,9911335
2025,4,New York,Total Quarterly Wages,254204383880,254236932235,Not applicable,Not applicable,Not applicable,254236932235
2025,4,North Carolina,Quarterly Establishments,392124,368233,Not applicable,Not applicable,Not applicable,368233
2025,4,North Carolina,October Employment,4991052,4994545,Not applicable,Not applicable,Not applicable,4994545
2025,4,North Carolina,November Employment,5001325,5005094,Not applicable,Not applicable,Not applicable,5005094
2025,4,North Carolina,December Employment,4991060,4995320,Not applicable,Not applicable,Not applicable,4995320
2025,4,North Carolina,Total Quarterly Wages,91513717167,91572142093,Not applicable,Not applicable,Not applicable,91572142093
2025,4,North Dakota,Quarterly Establishments,37001,37001,Not applicable,Not applicable,Not applicable,37001
2025,4,North Dakota,October Employment,436563,436563,Not applicable,Not applicable,Not applicable,436563
2025,4,North Dakota,November Employment,435089,435089,Not applicable,Not applicable,Not applicable,435089
2025,4,North Dakota,December Employment,430365,430365,Not applicable,Not applicable,Not applicable,430365
2025,4,North Dakota,Total Quarterly Wages,7615525912,7615525912,Not applicable,Not applicable,Not applicable,7615525912
2025,4,Ohio,Quarterly Establishments,348487,349384,Not applicable,Not applicable,Not applicable,349384
2025,4,Ohio,October Employment,5580364,5581781,Not applicable,Not applicable,Not applicable,5581781
2025,4,Ohio,November Employment,5578147,5580080,Not applicable,Not applicable,Not applicable,5580080
2025,4,Ohio,December Employment,5554398,5556469,Not applicable,Not applicable,Not applicable,5556469
2025,4,Ohio,Total Quarterly Wages,98344657150,98376260705,Not applicable,Not applicable,Not applicable,98376260705
2025,4,Oklahoma,Quarterly Establishments,129339,129515,Not applicable,Not applicable,Not applicable,129515
2025,4,Oklahoma,October Employment,1713870,1715958,Not applicable,Not applicable,Not applicable,1715958
2025,4,Oklahoma,November Employment,1716200,1718520,Not applicable,Not applicable,Not applicable,1718520
2025,4,Oklahoma,December Employment,1717109,1719520,Not applicable,Not applicable,Not applicable,1719520
2025,4,Oklahoma,Total Quarterly Wages,27138388172,27177440678,Not applicable,Not applicable,Not applicable,27177440678
2025,4,Oregon,Quarterly Establishments,177889,177213,Not applicable,Not applicable,Not applicable,177213
2025,4,Oregon,October Employment,1995800,1998531,Not applicable,Not applicable,Not applicable,1998531
2025,4,Oregon,November Employment,1983440,1986479,Not applicable,Not applicable,Not applicable,1986479
2025,4,Oregon,December Employment,1975809,1979354,Not applicable,Not applicable,Not applicable,1979354
2025,4,Oregon,Total Quarterly Wages,37876833019,37899812792,Not applicable,Not applicable,Not applicable,37899812792
2025,4,Pennsylvania,Quarterly Establishments,398124,388278,Not applicable,Not applicable,Not applicable,388278
2025,4,Pennsylvania,October Employment,6093878,6095304,Not applicable,Not applicable,Not applicable,6095304
2025,4,Pennsylvania,November Employment,6096624,6098410,Not applicable,Not applicable,Not applicable,6098410
2025,4,Pennsylvania,December Employment,6094837,6099744,Not applicable,Not applicable,Not applicable,6099744
2025,4,Pennsylvania,Total Quarterly Wages,116504754869,116548203368,Not applicable,Not applicable,Not applicable,116548203368
2025,4,Rhode Island,Quarterly Establishments,49059,49233,Not applicable,Not applicable,Not applicable,49233
2025,4,Rhode Island,October Employment,504274,504362,Not applicable,Not applicable,Not applicable,504362
2025,4,Rhode Island,November Employment,502132,502204,Not applicable,Not applicable,Not applicable,502204
2025,4,Rhode Island,December Employment,500305,500299,Not applicable,Not applicable,Not applicable,500299
2025,4,Rhode Island,Total Quarterly Wages,9331738322,9332742651,Not applicable,Not applicable,Not applicable,9332742651
2025,4,South Carolina,Quarterly Establishments,192426,192490,Not applicable,Not applicable,Not applicable,192490
2025,4,South Carolina,October Employment,2338022,2340882,Not applicable,Not applicable,Not applicable,2340882
2025,4,South Carolina,November Employment,2345114,2348149,Not applicable,Not applicable,Not applicable,2348149
2025,4,South Carolina,December Employment,2344709,2347711,Not applicable,Not applicable,Not applicable,2347711
2025,4,South Carolina,Total Quarterly Wages,38868416551,38903123467,Not applicable,Not applicable,Not applicable,38903123467
2025,4,South Dakota,Quarterly Establishments,41170,41145,Not applicable,Not applicable,Not applicable,41145
2025,4,South Dakota,October Employment,464034,464363,Not applicable,Not applicable,Not applicable,464363
2025,4,South Dakota,November Employment,460291,460309,Not applicable,Not applicable,Not applicable,460309
2025,4,South Dakota,December Employment,458904,458888,Not applicable,Not applicable,Not applicable,458888
2025,4,South Dakota,Total Quarterly Wages,7371225024,7371617909,Not applicable,Not applicable,Not applicable,7371617909
2025,4,Tennessee,Quarterly Establishments,225203,221207,Not applicable,Not applicable,Not applicable,221207
2025,4,Tennessee,October Employment,3279412,3290137,Not applicable,Not applicable,Not applicable,3290137
2025,4,Tennessee,November Employment,3290379,3304060,Not applicable,Not applicable,Not applicable,3304060
2025,4,Tennessee,December Employment,3281637,3296911,Not applicable,Not applicable,Not applicable,3296911
2025,4,Tennessee,Total Quarterly Wages,60783221443,61071502657,Not applicable,Not applicable,Not applicable,61071502657
2025,4,Texas,Quarterly Establishments,860781,864454,Not applicable,Not applicable,Not applicable,864454
2025,4,Texas,October Employment,14209962,14225617,Not applicable,Not applicable,Not applicable,14225617
2025,4,Texas,November Employment,14260489,14277655,Not applicable,Not applicable,Not applicable,14277655
2025,4,Texas,December Employment,14255229,14276406,Not applicable,Not applicable,Not applicable,14276406
2025,4,Texas,Total Quarterly Wages,286798263167,286956893496,Not applicable,Not applicable,Not applicable,286956893496
2025,4,Utah,Quarterly Establishments,144622,144678,Not applicable,Not applicable,Not applicable,144678
2025,4,Utah,October Employment,1764661,1763897,Not applicable,Not applicable,Not applicable,1763897
2025,4,Utah,November Employment,1764860,1765184,Not applicable,Not applicable,Not applicable,1765184
2025,4,Utah,December Employment,1761550,1763135,Not applicable,Not applicable,Not applicable,1763135
2025,4,Utah,Total Quarterly Wages,31854638531,31869141502,Not applicable,Not applicable,Not applicable,31869141502
2025,4,Vermont,Quarterly Establishments,34450,34124,Not applicable,Not applicable,Not applicable,34124
2025,4,Vermont,October Employment,308495,309058,Not applicable,Not applicable,Not applicable,309058
2025,4,Vermont,November Employment,306012,306620,Not applicable,Not applicable,Not applicable,306620
2025,4,Vermont,December Employment,309329,310012,Not applicable,Not applicable,Not applicable,310012
2025,4,Vermont,Total Quarterly Wages,5516539776,5536183336,Not applicable,Not applicable,Not applicable,5536183336
2025,4,Virginia,Quarterly Establishments,324001,320881,Not applicable,Not applicable,Not applicable,320881
2025,4,Virginia,October Employment,4160375,4162023,Not applicable,Not applicable,Not applicable,4162023
2025,4,Virginia,November Employment,4174286,4176133,Not applicable,Not applicable,Not applicable,4176133
2025,4,Virginia,December Employment,4166869,4167787,Not applicable,Not applicable,Not applicable,4167787
2025,4,Virginia,Total Quarterly Wages,85873662979,85905279149,Not applicable,Not applicable,Not applicable,85905279149
2025,4,Washington,Quarterly Establishments,242069,243227,Not applicable,Not applicable,Not applicable,243227
2025,4,Washington,October Employment,3622552,3611289,Not applicable,Not applicable,Not applicable,3611289
2025,4,Washington,November Employment,3601414,3590418,Not applicable,Not applicable,Not applicable,3590418
2025,4,Washington,December Employment,3590293,3579151,Not applicable,Not applicable,Not applicable,3579151
2025,4,Washington,Total Quarterly Wages,91267248339,91196935949,Not applicable,Not applicable,Not applicable,91196935949
2025,4,West Virginia,Quarterly Establishments,62814,62909,Not applicable,Not applicable,Not applicable,62909
2025,4,West Virginia,October Employment,700680,703285,Not applicable,Not applicable,Not applicable,703285
2025,4,West Virginia,November Employment,700555,702247,Not applicable,Not applicable,Not applicable,702247
2025,4,West Virginia,December Employment,698272,700117,Not applicable,Not applicable,Not applicable,700117
2025,4,West Virginia,Total Quarterly Wages,10942701552,10975417860,Not applicable,Not applicable,Not applicable,10975417860
2025,4,Wisconsin,Quarterly Establishments,213887,207966,Not applicable,Not applicable,Not applicable,207966
2025,4,Wisconsin,October Employment,2966234,2968418,Not applicable,Not applicable,Not applicable,2968418
2025,4,Wisconsin,November Employment,2952409,2954645,Not applicable,Not applicable,Not applicable,2954645
2025,4,Wisconsin,December Employment,2946163,2949187,Not applicable,Not applicable,Not applicable,2949187
2025,4,Wisconsin,Total Quarterly Wages,51720907873,51751150185,Not applicable,Not applicable,Not applicable,51751150185
2025,4,Wyoming,Quarterly Establishments,31669,31406,Not applicable,Not applicable,Not applicable,31406
2025,4,Wyoming,October Employment,283299,283684,Not applicable,Not applicable,Not applicable,283684
2025,4,Wyoming,November Employment,277778,278104,Not applicable,Not applicable,Not applicable,278104
2025,4,Wyoming,December Employment,278386,279106,Not applicable,Not applicable,Not applicable,279106
2025,4,Wyoming,Total Quarterly Wages,4716892907,4726709337,Not applicable,Not applicable,Not applicable,4726709337
2025,4,Puerto Rico,Quarterly Establishments,53474,52619,Not applicable,Not applicable,Not applicable,52619
2025,4,Puerto Rico,October Employment,947927,948460,Not applicable,Not applicable,Not applicable,948460
2025,4,Puerto Rico,November Employment,957786,958302,Not applicable,Not applicable,Not applicable,958302
2025,4,Puerto Rico,December Employment,974662,975453,Not applicable,Not applicable,Not applicable,975453
2025,4,Puerto Rico,Total Quarterly Wages,9168523981,9174730850,Not applicable,Not applicable,Not applicable,9174730850
2025,4,Virgin Islands,Quarterly Establishments,2951,2967,Not applicable,Not applicable,Not applicable,2967
2025,4,Virgin Islands,October Employment,33523,33710,Not applicable,Not applicable,Not applicable,33710
2025,4,Virgin Islands,November Employment,34160,34336,Not applicable,Not applicable,Not applicable,34336
2025,4,Virgin Islands,December Employment,34672,34852,Not applicable,Not applicable,Not applicable,34852
2025,4,Virgin Islands,Total Quarterly Wages,473509743,476988935,Not applicable,Not applicable,Not applicable,476988935
2026,1,United States,Quarterly Establishments,12381750,Not yet published,Not yet published,Not yet published,Not yet published,Not yet published
2026,1,United States,January Employment,154172010,Not yet published,Not yet published,Not yet published,Not yet published,Not yet published
2026,1,United States,February Employment,154387351,Not yet published,Not yet published,Not yet published,Not yet published,Not yet published
2026,1,United States,March Employment,154771941,Not yet published,Not yet published,Not yet published,Not yet published,Not yet published
2026,1,United States,Total Quarterly Wages,3320292610180,Not yet published,Not yet published,Not yet published,Not yet published,Not yet published
2026,1,Alabama,Quarterly Establishments,168681,Not yet published,Not yet published,Not yet published,Not yet published,Not yet published
2026,1,Alabama,January Employment,2112960,Not yet published,Not yet published,Not yet published,Not yet published,Not yet published
2026,1,Alabama,February Employment,2120071,Not yet published,Not yet published,Not yet published,Not yet published,Not yet published
2026,1,Alabama,March Employment,2121230,Not yet published,Not yet published,Not yet published,Not yet published,Not yet published
2026,1,Alabama,Total Quarterly Wages,35561891897,Not yet published,Not yet published,Not yet published,Not yet published,Not yet published
2026,1,Alaska,Quarterly Establishments,25401,Not yet published,Not yet published,Not yet published,Not yet published,Not yet published
2026,1,Alaska,January Employment,316000,Not yet published,Not yet published,Not yet published,Not yet published,Not yet published
2026,1,Alaska,February Employment,319684,Not yet published,Not yet published,Not yet published,Not yet published,Not yet published
2026,1,Alaska,March Employment,320096,Not yet published,Not yet published,Not yet published,Not yet published,Not yet published
2026,1,Alaska,Total Quarterly Wages,6292742521,Not yet published,Not yet published,Not yet published,Not yet published,Not yet published
2026,1,Arizona,Quarterly Establishments,227835,Not yet published,Not yet published,Not yet published,Not yet published,Not yet published
2026,1,Arizona,January Employment,3239035,Not yet published,Not yet published,Not yet published,Not yet published,Not yet published
2026,1,Arizona,February Employment,3256099,Not yet published,Not yet published,Not yet published,Not yet published,Not yet published
2026,1,Arizona,March Employment,3249138,Not yet published,Not yet published,Not yet published,Not yet published,Not yet published
2026,1,Arizona,Total Quarterly Wages,63138175585,Not yet published,Not yet published,Not yet published,Not yet published,Not yet published
2026,1,Arkansas,Quarterly Establishments,109385,Not yet published,Not yet published,Not yet published,Not yet published,Not yet published
2026,1,Arkansas,January Employment,1296735,Not yet published,Not yet published,Not yet published,Not yet published,Not yet published
2026,1,Arkansas,February Employment,1297963,Not yet published,Not yet published,Not yet published,Not yet published,Not yet published
2026,1,Arkansas,March Employment,1305223,Not yet published,Not yet published,Not yet published,Not yet published,Not yet published
2026,1,Arkansas,Total Quarterly Wages,21809247358,Not yet published,Not yet published,Not yet published,Not yet published,Not yet published
2026,1,California,Quarterly Establishments,1990701,Not yet published,Not yet published,Not yet published,Not yet published,Not yet published
2026,1,California,January Employment,18095223,Not yet published,Not yet published,Not yet published,Not yet published,Not yet published
2026,1,California,February Employment,18186278,Not yet published,Not yet published,Not yet published,Not yet published,Not yet published
2026,1,California,March Employment,18211770,Not yet published,Not yet published,Not yet published,Not yet published,Not yet published
2026,1,California,Total Quarterly Wages,469075557891,Not yet published,Not yet published,Not yet published,Not yet published,Not yet published
2026,1,Colorado,Quarterly Establishments,264727,Not yet published,Not yet published,Not yet published,Not yet published,Not yet published
2026,1,Colorado,January Employment,2855568,Not yet published,Not yet published,Not yet published,Not yet published,Not yet published
2026,1,Colorado,February Employment,2853261,Not yet published,Not yet published,Not yet published,Not yet published,Not yet published
2026,1,Colorado,March Employment,2848514,Not yet published,Not yet published,Not yet published,Not yet published,Not yet published
2026,1,Colorado,Total Quarterly Wages,65793075495,Not yet published,Not yet published,Not yet published,Not yet published,Not yet published
2026,1,Connecticut,Quarterly Establishments,149963,Not yet published,Not yet published,Not yet published,Not yet published,Not yet published
2026,1,Connecticut,January Employment,1668027,Not yet published,Not yet published,Not yet published,Not yet published,Not yet published
2026,1,Connecticut,February Employment,1663859,Not yet published,Not yet published,Not yet published,Not yet published,Not yet published
2026,1,Connecticut,March Employment,1668156,Not yet published,Not yet published,Not yet published,Not yet published,Not yet published
2026,1,Connecticut,Total Quarterly Wages,45060081037,Not yet published,Not yet published,Not yet published,Not yet published,Not yet published
2026,1,Delaware,Quarterly Establishments,47081,Not yet published,Not yet published,Not yet published,Not yet published,Not yet published
2026,1,Delaware,January Employment,472371,Not yet published,Not yet published,Not yet published,Not yet published,Not yet published
2026,1,Delaware,February Employment,470491,Not yet published,Not yet published,Not yet published,Not yet published,Not yet published
2026,1,Delaware,March Employment,473598,Not yet published,Not yet published,Not yet published,Not yet published,Not yet published
2026,1,Delaware,Total Quarterly Wages,9856061518,Not yet published,Not yet published,Not yet published,Not yet published,Not yet published
2026,1,District of Columbia,Quarterly Establishments,51365,Not yet published,Not yet published,Not yet published,Not yet published,Not yet published
2026,1,District of Columbia,January Employment,713154,Not yet published,Not yet published,Not yet published,Not yet published,Not yet published
2026,1,District of Columbia,February Employment,714584,Not yet published,Not yet published,Not yet published,Not yet published,Not yet published
2026,1,District of Columbia,March Employment,715766,Not yet published,Not yet published,Not yet published,Not yet published,Not yet published
2026,1,District of Columbia,Total Quarterly Wages,25312617109,Not yet published,Not yet published,Not yet published,Not yet published,Not yet published
2026,1,Florida,Quarterly Establishments,894107,Not yet published,Not yet published,Not yet published,Not yet published,Not yet published
2026,1,Florida,January Employment,9930015,Not yet published,Not yet published,Not yet published,Not yet published,Not yet published
2026,1,Florida,February Employment,9960063,Not yet published,Not yet published,Not yet published,Not yet published,Not yet published
2026,1,Florida,March Employment,9962755,Not yet published,Not yet published,Not yet published,Not yet published,Not yet published
2026,1,Florida,Total Quarterly Wages,196379174534,Not yet published,Not yet published,Not yet published,Not yet published,Not yet published
2026,1,Georgia,Quarterly Establishments,397430,Not yet published,Not yet published,Not yet published,Not yet published,Not yet published
2026,1,Georgia,January Employment,4852281,Not yet published,Not yet published,Not yet published,Not yet published,Not yet published
2026,1,Georgia,February Employment,4863006,Not yet published,Not yet published,Not yet published,Not yet published,Not yet published
2026,1,Georgia,March Employment,4865240,Not yet published,Not yet published,Not yet published,Not yet published,Not yet published
2026,1,Georgia,Total Quarterly Wages,97247526079,Not yet published,Not yet published,Not yet published,Not yet published,Not yet published
2026,1,Hawaii,Quarterly Establishments,64578,Not yet published,Not yet published,Not yet published,Not yet published,Not yet published
2026,1,Hawaii,January Employment,642210,Not yet published,Not yet published,Not yet published,Not yet published,Not yet published
2026,1,Hawaii,February Employment,646955,Not yet published,Not yet published,Not yet published,Not yet published,Not yet published
2026,1,Hawaii,March Employment,643896,Not yet published,Not yet published,Not yet published,Not yet published,Not yet published
2026,1,Hawaii,Total Quarterly Wages,11616244292,Not yet published,Not yet published,Not yet published,Not yet published,Not yet published
2026,1,Idaho,Quarterly Establishments,100763,Not yet published,Not yet published,Not yet published,Not yet published,Not yet published
2026,1,Idaho,January Employment,864116,Not yet published,Not yet published,Not yet published,Not yet published,Not yet published
2026,1,Idaho,February Employment,865096,Not yet published,Not yet published,Not yet published,Not yet published,Not yet published
2026,1,Idaho,March Employment,867879,Not yet published,Not yet published,Not yet published,Not yet published,Not yet published
2026,1,Idaho,Total Quarterly Wages,14108091006,Not yet published,Not yet published,Not yet published,Not yet published,Not yet published
2026,1,Illinois,Quarterly Establishments,389406,Not yet published,Not yet published,Not yet published,Not yet published,Not yet published
2026,1,Illinois,January Employment,5957733,Not yet published,Not yet published,Not yet published,Not yet published,Not yet published
2026,1,Illinois,February Employment,5955081,Not yet published,Not yet published,Not yet published,Not yet published,Not yet published
2026,1,Illinois,March Employment,5992382,Not yet published,Not yet published,Not yet published,Not yet published,Not yet published
2026,1,Illinois,Total Quarterly Wages,134307715837,Not yet published,Not yet published,Not yet published,Not yet published,Not yet published
2026,1,Indiana,Quarterly Establishments,197708,Not yet published,Not yet published,Not yet published,Not yet published,Not yet published
2026,1,Indiana,January Employment,3146153,Not yet published,Not yet published,Not yet published,Not yet published,Not yet published
2026,1,Indiana,February Employment,3148604,Not yet published,Not yet published,Not yet published,Not yet published,Not yet published
2026,1,Indiana,March Employment,3160699,Not yet published,Not yet published,Not yet published,Not yet published,Not yet published
2026,1,Indiana,Total Quarterly Wages,55559932972,Not yet published,Not yet published,Not yet published,Not yet published,Not yet published
2026,1,Iowa,Quarterly Establishments,110818,Not yet published,Not yet published,Not yet published,Not yet published,Not yet published
2026,1,Iowa,January Employment,1534180,Not yet published,Not yet published,Not yet published,Not yet published,Not yet published
2026,1,Iowa,February Employment,1534828,Not yet published,Not yet published,Not yet published,Not yet published,Not yet published
2026,1,Iowa,March Employment,1537509,Not yet published,Not yet published,Not yet published,Not yet published,Not yet published
2026,1,Iowa,Total Quarterly Wages,25977323357,Not yet published,Not yet published,Not yet published,Not yet published,Not yet published
2026,1,Kansas,Quarterly Establishments,102222,Not yet published,Not yet published,Not yet published,Not yet published,Not yet published
2026,1,Kansas,January Employment,1421792,Not yet published,Not yet published,Not yet published,Not yet published,Not yet published
2026,1,Kansas,February Employment,1425771,Not yet published,Not yet published,Not yet published,Not yet published,Not yet published
2026,1,Kansas,March Employment,1425330,Not yet published,Not yet published,Not yet published,Not yet published,Not yet published
2026,1,Kansas,Total Quarterly Wages,23806665838,Not yet published,Not yet published,Not yet published,Not yet published,Not yet published
2026,1,Kentucky,Quarterly Establishments,162989,Not yet published,Not yet published,Not yet published,Not yet published,Not yet published
2026,1,Kentucky,January Employment,1971892,Not yet published,Not yet published,Not yet published,Not yet published,Not yet published
2026,1,Kentucky,February Employment,1968969,Not yet published,Not yet published,Not yet published,Not yet published,Not yet published
2026,1,Kentucky,March Employment,1979083,Not yet published,Not yet published,Not yet published,Not yet published,Not yet published
2026,1,Kentucky,Total Quarterly Wages,32006736032,Not yet published,Not yet published,Not yet published,Not yet published,Not yet published
2026,1,Louisiana,Quarterly Establishments,159569,Not yet published,Not yet published,Not yet published,Not yet published,Not yet published
2026,1,Louisiana,January Employment,1910704,Not yet published,Not yet published,Not yet published,Not yet published,Not yet published
2026,1,Louisiana,February Employment,1916795,Not yet published,Not yet published,Not yet published,Not yet published,Not yet published
2026,1,Louisiana,March Employment,1917226,Not yet published,Not yet published,Not yet published,Not yet published,Not yet published
2026,1,Louisiana,Total Quarterly Wages,31713125340,Not yet published,Not yet published,Not yet published,Not yet published,Not yet published
2026,1,Maine,Quarterly Establishments,67483,Not yet published,Not yet published,Not yet published,Not yet published,Not yet published
2026,1,Maine,January Employment,630523,Not yet published,Not yet published,Not yet published,Not yet published,Not yet published
2026,1,Maine,February Employment,628644,Not yet published,Not yet published,Not yet published,Not yet published,Not yet published
2026,1,Maine,March Employment,629100,Not yet published,Not yet published,Not yet published,Not yet published,Not yet published
2026,1,Maine,Total Quarterly Wages,10861398654,Not yet published,Not yet published,Not yet published,Not yet published,Not yet published
2026,1,Maryland,Quarterly Establishments,201135,Not yet published,Not yet published,Not yet published,Not yet published,Not yet published
2026,1,Maryland,January Employment,2698794,Not yet published,Not yet published,Not yet published,Not yet published,Not yet published
2026,1,Maryland,February Employment,2691497,Not yet published,Not yet published,Not yet published,Not yet published,Not yet published
2026,1,Maryland,March Employment,2700282,Not yet published,Not yet published,Not yet published,Not yet published,Not yet published
2026,1,Maryland,Total Quarterly Wages,58742273539,Not yet published,Not yet published,Not yet published,Not yet published,Not yet published
2026,1,Massachusetts,Quarterly Establishments,296429,Not yet published,Not yet published,Not yet published,Not yet published,Not yet published
2026,1,Massachusetts,January Employment,3553476,Not yet published,Not yet published,Not yet published,Not yet published,Not yet published
2026,1,Massachusetts,February Employment,3544251,Not yet published,Not yet published,Not yet published,Not yet published,Not yet published
2026,1,Massachusetts,March Employment,3552946,Not yet published,Not yet published,Not yet published,Not yet published,Not yet published
2026,1,Massachusetts,Total Quarterly Wages,101580577583,Not yet published,Not yet published,Not yet published,Not yet published,Not yet published
2026,1,Michigan,Quarterly Establishments,312614,Not yet published,Not yet published,Not yet published,Not yet published,Not yet published
2026,1,Michigan,January Employment,4354178,Not yet published,Not yet published,Not yet published,Not yet published,Not yet published
2026,1,Michigan,February Employment,4353563,Not yet published,Not yet published,Not yet published,Not yet published,Not yet published
2026,1,Michigan,March Employment,4357481,Not yet published,Not yet published,Not yet published,Not yet published,Not yet published
2026,1,Michigan,Total Quarterly Wages,81814606627,Not yet published,Not yet published,Not yet published,Not yet published,Not yet published
2026,1,Minnesota,Quarterly Establishments,213906,Not yet published,Not yet published,Not yet published,Not yet published,Not yet published
2026,1,Minnesota,January Employment,2885391,Not yet published,Not yet published,Not yet published,Not yet published,Not yet published
2026,1,Minnesota,February Employment,2876252,Not yet published,Not yet published,Not yet published,Not yet published,Not yet published
2026,1,Minnesota,March Employment,2878068,Not yet published,Not yet published,Not yet published,Not yet published,Not yet published
2026,1,Minnesota,Total Quarterly Wages,61041795570,Not yet published,Not yet published,Not yet published,Not yet published,Not yet published
2026,1,Mississippi,Quarterly Establishments,93255,Not yet published,Not yet published,Not yet published,Not yet published,Not yet published
2026,1,Mississippi,January Employment,1162133,Not yet published,Not yet published,Not yet published,Not yet published,Not yet published
2026,1,Mississippi,February Employment,1164748,Not yet published,Not yet published,Not yet published,Not yet published,Not yet published
2026,1,Mississippi,March Employment,1162883,Not yet published,Not yet published,Not yet published,Not yet published,Not yet published
2026,1,Mississippi,Total Quarterly Wages,15897634296,Not yet published,Not yet published,Not yet published,Not yet published,Not yet published
2026,1,Missouri,Quarterly Establishments,263493,Not yet published,Not yet published,Not yet published,Not yet published,Not yet published
2026,1,Missouri,January Employment,2867563,Not yet published,Not yet published,Not yet published,Not yet published,Not yet published
2026,1,Missouri,February Employment,2877958,Not yet published,Not yet published,Not yet published,Not yet published,Not yet published
2026,1,Missouri,March Employment,2890458,Not yet published,Not yet published,Not yet published,Not yet published,Not yet published
2026,1,Missouri,Total Quarterly Wages,50678704154,Not yet published,Not yet published,Not yet published,Not yet published,Not yet published
2026,1,Montana,Quarterly Establishments,63172,Not yet published,Not yet published,Not yet published,Not yet published,Not yet published
2026,1,Montana,January Employment,503674,Not yet published,Not yet published,Not yet published,Not yet published,Not yet published
2026,1,Montana,February Employment,505444,Not yet published,Not yet published,Not yet published,Not yet published,Not yet published
2026,1,Montana,March Employment,506648,Not yet published,Not yet published,Not yet published,Not yet published,Not yet published
2026,1,Montana,Total Quarterly Wages,8073965485,Not yet published,Not yet published,Not yet published,Not yet published,Not yet published
2026,1,Nebraska,Quarterly Establishments,78898,Not yet published,Not yet published,Not yet published,Not yet published,Not yet published
2026,1,Nebraska,January Employment,1004868,Not yet published,Not yet published,Not yet published,Not yet published,Not yet published
2026,1,Nebraska,February Employment,1004373,Not yet published,Not yet published,Not yet published,Not yet published,Not yet published
2026,1,Nebraska,March Employment,1008180,Not yet published,Not yet published,Not yet published,Not yet published,Not yet published
2026,1,Nebraska,Total Quarterly Wages,16652966874,Not yet published,Not yet published,Not yet published,Not yet published,Not yet published
2026,1,Nevada,Quarterly Establishments,112788,Not yet published,Not yet published,Not yet published,Not yet published,Not yet published
2026,1,Nevada,January Employment,1564512,Not yet published,Not yet published,Not yet published,Not yet published,Not yet published
2026,1,Nevada,February Employment,1569034,Not yet published,Not yet published,Not yet published,Not yet published,Not yet published
2026,1,Nevada,March Employment,1575701,Not yet published,Not yet published,Not yet published,Not yet published,Not yet published
2026,1,Nevada,Total Quarterly Wages,28385124691,Not yet published,Not yet published,Not yet published,Not yet published,Not yet published
2026,1,New Hampshire,Quarterly Establishments,66121,Not yet published,Not yet published,Not yet published,Not yet published,Not yet published
2026,1,New Hampshire,January Employment,677330,Not yet published,Not yet published,Not yet published,Not yet published,Not yet published
2026,1,New Hampshire,February Employment,675121,Not yet published,Not yet published,Not yet published,Not yet published,Not yet published
2026,1,New Hampshire,March Employment,674990,Not yet published,Not yet published,Not yet published,Not yet published,Not yet published
2026,1,New Hampshire,Total Quarterly Wages,14553056746,Not yet published,Not yet published,Not yet published,Not yet published,Not yet published
2026,1,New Jersey,Quarterly Establishments,343397,Not yet published,Not yet published,Not yet published,Not yet published,Not yet published
2026,1,New Jersey,January Employment,4229005,Not yet published,Not yet published,Not yet published,Not yet published,Not yet published
2026,1,New Jersey,February Employment,4220109,Not yet published,Not yet published,Not yet published,Not yet published,Not yet published
2026,1,New Jersey,March Employment,4247817,Not yet published,Not yet published,Not yet published,Not yet published,Not yet published
2026,1,New Jersey,Total Quarterly Wages,103376780832,Not yet published,Not yet published,Not yet published,Not yet published,Not yet published
2026,1,New Mexico,Quarterly Establishments,67081,Not yet published,Not yet published,Not yet published,Not yet published,Not yet published
2026,1,New Mexico,January Employment,865039,Not yet published,Not yet published,Not yet published,Not yet published,Not yet published
2026,1,New Mexico,February Employment,868545,Not yet published,Not yet published,Not yet published,Not yet published,Not yet published
2026,1,New Mexico,March Employment,867405,Not yet published,Not yet published,Not yet published,Not yet published,Not yet published
2026,1,New Mexico,Total Quarterly Wages,13916247059,Not yet published,Not yet published,Not yet published,Not yet published,Not yet published
2026,1,New York,Quarterly Establishments,710513,Not yet published,Not yet published,Not yet published,Not yet published,Not yet published
2026,1,New York,January Employment,9677289,Not yet published,Not yet published,Not yet published,Not yet published,Not yet published
2026,1,New York,February Employment,9696962,Not yet published,Not yet published,Not yet published,Not yet published,Not yet published
2026,1,New York,March Employment,9743576,Not yet published,Not yet published,Not yet published,Not yet published,Not yet published
2026,1,New York,Total Quarterly Wages,298129500043,Not yet published,Not yet published,Not yet published,Not yet published,Not yet published
2026,1,North Carolina,Quarterly Establishments,375319,Not yet published,Not yet published,Not yet published,Not yet published,Not yet published
2026,1,North Carolina,January Employment,4924495,Not yet published,Not yet published,Not yet published,Not yet published,Not yet published
2026,1,North Carolina,February Employment,4930135,Not yet published,Not yet published,Not yet published,Not yet published,Not yet published
2026,1,North Carolina,March Employment,4942709,Not yet published,Not yet published,Not yet published,Not yet published,Not yet published
2026,1,North Carolina,Total Quarterly Wages,97162216239,Not yet published,Not yet published,Not yet published,Not yet published,Not yet published
2026,1,North Dakota,Quarterly Establishments,36905,Not yet published,Not yet published,Not yet published,Not yet published,Not yet published
2026,1,North Dakota,January Employment,420188,Not yet published,Not yet published,Not yet published,Not yet published,Not yet published
2026,1,North Dakota,February Employment,420000,Not yet published,Not yet published,Not yet published,Not yet published,Not yet published
2026,1,North Dakota,March Employment,420702,Not yet published,Not yet published,Not yet published,Not yet published,Not yet published
2026,1,North Dakota,Total Quarterly Wages,7284484980,Not yet published,Not yet published,Not yet published,Not yet published,Not yet published
2026,1,Ohio,Quarterly Establishments,344589,Not yet published,Not yet published,Not yet published,Not yet published,Not yet published
2026,1,Ohio,January Employment,5445086,Not yet published,Not yet published,Not yet published,Not yet published,Not yet published
2026,1,Ohio,February Employment,5439760,Not yet published,Not yet published,Not yet published,Not yet published,Not yet published
2026,1,Ohio,March Employment,5458346,Not yet published,Not yet published,Not yet published,Not yet published,Not yet published
2026,1,Ohio,Total Quarterly Wages,100358126470,Not yet published,Not yet published,Not yet published,Not yet published,Not yet published
2026,1,Oklahoma,Quarterly Establishments,130200,Not yet published,Not yet published,Not yet published,Not yet published,Not yet published
2026,1,Oklahoma,January Employment,1692094,Not yet published,Not yet published,Not yet published,Not yet published,Not yet published
2026,1,Oklahoma,February Employment,1696433,Not yet published,Not yet published,Not yet published,Not yet published,Not yet published
2026,1,Oklahoma,March Employment,1700570,Not yet published,Not yet published,Not yet published,Not yet published,Not yet published
2026,1,Oklahoma,Total Quarterly Wages,27245005100,Not yet published,Not yet published,Not yet published,Not yet published,Not yet published
2026,1,Oregon,Quarterly Establishments,173451,Not yet published,Not yet published,Not yet published,Not yet published,Not yet published
2026,1,Oregon,January Employment,1946742,Not yet published,Not yet published,Not yet published,Not yet published,Not yet published
2026,1,Oregon,February Employment,1949781,Not yet published,Not yet published,Not yet published,Not yet published,Not yet published
2026,1,Oregon,March Employment,1952327,Not yet published,Not yet published,Not yet published,Not yet published,Not yet published
2026,1,Oregon,Total Quarterly Wages,37527438193,Not yet published,Not yet published,Not yet published,Not yet published,Not yet published
2026,1,Pennsylvania,Quarterly Establishments,394057,Not yet published,Not yet published,Not yet published,Not yet published,Not yet published
2026,1,Pennsylvania,January Employment,5982166,Not yet published,Not yet published,Not yet published,Not yet published,Not yet published
2026,1,Pennsylvania,February Employment,5956173,Not yet published,Not yet published,Not yet published,Not yet published,Not yet published
2026,1,Pennsylvania,March Employment,6002061,Not yet published,Not yet published,Not yet published,Not yet published,Not yet published
2026,1,Pennsylvania,Total Quarterly Wages,120493124920,Not yet published,Not yet published,Not yet published,Not yet published,Not yet published
2026,1,Rhode Island,Quarterly Establishments,49057,Not yet published,Not yet published,Not yet published,Not yet published,Not yet published
2026,1,Rhode Island,January Employment,485272,Not yet published,Not yet published,Not yet published,Not yet published,Not yet published
2026,1,Rhode Island,February Employment,484745,Not yet published,Not yet published,Not yet published,Not yet published,Not yet published
2026,1,Rhode Island,March Employment,486940,Not yet published,Not yet published,Not yet published,Not yet published,Not yet published
2026,1,Rhode Island,Total Quarterly Wages,9387973848,Not yet published,Not yet published,Not yet published,Not yet published,Not yet published
2026,1,South Carolina,Quarterly Establishments,193065,Not yet published,Not yet published,Not yet published,Not yet published,Not yet published
2026,1,South Carolina,January Employment,2309006,Not yet published,Not yet published,Not yet published,Not yet published,Not yet published
2026,1,South Carolina,February Employment,2316733,Not yet published,Not yet published,Not yet published,Not yet published,Not yet published
2026,1,South Carolina,March Employment,2326599,Not yet published,Not yet published,Not yet published,Not yet published,Not yet published
2026,1,South Carolina,Total Quarterly Wages,39059060533,Not yet published,Not yet published,Not yet published,Not yet published,Not yet published
2026,1,South Dakota,Quarterly Establishments,41117,Not yet published,Not yet published,Not yet published,Not yet published,Not yet published
2026,1,South Dakota,January Employment,448683,Not yet published,Not yet published,Not yet published,Not yet published,Not yet published
2026,1,South Dakota,February Employment,448865,Not yet published,Not yet published,Not yet published,Not yet published,Not yet published
2026,1,South Dakota,March Employment,451691,Not yet published,Not yet published,Not yet published,Not yet published,Not yet published
2026,1,South Dakota,Total Quarterly Wages,7080460641,Not yet published,Not yet published,Not yet published,Not yet published,Not yet published
2026,1,Tennessee,Quarterly Establishments,228118,Not yet published,Not yet published,Not yet published,Not yet published,Not yet published
2026,1,Tennessee,January Employment,3239893,Not yet published,Not yet published,Not yet published,Not yet published,Not yet published
2026,1,Tennessee,February Employment,3244957,Not yet published,Not yet published,Not yet published,Not yet published,Not yet published
2026,1,Tennessee,March Employment,3254064,Not yet published,Not yet published,Not yet published,Not yet published,Not yet published
2026,1,Tennessee,Total Quarterly Wages,60193886359,Not yet published,Not yet published,Not yet published,Not yet published,Not yet published
2026,1,Texas,Quarterly Establishments,868766,Not yet published,Not yet published,Not yet published,Not yet published,Not yet published
2026,1,Texas,January Employment,14062638,Not yet published,Not yet published,Not yet published,Not yet published,Not yet published
2026,1,Texas,February Employment,14111186,Not yet published,Not yet published,Not yet published,Not yet published,Not yet published
2026,1,Texas,March Employment,14124564,Not yet published,Not yet published,Not yet published,Not yet published,Not yet published
2026,1,Texas,Total Quarterly Wages,301740936428,Not yet published,Not yet published,Not yet published,Not yet published,Not yet published
2026,1,Utah,Quarterly Establishments,140599,Not yet published,Not yet published,Not yet published,Not yet published,Not yet published
2026,1,Utah,January Employment,1726493,Not yet published,Not yet published,Not yet published,Not yet published,Not yet published
2026,1,Utah,February Employment,1733638,Not yet published,Not yet published,Not yet published,Not yet published,Not yet published
2026,1,Utah,March Employment,1737775,Not yet published,Not yet published,Not yet published,Not yet published,Not yet published
2026,1,Utah,Total Quarterly Wages,31879113499,Not yet published,Not yet published,Not yet published,Not yet published,Not yet published
2026,1,Vermont,Quarterly Establishments,33374,Not yet published,Not yet published,Not yet published,Not yet published,Not yet published
2026,1,Vermont,January Employment,306473,Not yet published,Not yet published,Not yet published,Not yet published,Not yet published
2026,1,Vermont,February Employment,305521,Not yet published,Not yet published,Not yet published,Not yet published,Not yet published
2026,1,Vermont,March Employment,304184,Not yet published,Not yet published,Not yet published,Not yet published,Not yet published
2026,1,Vermont,Total Quarterly Wages,5248815424,Not yet published,Not yet published,Not yet published,Not yet published,Not yet published
2026,1,Virginia,Quarterly Establishments,324758,Not yet published,Not yet published,Not yet published,Not yet published,Not yet published
2026,1,Virginia,January Employment,4102518,Not yet published,Not yet published,Not yet published,Not yet published,Not yet published
2026,1,Virginia,February Employment,4097374,Not yet published,Not yet published,Not yet published,Not yet published,Not yet published
2026,1,Virginia,March Employment,4118739,Not yet published,Not yet published,Not yet published,Not yet published,Not yet published
2026,1,Virginia,Total Quarterly Wages,88853169282,Not yet published,Not yet published,Not yet published,Not yet published,Not yet published
2026,1,Washington,Quarterly Establishments,240584,Not yet published,Not yet published,Not yet published,Not yet published,Not yet published
2026,1,Washington,January Employment,3543297,Not yet published,Not yet published,Not yet published,Not yet published,Not yet published
2026,1,Washington,February Employment,3547749,Not yet published,Not yet published,Not yet published,Not yet published,Not yet published
2026,1,Washington,March Employment,3558558,Not yet published,Not yet published,Not yet published,Not yet published,Not yet published
2026,1,Washington,Total Quarterly Wages,92195059280,Not yet published,Not yet published,Not yet published,Not yet published,Not yet published
2026,1,West Virginia,Quarterly Establishments,62989,Not yet published,Not yet published,Not yet published,Not yet published,Not yet published
2026,1,West Virginia,January Employment,687951,Not yet published,Not yet published,Not yet published,Not yet published,Not yet published
2026,1,West Virginia,February Employment,687672,Not yet published,Not yet published,Not yet published,Not yet published,Not yet published
2026,1,West Virginia,March Employment,693317,Not yet published,Not yet published,Not yet published,Not yet published,Not yet published
2026,1,West Virginia,Total Quarterly Wages,10651918351,Not yet published,Not yet published,Not yet published,Not yet published,Not yet published
2026,1,Wisconsin,Quarterly Establishments,207977,Not yet published,Not yet published,Not yet published,Not yet published,Not yet published
2026,1,Wisconsin,January Employment,2901980,Not yet published,Not yet published,Not yet published,Not yet published,Not yet published
2026,1,Wisconsin,February Employment,2898253,Not yet published,Not yet published,Not yet published,Not yet published,Not yet published
2026,1,Wisconsin,March Employment,2902580,Not yet published,Not yet published,Not yet published,Not yet published,Not yet published
2026,1,Wisconsin,Total Quarterly Wages,51017035364,Not yet published,Not yet published,Not yet published,Not yet published,Not yet published
2026,1,Wyoming,Quarterly Establishments,31811,Not yet published,Not yet published,Not yet published,Not yet published,Not yet published
2026,1,Wyoming,January Employment,273111,Not yet published,Not yet published,Not yet published,Not yet published,Not yet published
2026,1,Wyoming,February Employment,274417,Not yet published,Not yet published,Not yet published,Not yet published,Not yet published
2026,1,Wyoming,March Employment,275190,Not yet published,Not yet published,Not yet published,Not yet published,Not yet published
2026,1,Wyoming,Total Quarterly Wages,4588167418,Not yet published,Not yet published,Not yet published,Not yet published,Not yet published
2026,1,Puerto Rico,Quarterly Establishments,52890,Not yet published,Not yet published,Not yet published,Not yet published,Not yet published
2026,1,Puerto Rico,January Employment,935430,Not yet published,Not yet published,Not yet published,Not yet published,Not yet published
2026,1,Puerto Rico,February Employment,938971,Not yet published,Not yet published,Not yet published,Not yet published,Not yet published
2026,1,Puerto Rico,March Employment,944473,Not yet published,Not yet published,Not yet published,Not yet published,Not yet published
2026,1,Puerto Rico,Total Quarterly Wages,8837804365,Not yet published,Not yet published,Not yet published,Not yet published,Not yet published
2026,1,Virgin Islands,Quarterly Establishments,2933,Not yet published,Not yet published,Not yet published,Not yet published,Not yet published
2026,1,Virgin Islands,January Employment,34357,Not yet published,Not yet published,Not yet published,Not yet published,Not yet published
2026,1,Virgin Islands,February Employment,34800,Not yet published,Not yet published,Not yet published,Not yet published,Not yet published
2026,1,Virgin Islands,March Employment,34902,Not yet published,Not yet published,Not yet published,Not yet published,Not yet published
2026,1,Virgin Islands,Total Quarterly Wages,475490314,Not yet published,Not yet published,Not yet published,Not yet published,Not yet published
